INJECTOR,PRODUCER,ALLOCATION,TAU,TAUP,PRODUCTIVITY,LO,MODEL,ID,R2,BIAS_RATIO,CORRELATION,VARIANCE_RATIO,QUALITY_SCORE,SUBZONE
BG-1639_I,BG-2016_P,0.0034721347136503072,10.293859381822063,34.41170749445682,0.0,1.1947100805573898,OneLayerCRMPSingleConstrained,0,-2.4779594406282315,0.9617709966564547,0.13759869238543704,1.659276396848088,0.3845299364091892,ALLWARA
BG-1799_I,BG-2016_P,0.04987312828817098,10.293859381822063,34.41170749445682,0.0,1.1947100805573898,OneLayerCRMPSingleConstrained,1,-2.4779594406282315,0.9617709966564547,0.13759869238543704,1.659276396848088,0.3845299364091892,ALLWARA
BG-1801_I,BG-2016_P,0.11108872061623924,10.293859381822063,34.41170749445682,0.0,1.1947100805573898,OneLayerCRMPSingleConstrained,2,-2.4779594406282315,0.9617709966564547,0.13759869238543704,1.659276396848088,0.3845299364091892,ALLWARA
BG-1957_I,BG-2016_P,6.188311662031479e-06,10.293859381822063,34.41170749445682,0.0,1.1947100805573898,OneLayerCRMPSingleConstrained,3,-2.4779594406282315,0.9617709966564547,0.13759869238543704,1.659276396848088,0.3845299364091892,ALLWARA
BG-1639_I,BG-2031_P,0.0033762202505028243,48.684777049674985,1.0,0.0,1.0000000149011612,OneLayerCRMPSingleConstrained,4,0.29390315574876047,0.2087984823978016,0.9971215043971445,0.20799776499249384,0.4131180602007595,ALLWARA
BG-1799_I,BG-2031_P,0.00013649579720795225,48.684777049674985,1.0,0.0,1.0000000149011612,OneLayerCRMPSingleConstrained,5,0.29390315574876047,0.2087984823978016,0.9971215043971445,0.20799776499249384,0.4131180602007595,ALLWARA
BG-1801_I,BG-2031_P,4.724772111817449e-05,48.684777049674985,1.0,0.0,1.0000000149011612,OneLayerCRMPSingleConstrained,6,0.29390315574876047,0.2087984823978016,0.9971215043971445,0.20799776499249384,0.4131180602007595,ALLWARA
BG-1957_I,BG-2031_P,0.9975150827926721,48.684777049674985,1.0,0.0,1.0000000149011612,OneLayerCRMPSingleConstrained,7,0.29390315574876047,0.2087984823978016,0.9971215043971445,0.20799776499249384,0.4131180602007595,ALLWARA
BG-1639_I,BG-1632_P,0.003508935725513007,17.635852194377602,48.82286930974614,0.0,0.8920382056349921,OneLayerCRMPSingleConstrained,8,-0.4934934579329642,0.9834591264618411,0.014263629782330901,0.7022738763859723,0.3319869081383857,ALLWARA
BG-1799_I,BG-1632_P,0.028567019894823558,17.635852194377602,48.82286930974614,0.0,0.8920382056349921,OneLayerCRMPSingleConstrained,9,-0.4934934579329642,0.9834591264618411,0.014263629782330901,0.7022738763859723,0.3319869081383857,ALLWARA
BG-1801_I,BG-1632_P,0.3376585268320233,17.635852194377602,48.82286930974614,0.0,0.8920382056349921,OneLayerCRMPSingleConstrained,10,-0.4934934579329642,0.9834591264618411,0.014263629782330901,0.7022738763859723,0.3319869081383857,ALLWARA
BG-2199ST1_I,BG-1632_P,0.0019919922156015554,17.635852194377602,48.82286930974614,0.0,0.8920382056349921,OneLayerCRMPSingleConstrained,11,-0.4934934579329642,0.9834591264618411,0.014263629782330901,0.7022738763859723,0.3319869081383857,ALLWARA
BG-2200_I,BG-1632_P,0.011691672569171484,17.635852194377602,48.82286930974614,0.0,0.8920382056349921,OneLayerCRMPSingleConstrained,12,-0.4934934579329642,0.9834591264618411,0.014263629782330901,0.7022738763859723,0.3319869081383857,ALLWARA
BG-1639_I,BG-1949_P,0.00315801431628556,1.6236336269579126,20.67926965630175,0.0,1.3050057847902976,OneLayerCRMPSingleConstrained,13,0.9226177042453659,0.9676230733749929,0.9614338596336054,0.9890279366052176,0.9660431999488672,ALLWARA
BG-1791ST1_I,BG-1949_P,0.0017992911734632522,1.6236336269579126,20.67926965630175,0.0,1.3050057847902976,OneLayerCRMPSingleConstrained,14,0.9226177042453659,0.9676230733749929,0.9614338596336054,0.9890279366052176,0.9660431999488672,ALLWARA
BG-1799_I,BG-1949_P,3.11891242586808e-05,1.6236336269579126,20.67926965630175,0.0,1.3050057847902976,OneLayerCRMPSingleConstrained,15,0.9226177042453659,0.9676230733749929,0.9614338596336054,0.9890279366052176,0.9660431999488672,ALLWARA
BG-1801_I,BG-1949_P,0.00039789600599959905,1.6236336269579126,20.67926965630175,0.0,1.3050057847902976,OneLayerCRMPSingleConstrained,16,0.9226177042453659,0.9676230733749929,0.9614338596336054,0.9890279366052176,0.9660431999488672,ALLWARA
BG-1957_I,BG-1949_P,6.136212935958679e-06,1.6236336269579126,20.67926965630175,0.0,1.3050057847902976,OneLayerCRMPSingleConstrained,17,0.9226177042453659,0.9676230733749929,0.9614338596336054,0.9890279366052176,0.9660431999488672,ALLWARA
BG-2200_I,BG-1949_P,4.8201999415298756e-06,1.6236336269579126,20.67926965630175,0.0,1.3050057847902976,OneLayerCRMPSingleConstrained,18,0.9226177042453659,0.9676230733749929,0.9614338596336054,0.9890279366052176,0.9660431999488672,ALLWARA
BG-1514_I,BG-1798_P,0.20065183521114915,9.064919842579211,50.0,9.23356666477661e-15,1.0047881939475016,OneLayerCRMPSingleConstrained,19,0.8855122830139504,0.9958692648665017,0.9447407810440633,0.8636389281665406,0.9430682504684736,ALLWARA
BG-1517_I,BG-1798_P,0.0035901873309281585,9.064919842579211,50.0,9.23356666477661e-15,1.0047881939475016,OneLayerCRMPSingleConstrained,20,0.8855122830139504,0.9958692648665017,0.9447407810440633,0.8636389281665406,0.9430682504684736,ALLWARA
BG-1639_I,BG-1798_P,0.0035832424080123725,9.064919842579211,50.0,9.23356666477661e-15,1.0047881939475016,OneLayerCRMPSingleConstrained,21,0.8855122830139504,0.9958692648665017,0.9447407810440633,0.8636389281665406,0.9430682504684736,ALLWARA
BG-1791ST1_I,BG-1798_P,0.004446155607793589,9.064919842579211,50.0,9.23356666477661e-15,1.0047881939475016,OneLayerCRMPSingleConstrained,22,0.8855122830139504,0.9958692648665017,0.9447407810440633,0.8636389281665406,0.9430682504684736,ALLWARA
BG-1799_I,BG-1798_P,0.8495470308409595,9.064919842579211,50.0,9.23356666477661e-15,1.0047881939475016,OneLayerCRMPSingleConstrained,23,0.8855122830139504,0.9958692648665017,0.9447407810440633,0.8636389281665406,0.9430682504684736,ALLWARA
BG-1801_I,BG-1798_P,0.5317714388812012,9.064919842579211,50.0,9.23356666477661e-15,1.0047881939475016,OneLayerCRMPSingleConstrained,24,0.8855122830139504,0.9958692648665017,0.9447407810440633,0.8636389281665406,0.9430682504684736,ALLWARA
BG-2199ST1_I,BG-1798_P,0.0021277396221301864,9.064919842579211,50.0,9.23356666477661e-15,1.0047881939475016,OneLayerCRMPSingleConstrained,25,0.8855122830139504,0.9958692648665017,0.9447407810440633,0.8636389281665406,0.9430682504684736,ALLWARA
BG-2200_I,BG-1798_P,0.7845106360815897,9.064919842579211,50.0,9.23356666477661e-15,1.0047881939475016,OneLayerCRMPSingleConstrained,26,0.8855122830139504,0.9958692648665017,0.9447407810440633,0.8636389281665406,0.9430682504684736,ALLWARA
BG-1509_I,BG-1516_P,0.030504543102169147,6.700818273030047,50.0,0.0,1.2968507145727404,OneLayerCRMPSingleConstrained,27,-0.09339978359529755,0.9872764377892362,0.11850553631721766,0.40564332586673485,0.37946518554467634,ALLWARA
BG-1514_I,BG-1516_P,0.7894527620924242,6.700818273030047,50.0,0.0,1.2968507145727404,OneLayerCRMPSingleConstrained,28,-0.09339978359529755,0.9872764377892362,0.11850553631721766,0.40564332586673485,0.37946518554467634,ALLWARA
BG-1517_I,BG-1516_P,0.003357529209699034,6.700818273030047,50.0,0.0,1.2968507145727404,OneLayerCRMPSingleConstrained,29,-0.09339978359529755,0.9872764377892362,0.11850553631721766,0.40564332586673485,0.37946518554467634,ALLWARA
BG-1791ST1_I,BG-1516_P,0.004251856031214198,6.700818273030047,50.0,0.0,1.2968507145727404,OneLayerCRMPSingleConstrained,30,-0.09339978359529755,0.9872764377892362,0.11850553631721766,0.40564332586673485,0.37946518554467634,ALLWARA
BG-1799_I,BG-1516_P,0.059231316756649346,6.700818273030047,50.0,0.0,1.2968507145727404,OneLayerCRMPSingleConstrained,31,-0.09339978359529755,0.9872764377892362,0.11850553631721766,0.40564332586673485,0.37946518554467634,ALLWARA
BG-2199ST1_I,BG-1516_P,0.002142678504281649,6.700818273030047,50.0,0.0,1.2968507145727404,OneLayerCRMPSingleConstrained,32,-0.09339978359529755,0.9872764377892362,0.11850553631721766,0.40564332586673485,0.37946518554467634,ALLWARA
BG-2200_I,BG-1516_P,0.1229914298331967,6.700818273030047,50.0,0.0,1.2968507145727404,OneLayerCRMPSingleConstrained,33,-0.09339978359529755,0.9872764377892362,0.11850553631721766,0.40564332586673485,0.37946518554467634,ALLWARA
BG-1509_I,BG-0976_P,0.397542425670858,0.5,6.660887842414053,1.3697561178523967e-13,1.4,OneLayerCRMPSingleConstrained,34,0.7312615025054034,0.9514660410577799,0.9090870280379482,0.6052903591572111,0.8573154136000163,ALLWARA
BG-1514_I,BG-0976_P,4.850565413217349e-06,0.5,6.660887842414053,1.3697561178523967e-13,1.4,OneLayerCRMPSingleConstrained,35,0.7312615025054034,0.9514660410577799,0.9090870280379482,0.6052903591572111,0.8573154136000163,ALLWARA
BG-1517_I,BG-0976_P,0.001319823851916545,0.5,6.660887842414053,1.3697561178523967e-13,1.4,OneLayerCRMPSingleConstrained,36,0.7312615025054034,0.9514660410577799,0.9090870280379482,0.6052903591572111,0.8573154136000163,ALLWARA
BG-2199ST1_I,BG-0976_P,0.4336762688664106,0.5,6.660887842414053,1.3697561178523967e-13,1.4,OneLayerCRMPSingleConstrained,37,0.7312615025054034,0.9514660410577799,0.9090870280379482,0.6052903591572111,0.8573154136000163,ALLWARA
BG-2200_I,BG-0976_P,0.0008809289896959754,0.5,6.660887842414053,1.3697561178523967e-13,1.4,OneLayerCRMPSingleConstrained,38,0.7312615025054034,0.9514660410577799,0.9090870280379482,0.6052903591572111,0.8573154136000163,ALLWARA
BG-1514_I,BG-1518_P,4.851855651403091e-06,1.8372721697574779,31.683445407880864,0.0,1.088404999989061,OneLayerCRMPSingleConstrained,39,0.8064433345019149,1.0113101320344793,0.9089317854397813,0.7709168329790058,0.904934169142339,ALLWARA
BG-1517_I,BG-1518_P,0.008523610149878647,1.8372721697574779,31.683445407880864,0.0,1.088404999989061,OneLayerCRMPSingleConstrained,40,0.8064433345019149,1.0113101320344793,0.9089317854397813,0.7709168329790058,0.904934169142339,ALLWARA
BG-1636ST1_I,BG-1518_P,0.0013403896425101805,1.8372721697574779,31.683445407880864,0.0,1.088404999989061,OneLayerCRMPSingleConstrained,41,0.8064433345019149,1.0113101320344793,0.9089317854397813,0.7709168329790058,0.904934169142339,ALLWARA
BG-1791ST1_I,BG-1518_P,0.003616027102531031,1.8372721697574779,31.683445407880864,0.0,1.088404999989061,OneLayerCRMPSingleConstrained,42,0.8064433345019149,1.0113101320344793,0.9089317854397813,0.7709168329790058,0.904934169142339,ALLWARA
BG-1799_I,BG-1518_P,3.126437163631419e-05,1.8372721697574779,31.683445407880864,0.0,1.088404999989061,OneLayerCRMPSingleConstrained,43,0.8064433345019149,1.0113101320344793,0.9089317854397813,0.7709168329790058,0.904934169142339,ALLWARA
BG-1894ST1_I,BG-1518_P,0.5881562134415464,1.8372721697574779,31.683445407880864,0.0,1.088404999989061,OneLayerCRMPSingleConstrained,44,0.8064433345019149,1.0113101320344793,0.9089317854397813,0.7709168329790058,0.904934169142339,ALLWARA
BG-2199ST1_I,BG-1518_P,0.0014650385616575034,1.8372721697574779,31.683445407880864,0.0,1.088404999989061,OneLayerCRMPSingleConstrained,45,0.8064433345019149,1.0113101320344793,0.9089317854397813,0.7709168329790058,0.904934169142339,ALLWARA
BG-2200_I,BG-1518_P,4.8201999415298756e-06,1.8372721697574779,31.683445407880864,0.0,1.088404999989061,OneLayerCRMPSingleConstrained,46,0.8064433345019149,1.0113101320344793,0.9089317854397813,0.7709168329790058,0.904934169142339,ALLWARA
BG-1514_I,BG-1584_P,4.852383824319423e-06,4.7393590685636156,11.83758680115755,1.961423553261751e-15,1.0594707681313336,OneLayerCRMPSingleConstrained,47,0.16223298605867742,0.9774832215135962,0.4440902192298895,0.6116302043950991,0.607091206302284,ALLWARA
BG-1517_I,BG-1584_P,0.30114082455700275,4.7393590685636156,11.83758680115755,1.961423553261751e-15,1.0594707681313336,OneLayerCRMPSingleConstrained,48,0.16223298605867742,0.9774832215135962,0.4440902192298895,0.6116302043950991,0.607091206302284,ALLWARA
BG-1636ST1_I,BG-1584_P,5.914331699293265e-06,4.7393590685636156,11.83758680115755,1.961423553261751e-15,1.0594707681313336,OneLayerCRMPSingleConstrained,49,0.16223298605867742,0.9774832215135962,0.4440902192298895,0.6116302043950991,0.607091206302284,ALLWARA
BG-1786_I,BG-1584_P,6.5106668663034e-06,4.7393590685636156,11.83758680115755,1.961423553261751e-15,1.0594707681313336,OneLayerCRMPSingleConstrained,50,0.16223298605867742,0.9774832215135962,0.4440902192298895,0.6116302043950991,0.607091206302284,ALLWARA
BG-1787_I,BG-1584_P,6.566660116364858e-06,4.7393590685636156,11.83758680115755,1.961423553261751e-15,1.0594707681313336,OneLayerCRMPSingleConstrained,51,0.16223298605867742,0.9774832215135962,0.4440902192298895,0.6116302043950991,0.607091206302284,ALLWARA
BG-1791ST1_I,BG-1584_P,0.016819070482236,4.7393590685636156,11.83758680115755,1.961423553261751e-15,1.0594707681313336,OneLayerCRMPSingleConstrained,52,0.16223298605867742,0.9774832215135962,0.4440902192298895,0.6116302043950991,0.607091206302284,ALLWARA
BG-1792_I,BG-1584_P,0.0058366981272532405,4.7393590685636156,11.83758680115755,1.961423553261751e-15,1.0594707681313336,OneLayerCRMPSingleConstrained,53,0.16223298605867742,0.9774832215135962,0.4440902192298895,0.6116302043950991,0.607091206302284,ALLWARA
BG-1894ST1_I,BG-1584_P,0.408525110963599,4.7393590685636156,11.83758680115755,1.961423553261751e-15,1.0594707681313336,OneLayerCRMPSingleConstrained,54,0.16223298605867742,0.9774832215135962,0.4440902192298895,0.6116302043950991,0.607091206302284,ALLWARA
BG-2200_I,BG-1584_P,0.07796626447971644,4.7393590685636156,11.83758680115755,1.961423553261751e-15,1.0594707681313336,OneLayerCRMPSingleConstrained,55,0.16223298605867742,0.9774832215135962,0.4440902192298895,0.6116302043950991,0.607091206302284,ALLWARA
BG-1509_I,BG-2201_P,9.154218849597494e-06,0.5,1.0,0.0,1.0000000149011612,OneLayerCRMPSingleConstrained,56,0.8135269981000858,1.0620628904813312,0.905610001973844,0.9731249027729468,0.9237451612609383,ALLWARA
BG-1513ST1_I,BG-2201_P,0.00012725574492103336,0.5,1.0,0.0,1.0000000149011612,OneLayerCRMPSingleConstrained,57,0.8135269981000858,1.0620628904813312,0.905610001973844,0.9731249027729468,0.9237451612609383,ALLWARA
BG-1514_I,BG-2201_P,0.007919138996369625,0.5,1.0,0.0,1.0000000149011612,OneLayerCRMPSingleConstrained,58,0.8135269981000858,1.0620628904813312,0.905610001973844,0.9731249027729468,0.9237451612609383,ALLWARA
BG-1517_I,BG-2201_P,0.0016524963365786148,0.5,1.0,0.0,1.0000000149011612,OneLayerCRMPSingleConstrained,59,0.8135269981000858,1.0620628904813312,0.905610001973844,0.9731249027729468,0.9237451612609383,ALLWARA
BG-1636ST1_I,BG-2201_P,5.9143310424556106e-06,0.5,1.0,0.0,1.0000000149011612,OneLayerCRMPSingleConstrained,60,0.8135269981000858,1.0620628904813312,0.905610001973844,0.9731249027729468,0.9237451612609383,ALLWARA
BG-1791ST1_I,BG-2201_P,0.32661478736324806,0.5,1.0,0.0,1.0000000149011612,OneLayerCRMPSingleConstrained,61,0.8135269981000858,1.0620628904813312,0.905610001973844,0.9731249027729468,0.9237451612609383,ALLWARA
BG-1792_I,BG-2201_P,0.0028393751102695278,0.5,1.0,0.0,1.0000000149011612,OneLayerCRMPSingleConstrained,62,0.8135269981000858,1.0620628904813312,0.905610001973844,0.9731249027729468,0.9237451612609383,ALLWARA
BG-1894ST1_I,BG-2201_P,1.8236157045251918e-05,0.5,1.0,0.0,1.0000000149011612,OneLayerCRMPSingleConstrained,63,0.8135269981000858,1.0620628904813312,0.905610001973844,0.9731249027729468,0.9237451612609383,ALLWARA
BG-2200_I,BG-2201_P,4.8201999415298756e-06,0.5,1.0,0.0,1.0000000149011612,OneLayerCRMPSingleConstrained,64,0.8135269981000858,1.0620628904813312,0.905610001973844,0.9731249027729468,0.9237451612609383,ALLWARA
BG-1786_I,BG-1806_P,6.5106668663034e-06,49.992893934972855,13.888275770094149,0.0,1.2688426339563448,OneLayerCRMPSingleConstrained,65,0.9436225524665806,0.9606559995551401,0.9722153816588325,1.0006877668917666,0.9676887291081578,ALLWARA
BG-1787_I,BG-1806_P,6.554902965788558e-06,49.992893934972855,13.888275770094149,0.0,1.2688426339563448,OneLayerCRMPSingleConstrained,66,0.9436225524665806,0.9606559995551401,0.9722153816588325,1.0006877668917666,0.9676887291081578,ALLWARA
BG-1792_I,BG-1806_P,0.0024423033162853888,49.992893934972855,13.888275770094149,0.0,1.2688426339563448,OneLayerCRMPSingleConstrained,67,0.9436225524665806,0.9606559995551401,0.9722153816588325,1.0006877668917666,0.9676887291081578,ALLWARA
BG-1893_I,BG-1806_P,7.631602414801857e-06,49.992893934972855,13.888275770094149,0.0,1.2688426339563448,OneLayerCRMPSingleConstrained,68,0.9436225524665806,0.9606559995551401,0.9722153816588325,1.0006877668917666,0.9676887291081578,ALLWARA
BG-1894ST1_I,BG-1806_P,4.383351964478914e-06,49.992893934972855,13.888275770094149,0.0,1.2688426339563448,OneLayerCRMPSingleConstrained,69,0.9436225524665806,0.9606559995551401,0.9722153816588325,1.0006877668917666,0.9676887291081578,ALLWARA
BG-1269_I,BG-1955_P,5.357821671096823e-05,7.720572057448094,6.584139824572461,0.0,1.2177382875031273,OneLayerCRMPSingleConstrained,70,-20.931127314190682,0.8363087724637515,0.7579757395468317,4.373153528768131,-0.0845428645946602,ALLWARA
BG-1271_I,BG-1955_P,1.948434239125685e-05,7.720572057448094,6.584139824572461,0.0,1.2177382875031273,OneLayerCRMPSingleConstrained,71,-20.931127314190682,0.8363087724637515,0.7579757395468317,4.373153528768131,-0.0845428645946602,ALLWARA
BG-1509_I,BG-1955_P,0.5682508015422616,7.720572057448094,6.584139824572461,0.0,1.2177382875031273,OneLayerCRMPSingleConstrained,72,-20.931127314190682,0.8363087724637515,0.7579757395468317,4.373153528768131,-0.0845428645946602,ALLWARA
BG-1513ST1_I,BG-1955_P,5.816560420827329e-06,7.720572057448094,6.584139824572461,0.0,1.2177382875031273,OneLayerCRMPSingleConstrained,73,-20.931127314190682,0.8363087724637515,0.7579757395468317,4.373153528768131,-0.0845428645946602,ALLWARA
BG-1514_I,BG-1955_P,4.851142756270255e-06,7.720572057448094,6.584139824572461,0.0,1.2177382875031273,OneLayerCRMPSingleConstrained,74,-20.931127314190682,0.8363087724637515,0.7579757395468317,4.373153528768131,-0.0845428645946602,ALLWARA
BG-1517_I,BG-1955_P,0.004779360336263491,7.720572057448094,6.584139824572461,0.0,1.2177382875031273,OneLayerCRMPSingleConstrained,75,-20.931127314190682,0.8363087724637515,0.7579757395468317,4.373153528768131,-0.0845428645946602,ALLWARA
BG-1636ST1_I,BG-1955_P,5.915296787845962e-06,7.720572057448094,6.584139824572461,0.0,1.2177382875031273,OneLayerCRMPSingleConstrained,76,-20.931127314190682,0.8363087724637515,0.7579757395468317,4.373153528768131,-0.0845428645946602,ALLWARA
BG-1896_I,BG-1955_P,0.004023954584252407,7.720572057448094,6.584139824572461,0.0,1.2177382875031273,OneLayerCRMPSingleConstrained,77,-20.931127314190682,0.8363087724637515,0.7579757395468317,4.373153528768131,-0.0845428645946602,ALLWARA
BG-1636ST1_I,BG-0301_P,5.91434504690662e-06,1.0461329419016387,1.0,0.0,1.0000000149011612,OneLayerCRMPSingleConstrained,78,0.9604268111663751,0.9900635464522981,0.9800969475365324,0.9692767015375213,0.9821932265765921,ALLWARA
BG-1786_I,BG-0301_P,6.5106668663034e-06,1.0461329419016387,1.0,0.0,1.0000000149011612,OneLayerCRMPSingleConstrained,79,0.9604268111663751,0.9900635464522981,0.9800969475365324,0.9692767015375213,0.9821932265765921,ALLWARA
BG-1787_I,BG-0301_P,1.1402102700890786e-05,1.0461329419016387,1.0,0.0,1.0000000149011612,OneLayerCRMPSingleConstrained,80,0.9604268111663751,0.9900635464522981,0.9800969475365324,0.9692767015375213,0.9821932265765921,ALLWARA
BG-1792_I,BG-0301_P,0.0026074435464229053,1.0461329419016387,1.0,0.0,1.0000000149011612,OneLayerCRMPSingleConstrained,81,0.9604268111663751,0.9900635464522981,0.9800969475365324,0.9692767015375213,0.9821932265765921,ALLWARA
BG-1893_I,BG-0301_P,0.47619688810098765,1.0461329419016387,1.0,0.0,1.0000000149011612,OneLayerCRMPSingleConstrained,82,0.9604268111663751,0.9900635464522981,0.9800969475365324,0.9692767015375213,0.9821932265765921,ALLWARA
BG-1894ST1_I,BG-0301_P,4.383351964478914e-06,1.0461329419016387,1.0,0.0,1.0000000149011612,OneLayerCRMPSingleConstrained,83,0.9604268111663751,0.9900635464522981,0.9800969475365324,0.9692767015375213,0.9821932265765921,ALLWARA
BG-1271_I,BG-0766_P,1.9469815857889137e-05,1.07354141507173,19.540952826829677,0.0,0.3536657149905134,OneLayerCRMPSingleConstrained,84,0.9571743982485277,0.9790655910893185,0.9784746296867465,0.9685490512271928,0.9775359801577274,ALLWARA
BG-1517_I,BG-0766_P,0.0017097483306339738,1.07354141507173,19.540952826829677,0.0,0.3536657149905134,OneLayerCRMPSingleConstrained,85,0.9571743982485277,0.9790655910893185,0.9784746296867465,0.9685490512271928,0.9775359801577274,ALLWARA
BG-1636ST1_I,BG-0766_P,5.914338728900857e-06,1.07354141507173,19.540952826829677,0.0,0.3536657149905134,OneLayerCRMPSingleConstrained,86,0.9571743982485277,0.9790655910893185,0.9784746296867465,0.9685490512271928,0.9775359801577274,ALLWARA
BG-1786_I,BG-0766_P,6.5106668663034e-06,1.07354141507173,19.540952826829677,0.0,0.3536657149905134,OneLayerCRMPSingleConstrained,87,0.9571743982485277,0.9790655910893185,0.9784746296867465,0.9685490512271928,0.9775359801577274,ALLWARA
BG-1787_I,BG-0766_P,0.9971481152718873,1.07354141507173,19.540952826829677,0.0,0.3536657149905134,OneLayerCRMPSingleConstrained,88,0.9571743982485277,0.9790655910893185,0.9784746296867465,0.9685490512271928,0.9775359801577274,ALLWARA
BG-1792_I,BG-0766_P,0.0028454269663341606,1.07354141507173,19.540952826829677,0.0,0.3536657149905134,OneLayerCRMPSingleConstrained,89,0.9571743982485277,0.9790655910893185,0.9784746296867465,0.9685490512271928,0.9775359801577274,ALLWARA
BG-1893_I,BG-0766_P,7.703345867772999e-06,1.07354141507173,19.540952826829677,0.0,0.3536657149905134,OneLayerCRMPSingleConstrained,90,0.9571743982485277,0.9790655910893185,0.9784746296867465,0.9685490512271928,0.9775359801577274,ALLWARA
BG-1894ST1_I,BG-0766_P,4.383353351656651e-06,1.07354141507173,19.540952826829677,0.0,0.3536657149905134,OneLayerCRMPSingleConstrained,91,0.9571743982485277,0.9790655910893185,0.9784746296867465,0.9685490512271928,0.9775359801577274,ALLWARA
BG-1269_I,BG-1585_P,0.17321625024396145,2.7430951941494963,0.520118727596859,0.0,0.8634153972901872,OneLayerCRMPSingleConstrained,92,0.399603016001574,1.0066398684795812,0.6584201489804674,0.8400739395426002,0.7653043852230705,ALLWARA
BG-1271_I,BG-1585_P,0.09764019296444747,2.7430951941494963,0.520118727596859,0.0,0.8634153972901872,OneLayerCRMPSingleConstrained,93,0.399603016001574,1.0066398684795812,0.6584201489804674,0.8400739395426002,0.7653043852230705,ALLWARA
BG-1513ST1_I,BG-1585_P,0.2733768630040174,2.7430951941494963,0.520118727596859,0.0,0.8634153972901872,OneLayerCRMPSingleConstrained,94,0.399603016001574,1.0066398684795812,0.6584201489804674,0.8400739395426002,0.7653043852230705,ALLWARA
BG-1517_I,BG-1585_P,0.2373919282716336,2.7430951941494963,0.520118727596859,0.0,0.8634153972901872,OneLayerCRMPSingleConstrained,95,0.399603016001574,1.0066398684795812,0.6584201489804674,0.8400739395426002,0.7653043852230705,ALLWARA
BG-1636ST1_I,BG-1585_P,0.11689156727612698,2.7430951941494963,0.520118727596859,0.0,0.8634153972901872,OneLayerCRMPSingleConstrained,96,0.399603016001574,1.0066398684795812,0.6584201489804674,0.8400739395426002,0.7653043852230705,ALLWARA
BG-1786_I,BG-1585_P,6.5137504328816715e-06,2.7430951941494963,0.520118727596859,0.0,0.8634153972901872,OneLayerCRMPSingleConstrained,97,0.399603016001574,1.0066398684795812,0.6584201489804674,0.8400739395426002,0.7653043852230705,ALLWARA
BG-1894ST1_I,BG-1585_P,0.001505761199536648,2.7430951941494963,0.520118727596859,0.0,0.8634153972901872,OneLayerCRMPSingleConstrained,98,0.399603016001574,1.0066398684795812,0.6584201489804674,0.8400739395426002,0.7653043852230705,ALLWARA
BG-1271_I,BG-1583_P,4.431231519515255e-05,7.50338720064686,41.91492867860598,0.0,1.4,OneLayerCRMPSingleConstrained,99,0.8784609609419685,0.7541696525017613,0.9831919017831787,0.7692467095852914,0.8193166015753841,ALLWARA
BG-1635_I,BG-1583_P,0.016549580790888783,7.50338720064686,41.91492867860598,0.0,1.4,OneLayerCRMPSingleConstrained,100,0.8784609609419685,0.7541696525017613,0.9831919017831787,0.7692467095852914,0.8193166015753841,ALLWARA
BG-1636ST1_I,BG-1583_P,5.9432394089129346e-06,7.50338720064686,41.91492867860598,0.0,1.4,OneLayerCRMPSingleConstrained,101,0.8784609609419685,0.7541696525017613,0.9831919017831787,0.7692467095852914,0.8193166015753841,ALLWARA
BG-1786_I,BG-1583_P,6.597317752356387e-06,7.50338720064686,41.91492867860598,0.0,1.4,OneLayerCRMPSingleConstrained,102,0.8784609609419685,0.7541696525017613,0.9831919017831787,0.7692467095852914,0.8193166015753841,ALLWARA
BG-1787_I,BG-1583_P,6.5825610183357775e-06,7.50338720064686,41.91492867860598,0.0,1.4,OneLayerCRMPSingleConstrained,103,0.8784609609419685,0.7541696525017613,0.9831919017831787,0.7692467095852914,0.8193166015753841,ALLWARA
BG-1893_I,BG-1583_P,9.892065576324106e-06,7.50338720064686,41.91492867860598,0.0,1.4,OneLayerCRMPSingleConstrained,104,0.8784609609419685,0.7541696525017613,0.9831919017831787,0.7692467095852914,0.8193166015753841,ALLWARA
BG-1894ST1_I,BG-1583_P,4.3892503223726586e-06,7.50338720064686,41.91492867860598,0.0,1.4,OneLayerCRMPSingleConstrained,105,0.8784609609419685,0.7541696525017613,0.9831919017831787,0.7692467095852914,0.8193166015753841,ALLWARA
BG-1269_I,BG-1076_P,0.22127571804086799,4.785667978443398,6.352312989447737,2.948833446854057e-15,1.1214012983475605,OneLayerCRMPSingleConstrained,106,-0.6299998637485609,0.9909606240195161,0.13102357048934538,0.9326081640578209,0.41665194663168137,ALLWARA
BG-1271_I,BG-1076_P,1.9478141830825695e-05,4.785667978443398,6.352312989447737,2.948833446854057e-15,1.1214012983475605,OneLayerCRMPSingleConstrained,107,-0.6299998637485609,0.9909606240195161,0.13102357048934538,0.9326081640578209,0.41665194663168137,ALLWARA
BG-1513ST1_I,BG-1076_P,0.7241436494200274,4.785667978443398,6.352312989447737,2.948833446854057e-15,1.1214012983475605,OneLayerCRMPSingleConstrained,108,-0.6299998637485609,0.9909606240195161,0.13102357048934538,0.9326081640578209,0.41665194663168137,ALLWARA
BG-1896_I,BG-1076_P,0.030397507896628227,4.785667978443398,6.352312989447737,2.948833446854057e-15,1.1214012983475605,OneLayerCRMPSingleConstrained,109,-0.6299998637485609,0.9909606240195161,0.13102357048934538,0.9326081640578209,0.41665194663168137,ALLWARA
BG-1897_I,BG-1076_P,6.673576045214324e-06,4.785667978443398,6.352312989447737,2.948833446854057e-15,1.1214012983475605,OneLayerCRMPSingleConstrained,110,-0.6299998637485609,0.9909606240195161,0.13102357048934538,0.9326081640578209,0.41665194663168137,ALLWARA
BG-1635_I,BG-1895_P,1.1637685987132645e-05,7.587258062912822,50.0,1.2088768621624772e-14,1.2431092672056245,OneLayerCRMPSingleConstrained,111,-0.038005154069443714,0.9897424327866066,0.27665817837877454,0.5940566635175244,0.49802701954228157,ALLWARA
BG-1783_I,BG-1895_P,0.4460824662985738,7.587258062912822,50.0,1.2088768621624772e-14,1.2431092672056245,OneLayerCRMPSingleConstrained,112,-0.038005154069443714,0.9897424327866066,0.27665817837877454,0.5940566635175244,0.49802701954228157,ALLWARA
BG-1784ST1_I,BG-1895_P,1.9151164143100926e-05,7.587258062912822,50.0,1.2088768621624772e-14,1.2431092672056245,OneLayerCRMPSingleConstrained,113,-0.038005154069443714,0.9897424327866066,0.27665817837877454,0.5940566635175244,0.49802701954228157,ALLWARA
BG-1786_I,BG-1895_P,6.5106668663034e-06,7.587258062912822,50.0,1.2088768621624772e-14,1.2431092672056245,OneLayerCRMPSingleConstrained,114,-0.038005154069443714,0.9897424327866066,0.27665817837877454,0.5940566635175244,0.49802701954228157,ALLWARA
BG-1787_I,BG-1895_P,6.561010409021419e-06,7.587258062912822,50.0,1.2088768621624772e-14,1.2431092672056245,OneLayerCRMPSingleConstrained,115,-0.038005154069443714,0.9897424327866066,0.27665817837877454,0.5940566635175244,0.49802701954228157,ALLWARA
BG-1792_I,BG-1895_P,0.0107332948782927,7.587258062912822,50.0,1.2088768621624772e-14,1.2431092672056245,OneLayerCRMPSingleConstrained,116,-0.038005154069443714,0.9897424327866066,0.27665817837877454,0.5940566635175244,0.49802701954228157,ALLWARA
BG-1893_I,BG-1895_P,1.3375917261728075e-05,7.587258062912822,50.0,1.2088768621624772e-14,1.2431092672056245,OneLayerCRMPSingleConstrained,117,-0.038005154069443714,0.9897424327866066,0.27665817837877454,0.5940566635175244,0.49802701954228157,ALLWARA
BG-1894ST1_I,BG-1895_P,4.383477910947519e-06,7.587258062912822,50.0,1.2088768621624772e-14,1.2431092672056245,OneLayerCRMPSingleConstrained,118,-0.038005154069443714,0.9897424327866066,0.27665817837877454,0.5940566635175244,0.49802701954228157,ALLWARA
BG-1268_I,BG-0300_P,1.2794533197620316e-05,8.276735650444216,13.702153904410334,0.0,1.4,OneLayerCRMPSingleConstrained,119,0.9527822226200708,0.9829795127185803,0.9770927677810347,1.0000436157076515,0.9808558778188512,ALLWARA
BG-1269_I,BG-0300_P,3.0465042138899423e-05,8.276735650444216,13.702153904410334,0.0,1.4,OneLayerCRMPSingleConstrained,120,0.9527822226200708,0.9829795127185803,0.9770927677810347,1.0000436157076515,0.9808558778188512,ALLWARA
BG-1271_I,BG-0300_P,0.2541485814160016,8.276735650444216,13.702153904410334,0.0,1.4,OneLayerCRMPSingleConstrained,121,0.9527822226200708,0.9829795127185803,0.9770927677810347,1.0000436157076515,0.9808558778188512,ALLWARA
BG-1635_I,BG-0300_P,0.002103506903418073,8.276735650444216,13.702153904410334,0.0,1.4,OneLayerCRMPSingleConstrained,122,0.9527822226200708,0.9829795127185803,0.9770927677810347,1.0000436157076515,0.9808558778188512,ALLWARA
BG-1636ST1_I,BG-0300_P,0.8793465166354395,8.276735650444216,13.702153904410334,0.0,1.4,OneLayerCRMPSingleConstrained,123,0.9527822226200708,0.9829795127185803,0.9770927677810347,1.0000436157076515,0.9808558778188512,ALLWARA
BG-1786_I,BG-0300_P,0.009640685686285951,8.276735650444216,13.702153904410334,0.0,1.4,OneLayerCRMPSingleConstrained,124,0.9527822226200708,0.9829795127185803,0.9770927677810347,1.0000436157076515,0.9808558778188512,ALLWARA
BG-1787_I,BG-0300_P,6.5706309554519336e-06,8.276735650444216,13.702153904410334,0.0,1.4,OneLayerCRMPSingleConstrained,125,0.9527822226200708,0.9829795127185803,0.9770927677810347,1.0000436157076515,0.9808558778188512,ALLWARA
BG-1893_I,BG-0300_P,1.3232047348319665e-05,8.276735650444216,13.702153904410334,0.0,1.4,OneLayerCRMPSingleConstrained,126,0.9527822226200708,0.9829795127185803,0.9770927677810347,1.0000436157076515,0.9808558778188512,ALLWARA
BG-1894ST1_I,BG-0300_P,4.385058275157217e-06,8.276735650444216,13.702153904410334,0.0,1.4,OneLayerCRMPSingleConstrained,127,0.9527822226200708,0.9829795127185803,0.9770927677810347,1.0000436157076515,0.9808558778188512,ALLWARA
BG-1635_I,BG-0092_P,4.302693360468484e-06,0.8027224387116327,1.0,0.0,1.0000000149011612,OneLayerCRMPSingleConstrained,128,0.9491026160942866,0.9621322395453462,0.9753895630524436,1.0002581865836595,0.9697040420864184,ALLWARA
BG-1783_I,BG-0092_P,3.82363776949997e-06,0.8027224387116327,1.0,0.0,1.0000000149011612,OneLayerCRMPSingleConstrained,129,0.9491026160942866,0.9621322395453462,0.9753895630524436,1.0002581865836595,0.9697040420864184,ALLWARA
BG-1784ST1_I,BG-0092_P,1.707189952997025e-05,0.8027224387116327,1.0,0.0,1.0000000149011612,OneLayerCRMPSingleConstrained,130,0.9491026160942866,0.9621322395453462,0.9753895630524436,1.0002581865836595,0.9697040420864184,ALLWARA
BG-1786_I,BG-0092_P,6.5106668663034e-06,0.8027224387116327,1.0,0.0,1.0000000149011612,OneLayerCRMPSingleConstrained,131,0.9491026160942866,0.9621322395453462,0.9753895630524436,1.0002581865836595,0.9697040420864184,ALLWARA
BG-1787_I,BG-0092_P,6.555263436036565e-06,0.8027224387116327,1.0,0.0,1.0000000149011612,OneLayerCRMPSingleConstrained,132,0.9491026160942866,0.9621322395453462,0.9753895630524436,1.0002581865836595,0.9697040420864184,ALLWARA
BG-1893_I,BG-0092_P,0.520580328482288,0.8027224387116327,1.0,0.0,1.0000000149011612,OneLayerCRMPSingleConstrained,133,0.9491026160942866,0.9621322395453462,0.9753895630524436,1.0002581865836595,0.9697040420864184,ALLWARA
BG-0743_I,BG-1899_P,6.121834349218609e-06,4.727492030265156,12.320666369304426,1.444375944317772e-14,1.391961103510151,OneLayerCRMPSingleConstrained,134,0.7623358332437515,0.9493203458779265,0.9146321398719957,1.095022638121085,0.9269371867931815,ALLWARA
BG-1263_I,BG-1899_P,0.23679585344636958,4.727492030265156,12.320666369304426,1.444375944317772e-14,1.391961103510151,OneLayerCRMPSingleConstrained,135,0.7623358332437515,0.9493203458779265,0.9146321398719957,1.095022638121085,0.9269371867931815,ALLWARA
BG-1264_I,BG-1899_P,1.4143506205238142e-05,4.727492030265156,12.320666369304426,1.444375944317772e-14,1.391961103510151,OneLayerCRMPSingleConstrained,136,0.7623358332437515,0.9493203458779265,0.9146321398719957,1.095022638121085,0.9269371867931815,ALLWARA
BG-1269_I,BG-1899_P,0.26884607711350134,4.727492030265156,12.320666369304426,1.444375944317772e-14,1.391961103510151,OneLayerCRMPSingleConstrained,137,0.7623358332437515,0.9493203458779265,0.9146321398719957,1.095022638121085,0.9269371867931815,ALLWARA
BG-1271_I,BG-1899_P,1.9472451059605203e-05,4.727492030265156,12.320666369304426,1.444375944317772e-14,1.391961103510151,OneLayerCRMPSingleConstrained,138,0.7623358332437515,0.9493203458779265,0.9146321398719957,1.095022638121085,0.9269371867931815,ALLWARA
BG-1896_I,BG-1899_P,0.10696019956109556,4.727492030265156,12.320666369304426,1.444375944317772e-14,1.391961103510151,OneLayerCRMPSingleConstrained,139,0.7623358332437515,0.9493203458779265,0.9146321398719957,1.095022638121085,0.9269371867931815,ALLWARA
BG-1897_I,BG-1899_P,6.753590325115895e-06,4.727492030265156,12.320666369304426,1.444375944317772e-14,1.391961103510151,OneLayerCRMPSingleConstrained,140,0.7623358332437515,0.9493203458779265,0.9146321398719957,1.095022638121085,0.9269371867931815,ALLWARA
BG-1898_I,BG-1899_P,6.129143753720389e-06,4.727492030265156,12.320666369304426,1.444375944317772e-14,1.391961103510151,OneLayerCRMPSingleConstrained,141,0.7623358332437515,0.9493203458779265,0.9146321398719957,1.095022638121085,0.9269371867931815,ALLWARA
BG-1635_I,BG-1945_P,0.49069434178039545,1.5168178491788011,1.0,0.0,1.0000000149011612,OneLayerCRMPSingleConstrained,142,0.892697002470256,0.9393417862578567,0.9520799912193728,0.8863618547471354,0.9369092037867929,ALLWARA
BG-1783_I,BG-1945_P,3.82363776949997e-06,1.5168178491788011,1.0,0.0,1.0000000149011612,OneLayerCRMPSingleConstrained,143,0.892697002470256,0.9393417862578567,0.9520799912193728,0.8863618547471354,0.9369092037867929,ALLWARA
BG-1784ST1_I,BG-1945_P,1.7923480903784064e-05,1.5168178491788011,1.0,0.0,1.0000000149011612,OneLayerCRMPSingleConstrained,144,0.892697002470256,0.9393417862578567,0.9520799912193728,0.8863618547471354,0.9369092037867929,ALLWARA
BG-1786_I,BG-1945_P,6.5106668663034e-06,1.5168178491788011,1.0,0.0,1.0000000149011612,OneLayerCRMPSingleConstrained,145,0.892697002470256,0.9393417862578567,0.9520799912193728,0.8863618547471354,0.9369092037867929,ALLWARA
BG-1787_I,BG-1945_P,6.576082082723512e-06,1.5168178491788011,1.0,0.0,1.0000000149011612,OneLayerCRMPSingleConstrained,146,0.892697002470256,0.9393417862578567,0.9520799912193728,0.8863618547471354,0.9369092037867929,ALLWARA
BG-1893_I,BG-1945_P,1.2750861251669462e-05,1.5168178491788011,1.0,0.0,1.0000000149011612,OneLayerCRMPSingleConstrained,147,0.892697002470256,0.9393417862578567,0.9520799912193728,0.8863618547471354,0.9369092037867929,ALLWARA
BG-1263_I,BG-0765_P,9.254910331202138e-05,13.589589851102929,1.8665009420010548,0.0,1.4,OneLayerCRMPSingleConstrained,148,0.623627212843223,0.9994410079370482,0.8001706052966966,0.6711562761575491,0.8303436879220706,ALLWARA
BG-1264_I,BG-0765_P,1.3970489093651958e-05,13.589589851102929,1.8665009420010548,0.0,1.4,OneLayerCRMPSingleConstrained,149,0.623627212843223,0.9994410079370482,0.8001706052966966,0.6711562761575491,0.8303436879220706,ALLWARA
BG-1268_I,BG-0765_P,0.39667381823661635,13.589589851102929,1.8665009420010548,0.0,1.4,OneLayerCRMPSingleConstrained,150,0.623627212843223,0.9994410079370482,0.8001706052966966,0.6711562761575491,0.8303436879220706,ALLWARA
BG-1269_I,BG-0765_P,3.043772559500948e-05,13.589589851102929,1.8665009420010548,0.0,1.4,OneLayerCRMPSingleConstrained,151,0.623627212843223,0.9994410079370482,0.8001706052966966,0.6711562761575491,0.8303436879220706,ALLWARA
BG-1271_I,BG-0765_P,1.946937929941876e-05,13.589589851102929,1.8665009420010548,0.0,1.4,OneLayerCRMPSingleConstrained,152,0.623627212843223,0.9994410079370482,0.8001706052966966,0.6711562761575491,0.8303436879220706,ALLWARA
BG-1486_I,BG-0765_P,9.836011380702037e-06,13.589589851102929,1.8665009420010548,0.0,1.4,OneLayerCRMPSingleConstrained,153,0.623627212843223,0.9994410079370482,0.8001706052966966,0.6711562761575491,0.8303436879220706,ALLWARA
BG-1635_I,BG-0765_P,4.302693360468484e-06,13.589589851102929,1.8665009420010548,0.0,1.4,OneLayerCRMPSingleConstrained,154,0.623627212843223,0.9994410079370482,0.8001706052966966,0.6711562761575491,0.8303436879220706,ALLWARA
BG-1893_I,BG-0765_P,7.73938255455026e-06,13.589589851102929,1.8665009420010548,0.0,1.4,OneLayerCRMPSingleConstrained,155,0.623627212843223,0.9994410079370482,0.8001706052966966,0.6711562761575491,0.8303436879220706,ALLWARA
BG-1264_I,BG-1272_P,2.474285362974391e-05,5.931978618681292,3.5647607826814154,1.8722711589961182e-15,1.2065197488752821,OneLayerCRMPSingleConstrained,156,0.7031094602428776,0.9961001765576116,0.8389217334253107,0.8441858044269789,0.8812126108641091,ALLWARA
BG-1268_I,BG-1272_P,0.6006399077852739,5.931978618681292,3.5647607826814154,1.8722711589961182e-15,1.2065197488752821,OneLayerCRMPSingleConstrained,157,0.7031094602428776,0.9961001765576116,0.8389217334253107,0.8441858044269789,0.8812126108641091,ALLWARA
BG-1269_I,BG-1272_P,3.043772559500948e-05,5.931978618681292,3.5647607826814154,1.8722711589961182e-15,1.2065197488752821,OneLayerCRMPSingleConstrained,158,0.7031094602428776,0.9961001765576116,0.8389217334253107,0.8441858044269789,0.8812126108641091,ALLWARA
BG-1271_I,BG-1272_P,1.9470222081004714e-05,5.931978618681292,3.5647607826814154,1.8722711589961182e-15,1.2065197488752821,OneLayerCRMPSingleConstrained,159,0.7031094602428776,0.9961001765576116,0.8389217334253107,0.8441858044269789,0.8812126108641091,ALLWARA
BG-1486_I,BG-1272_P,9.83610108158971e-06,5.931978618681292,3.5647607826814154,1.8722711589961182e-15,1.2065197488752821,OneLayerCRMPSingleConstrained,160,0.7031094602428776,0.9961001765576116,0.8389217334253107,0.8441858044269789,0.8812126108641091,ALLWARA
BG-1635_I,BG-1272_P,4.302693360468484e-06,5.931978618681292,3.5647607826814154,1.8722711589961182e-15,1.2065197488752821,OneLayerCRMPSingleConstrained,161,0.7031094602428776,0.9961001765576116,0.8389217334253107,0.8441858044269789,0.8812126108641091,ALLWARA
BG-1784ST1_I,BG-1272_P,1.767574228066828e-05,5.931978618681292,3.5647607826814154,1.8722711589961182e-15,1.2065197488752821,OneLayerCRMPSingleConstrained,162,0.7031094602428776,0.9961001765576116,0.8389217334253107,0.8441858044269789,0.8812126108641091,ALLWARA
BG-1786_I,BG-1272_P,6.5106668663034e-06,5.931978618681292,3.5647607826814154,1.8722711589961182e-15,1.2065197488752821,OneLayerCRMPSingleConstrained,163,0.7031094602428776,0.9961001765576116,0.8389217334253107,0.8441858044269789,0.8812126108641091,ALLWARA
BG-1787_I,BG-1272_P,0.00014351066761678568,5.931978618681292,3.5647607826814154,1.8722711589961182e-15,1.2065197488752821,OneLayerCRMPSingleConstrained,164,0.7031094602428776,0.9961001765576116,0.8389217334253107,0.8441858044269789,0.8812126108641091,ALLWARA
BG-1893_I,BG-1272_P,7.844446064752955e-06,5.931978618681292,3.5647607826814154,1.8722711589961182e-15,1.2065197488752821,OneLayerCRMPSingleConstrained,165,0.7031094602428776,0.9961001765576116,0.8389217334253107,0.8441858044269789,0.8812126108641091,ALLWARA
BG-1268_I,BG-1782_P,1.291444569876646e-05,3.382898396606302,1.0,0.0,1.0000000149011612,OneLayerCRMPSingleConstrained,166,0.9770613436830599,0.9694454198331568,0.9898045415519608,0.9641751715250321,0.9756026596226541,ALLWARA
BG-1635_I,BG-1782_P,0.4743127680218005,3.382898396606302,1.0,0.0,1.0000000149011612,OneLayerCRMPSingleConstrained,167,0.9770613436830599,0.9694454198331568,0.9898045415519608,0.9641751715250321,0.9756026596226541,ALLWARA
BG-1783_I,BG-1782_P,0.2868053316826941,3.382898396606302,1.0,0.0,1.0000000149011612,OneLayerCRMPSingleConstrained,168,0.9770613436830599,0.9694454198331568,0.9898045415519608,0.9641751715250321,0.9756026596226541,ALLWARA
BG-1784ST1_I,BG-1782_P,1.963016630818913e-05,3.382898396606302,1.0,0.0,1.0000000149011612,OneLayerCRMPSingleConstrained,169,0.9770613436830599,0.9694454198331568,0.9898045415519608,0.9641751715250321,0.9756026596226541,ALLWARA
BG-1786_I,BG-1782_P,0.9876675274318925,3.382898396606302,1.0,0.0,1.0000000149011612,OneLayerCRMPSingleConstrained,170,0.9770613436830599,0.9694454198331568,0.9898045415519608,0.9641751715250321,0.9756026596226541,ALLWARA
BG-1787_I,BG-1782_P,6.568251861146049e-06,3.382898396606302,1.0,0.0,1.0000000149011612,OneLayerCRMPSingleConstrained,171,0.9770613436830599,0.9694454198331568,0.9898045415519608,0.9641751715250321,0.9756026596226541,ALLWARA
BG-1893_I,BG-1782_P,1.366379170714008e-05,3.382898396606302,1.0,0.0,1.0000000149011612,OneLayerCRMPSingleConstrained,172,0.9770613436830599,0.9694454198331568,0.9898045415519608,0.9641751715250321,0.9756026596226541,ALLWARA
BG-1263_I,BG-1266_P,4.725974694079586e-06,8.416374352124627,5.812130355963858,0.0,1.0629478299473785,OneLayerCRMPSingleConstrained,173,0.8163313946386308,0.9899356105921759,0.9048849429710246,0.9129343155448307,0.9301808189358782,ALLWARA
BG-1264_I,BG-1266_P,0.08472260683213982,8.416374352124627,5.812130355963858,0.0,1.0629478299473785,OneLayerCRMPSingleConstrained,174,0.8163313946386308,0.9899356105921759,0.9048849429710246,0.9129343155448307,0.9301808189358782,ALLWARA
BG-1268_I,BG-1266_P,9.372730116912308e-06,8.416374352124627,5.812130355963858,0.0,1.0629478299473785,OneLayerCRMPSingleConstrained,175,0.8163313946386308,0.9899356105921759,0.9048849429710246,0.9129343155448307,0.9301808189358782,ALLWARA
BG-1269_I,BG-1266_P,0.28254837417376494,8.416374352124627,5.812130355963858,0.0,1.0629478299473785,OneLayerCRMPSingleConstrained,176,0.8163313946386308,0.9899356105921759,0.9048849429710246,0.9129343155448307,0.9301808189358782,ALLWARA
BG-1271_I,BG-1266_P,0.24793463751979192,8.416374352124627,5.812130355963858,0.0,1.0629478299473785,OneLayerCRMPSingleConstrained,177,0.8163313946386308,0.9899356105921759,0.9048849429710246,0.9129343155448307,0.9301808189358782,ALLWARA
BG-1486_I,BG-1266_P,0.9949233178730005,8.416374352124627,5.812130355963858,0.0,1.0629478299473785,OneLayerCRMPSingleConstrained,178,0.8163313946386308,0.9899356105921759,0.9048849429710246,0.9129343155448307,0.9301808189358782,ALLWARA
BG-1635_I,BG-1266_P,4.638137262209049e-06,8.416374352124627,5.812130355963858,0.0,1.0629478299473785,OneLayerCRMPSingleConstrained,179,0.8163313946386308,0.9899356105921759,0.9048849429710246,0.9129343155448307,0.9301808189358782,ALLWARA
BG-1893_I,BG-1266_P,1.0970906646594098e-05,8.416374352124627,5.812130355963858,0.0,1.0629478299473785,OneLayerCRMPSingleConstrained,180,0.8163313946386308,0.9899356105921759,0.9048849429710246,0.9129343155448307,0.9301808189358782,ALLWARA
BG-1897_I,BG-1266_P,6.964647708652199e-06,8.416374352124627,5.812130355963858,0.0,1.0629478299473785,OneLayerCRMPSingleConstrained,181,0.8163313946386308,0.9899356105921759,0.9048849429710246,0.9129343155448307,0.9301808189358782,ALLWARA
BG-0743_I,BG-1267_P,6.1220988830251676e-06,7.096698661424153,1.0,0.0,1.0000000149011612,OneLayerCRMPSingleConstrained,182,0.6752274117739685,0.8892258788694285,0.8756892954575991,1.1132975383376427,0.8826992798463184,ALLWARA
BG-1263_I,BG-1267_P,4.726435060162537e-06,7.096698661424153,1.0,0.0,1.0000000149011612,OneLayerCRMPSingleConstrained,183,0.6752274117739685,0.8892258788694285,0.8756892954575991,1.1132975383376427,0.8826992798463184,ALLWARA
BG-1264_I,BG-1267_P,1.3991704066378356e-05,7.096698661424153,1.0,0.0,1.0000000149011612,OneLayerCRMPSingleConstrained,184,0.6752274117739685,0.8892258788694285,0.8756892954575991,1.1132975383376427,0.8826992798463184,ALLWARA
BG-1268_I,BG-1267_P,6.978649384946442e-06,7.096698661424153,1.0,0.0,1.0000000149011612,OneLayerCRMPSingleConstrained,185,0.6752274117739685,0.8892258788694285,0.8756892954575991,1.1132975383376427,0.8826992798463184,ALLWARA
BG-1269_I,BG-1267_P,3.0454507719643926e-05,7.096698661424153,1.0,0.0,1.0000000149011612,OneLayerCRMPSingleConstrained,186,0.6752274117739685,0.8892258788694285,0.8756892954575991,1.1132975383376427,0.8826992798463184,ALLWARA
BG-1271_I,BG-1267_P,1.9492904793122192e-05,7.096698661424153,1.0,0.0,1.0000000149011612,OneLayerCRMPSingleConstrained,187,0.6752274117739685,0.8892258788694285,0.8756892954575991,1.1132975383376427,0.8826992798463184,ALLWARA
BG-1486_I,BG-1267_P,2.7186794073519938e-05,7.096698661424153,1.0,0.0,1.0000000149011612,OneLayerCRMPSingleConstrained,188,0.6752274117739685,0.8892258788694285,0.8756892954575991,1.1132975383376427,0.8826992798463184,ALLWARA
BG-1896_I,BG-1267_P,0.4876437977939531,7.096698661424153,1.0,0.0,1.0000000149011612,OneLayerCRMPSingleConstrained,189,0.6752274117739685,0.8892258788694285,0.8756892954575991,1.1132975383376427,0.8826992798463184,ALLWARA
BG-1897_I,BG-1267_P,6.548197875497041e-06,7.096698661424153,1.0,0.0,1.0000000149011612,OneLayerCRMPSingleConstrained,190,0.6752274117739685,0.8892258788694285,0.8756892954575991,1.1132975383376427,0.8826992798463184,ALLWARA
BG-1898_I,BG-1267_P,6.133582782766021e-06,7.096698661424153,1.0,0.0,1.0000000149011612,OneLayerCRMPSingleConstrained,191,0.6752274117739685,0.8892258788694285,0.8756892954575991,1.1132975383376427,0.8826992798463184,ALLWARA
BG-1635_I,BG-1274_P,0.00012475754508530347,6.019479873289435,50.0,3.046251571882706e-13,0.9889250454433983,OneLayerCRMPSingleConstrained,192,0.21938130607071615,0.9977227046690472,0.4877532225183681,0.6233982294087257,0.6363191432551039,ALLWARA
BG-1783_I,BG-1274_P,0.26555816553332084,6.019479873289435,50.0,3.046251571882706e-13,0.9889250454433983,OneLayerCRMPSingleConstrained,193,0.21938130607071615,0.9977227046690472,0.4877532225183681,0.6233982294087257,0.6363191432551039,ALLWARA
BG-1784ST1_I,BG-1274_P,1.8776379170745513e-05,6.019479873289435,50.0,3.046251571882706e-13,0.9889250454433983,OneLayerCRMPSingleConstrained,194,0.21938130607071615,0.9977227046690472,0.4877532225183681,0.6233982294087257,0.6363191432551039,ALLWARA
BG-1893_I,BG-1274_P,1.304384373656801e-05,6.019479873289435,50.0,3.046251571882706e-13,0.9889250454433983,OneLayerCRMPSingleConstrained,195,0.21938130607071615,0.9977227046690472,0.4877532225183681,0.6233982294087257,0.6363191432551039,ALLWARA
BG-2146_I,BG-1274_P,1.0468134292691161e-05,6.019479873289435,50.0,3.046251571882706e-13,0.9889250454433983,OneLayerCRMPSingleConstrained,196,0.21938130607071615,0.9977227046690472,0.4877532225183681,0.6233982294087257,0.6363191432551039,ALLWARA
BG-0743_I,BG-2152_P,0.9962527696007638,2.8715903939415353,1.0,0.0,1.0000000149011612,OneLayerCRMPSingleConstrained,197,0.8542979245015567,0.9535777036769332,0.9280263693983847,0.9795679964910854,0.9421847635066083,ALLWARA
BG-0831_I,BG-2152_P,0.003663398592853952,2.8715903939415353,1.0,0.0,1.0000000149011612,OneLayerCRMPSingleConstrained,198,0.8542979245015567,0.9535777036769332,0.9280263693983847,0.9795679964910854,0.9421847635066083,ALLWARA
BG-1263_I,BG-2152_P,0.7554607741875042,2.8715903939415353,1.0,0.0,1.0000000149011612,OneLayerCRMPSingleConstrained,199,0.8542979245015567,0.9535777036769332,0.9280263693983847,0.9795679964910854,0.9421847635066083,ALLWARA
BG-1264_I,BG-2152_P,0.0005710814593578514,2.8715903939415353,1.0,0.0,1.0000000149011612,OneLayerCRMPSingleConstrained,200,0.8542979245015567,0.9535777036769332,0.9280263693983847,0.9795679964910854,0.9421847635066083,ALLWARA
BG-1269_I,BG-2152_P,0.041597851429459466,2.8715903939415353,1.0,0.0,1.0000000149011612,OneLayerCRMPSingleConstrained,201,0.8542979245015567,0.9535777036769332,0.9280263693983847,0.9795679964910854,0.9421847635066083,ALLWARA
BG-1896_I,BG-2152_P,0.36933509215846805,2.8715903939415353,1.0,0.0,1.0000000149011612,OneLayerCRMPSingleConstrained,202,0.8542979245015567,0.9535777036769332,0.9280263693983847,0.9795679964910854,0.9421847635066083,ALLWARA
BG-1897_I,BG-2152_P,6.74081244010637e-06,2.8715903939415353,1.0,0.0,1.0000000149011612,OneLayerCRMPSingleConstrained,203,0.8542979245015567,0.9535777036769332,0.9280263693983847,0.9795679964910854,0.9421847635066083,ALLWARA
BG-1898_I,BG-2152_P,6.130380892023256e-06,2.8715903939415353,1.0,0.0,1.0000000149011612,OneLayerCRMPSingleConstrained,204,0.8542979245015567,0.9535777036769332,0.9280263693983847,0.9795679964910854,0.9421847635066083,ALLWARA
BG-1255_I,BG-1654_P,5.55298985029488e-06,7.539911487453727,29.305227848711485,0.0,1.3096507672723678,OneLayerCRMPSingleConstrained,205,0.6189019226137549,0.9918770108721862,0.796265900221614,0.8400021440400135,0.8541643519047033,ALLWARA
BG-1260_I,BG-1654_P,2.6351691765874108e-06,7.539911487453727,29.305227848711485,0.0,1.3096507672723678,OneLayerCRMPSingleConstrained,206,0.6189019226137549,0.9918770108721862,0.796265900221614,0.8400021440400135,0.8541643519047033,ALLWARA
BG-1263_I,BG-1654_P,4.7260161784740515e-06,7.539911487453727,29.305227848711485,0.0,1.3096507672723678,OneLayerCRMPSingleConstrained,207,0.6189019226137549,0.9918770108721862,0.796265900221614,0.8400021440400135,0.8541643519047033,ALLWARA
BG-1264_I,BG-1654_P,0.7959297857062123,7.539911487453727,29.305227848711485,0.0,1.3096507672723678,OneLayerCRMPSingleConstrained,208,0.6189019226137549,0.9918770108721862,0.796265900221614,0.8400021440400135,0.8541643519047033,ALLWARA
BG-1268_I,BG-1654_P,7.0127196364238895e-06,7.539911487453727,29.305227848711485,0.0,1.3096507672723678,OneLayerCRMPSingleConstrained,209,0.6189019226137549,0.9918770108721862,0.796265900221614,0.8400021440400135,0.8541643519047033,ALLWARA
BG-1269_I,BG-1654_P,3.0462456516632708e-05,7.539911487453727,29.305227848711485,0.0,1.3096507672723678,OneLayerCRMPSingleConstrained,210,0.6189019226137549,0.9918770108721862,0.796265900221614,0.8400021440400135,0.8541643519047033,ALLWARA
BG-1271_I,BG-1654_P,1.9493434539897993e-05,7.539911487453727,29.305227848711485,0.0,1.3096507672723678,OneLayerCRMPSingleConstrained,211,0.6189019226137549,0.9918770108721862,0.796265900221614,0.8400021440400135,0.8541643519047033,ALLWARA
BG-1486_I,BG-1654_P,1.1056481019194852e-05,7.539911487453727,29.305227848711485,0.0,1.3096507672723678,OneLayerCRMPSingleConstrained,212,0.6189019226137549,0.9918770108721862,0.796265900221614,0.8400021440400135,0.8541643519047033,ALLWARA
BG-1487ST1_I,BG-1654_P,9.52076465090215e-05,7.539911487453727,29.305227848711485,0.0,1.3096507672723678,OneLayerCRMPSingleConstrained,213,0.6189019226137549,0.9918770108721862,0.796265900221614,0.8400021440400135,0.8541643519047033,ALLWARA
BG-1635_I,BG-1654_P,4.888558486893403e-06,7.539911487453727,29.305227848711485,0.0,1.3096507672723678,OneLayerCRMPSingleConstrained,214,0.6189019226137549,0.9918770108721862,0.796265900221614,0.8400021440400135,0.8541643519047033,ALLWARA
BG-1260_I,BG-0729_P,2.642888370134998e-06,8.743836705215735,22.34245692671914,0.0,1.4,OneLayerCRMPSingleConstrained,215,-4.119476005148376,0.9683395140844646,0.43933507883191486,2.4127708354617083,0.4156212388855258,ALLWARA
BG-1264_I,BG-0729_P,0.11275282959776488,8.743836705215735,22.34245692671914,0.0,1.4,OneLayerCRMPSingleConstrained,216,-4.119476005148376,0.9683395140844646,0.43933507883191486,2.4127708354617083,0.4156212388855258,ALLWARA
BG-1268_I,BG-0729_P,1.5185168575389778e-05,8.743836705215735,22.34245692671914,0.0,1.4,OneLayerCRMPSingleConstrained,217,-4.119476005148376,0.9683395140844646,0.43933507883191486,2.4127708354617083,0.4156212388855258,ALLWARA
BG-1271_I,BG-0729_P,0.3922228153141629,8.743836705215735,22.34245692671914,0.0,1.4,OneLayerCRMPSingleConstrained,218,-4.119476005148376,0.9683395140844646,0.43933507883191486,2.4127708354617083,0.4156212388855258,ALLWARA
BG-1486_I,BG-0729_P,9.871811657771591e-06,8.743836705215735,22.34245692671914,0.0,1.4,OneLayerCRMPSingleConstrained,219,-4.119476005148376,0.9683395140844646,0.43933507883191486,2.4127708354617083,0.4156212388855258,ALLWARA
BG-1487ST1_I,BG-0729_P,0.36741153736561283,8.743836705215735,22.34245692671914,0.0,1.4,OneLayerCRMPSingleConstrained,220,-4.119476005148376,0.9683395140844646,0.43933507883191486,2.4127708354617083,0.4156212388855258,ALLWARA
BG-1635_I,BG-0729_P,1.1444061085071421e-05,8.743836705215735,22.34245692671914,0.0,1.4,OneLayerCRMPSingleConstrained,221,-4.119476005148376,0.9683395140844646,0.43933507883191486,2.4127708354617083,0.4156212388855258,ALLWARA
BG-1784ST1_I,BG-0729_P,2.0399840048229036e-05,8.743836705215735,22.34245692671914,0.0,1.4,OneLayerCRMPSingleConstrained,222,-4.119476005148376,0.9683395140844646,0.43933507883191486,2.4127708354617083,0.4156212388855258,ALLWARA
BG-1893_I,BG-0729_P,1.58551670222756e-05,8.743836705215735,22.34245692671914,0.0,1.4,OneLayerCRMPSingleConstrained,223,-4.119476005148376,0.9683395140844646,0.43933507883191486,2.4127708354617083,0.4156212388855258,ALLWARA
BG-0743_I,BG-2151_P,0.0007380698175902757,2.0236066511679986,1.0,0.0,1.0,OneLayerCRMPSingleConstrained,224,0.9770094115843904,0.9467483380425673,0.9906227046012864,0.9588286447705356,0.9614622136631641,ALLWARA
BG-0831_I,BG-2151_P,0.001248868227227694,2.0236066511679986,1.0,0.0,1.0,OneLayerCRMPSingleConstrained,225,0.9770094115843904,0.9467483380425673,0.9906227046012864,0.9588286447705356,0.9614622136631641,ALLWARA
BG-1263_I,BG-2151_P,0.0017851021908655896,2.0236066511679986,1.0,0.0,1.0,OneLayerCRMPSingleConstrained,226,0.9770094115843904,0.9467483380425673,0.9906227046012864,0.9588286447705356,0.9614622136631641,ALLWARA
BG-1896_I,BG-2151_P,4.053745524439473e-06,2.0236066511679986,1.0,0.0,1.0,OneLayerCRMPSingleConstrained,227,0.9770094115843904,0.9467483380425673,0.9906227046012864,0.9588286447705356,0.9614622136631641,ALLWARA
BG-1897_I,BG-2151_P,0.997487648249691,2.0236066511679986,1.0,0.0,1.0,OneLayerCRMPSingleConstrained,228,0.9770094115843904,0.9467483380425673,0.9906227046012864,0.9588286447705356,0.9614622136631641,ALLWARA
BG-1898_I,BG-2151_P,0.00013458392714348598,2.0236066511679986,1.0,0.0,1.0,OneLayerCRMPSingleConstrained,229,0.9770094115843904,0.9467483380425673,0.9906227046012864,0.9588286447705356,0.9614622136631641,ALLWARA
BG-1260_I,BG-1488_P,2.6378234500143527e-06,6.470935641602922,42.367195110672135,4.80682832780843e-14,1.1121982305714069,OneLayerCRMPSingleConstrained,230,0.3530789648330288,1.0000827876923477,0.6260851869538542,0.8233233182996136,0.7430233524096455,ALLWARA
BG-1268_I,BG-1488_P,9.858967200440248e-06,6.470935641602922,42.367195110672135,4.80682832780843e-14,1.1121982305714069,OneLayerCRMPSingleConstrained,231,0.3530789648330288,1.0000827876923477,0.6260851869538542,0.8233233182996136,0.7430233524096455,ALLWARA
BG-1296_I,BG-1488_P,5.211948005158739e-06,6.470935641602922,42.367195110672135,4.80682832780843e-14,1.1121982305714069,OneLayerCRMPSingleConstrained,232,0.3530789648330288,1.0000827876923477,0.6260851869538542,0.8233233182996136,0.7430233524096455,ALLWARA
BG-1486_I,BG-1488_P,1.2574143221194882e-05,6.470935641602922,42.367195110672135,4.80682832780843e-14,1.1121982305714069,OneLayerCRMPSingleConstrained,233,0.3530789648330288,1.0000827876923477,0.6260851869538542,0.8233233182996136,0.7430233524096455,ALLWARA
BG-1487ST1_I,BG-1488_P,3.442481408197589e-05,6.470935641602922,42.367195110672135,4.80682832780843e-14,1.1121982305714069,OneLayerCRMPSingleConstrained,234,0.3530789648330288,1.0000827876923477,0.6260851869538542,0.8233233182996136,0.7430233524096455,ALLWARA
BG-1635_I,BG-1488_P,0.014420787244675048,6.470935641602922,42.367195110672135,4.80682832780843e-14,1.1121982305714069,OneLayerCRMPSingleConstrained,235,0.3530789648330288,1.0000827876923477,0.6260851869538542,0.8233233182996136,0.7430233524096455,ALLWARA
BG-1784ST1_I,BG-1488_P,0.39707899779480854,6.470935641602922,42.367195110672135,4.80682832780843e-14,1.1121982305714069,OneLayerCRMPSingleConstrained,236,0.3530789648330288,1.0000827876923477,0.6260851869538542,0.8233233182996136,0.7430233524096455,ALLWARA
BG-1885_I,BG-1488_P,6.111606654824085e-06,6.470935641602922,42.367195110672135,4.80682832780843e-14,1.1121982305714069,OneLayerCRMPSingleConstrained,237,0.3530789648330288,1.0000827876923477,0.6260851869538542,0.8233233182996136,0.7430233524096455,ALLWARA
BG-1893_I,BG-1488_P,1.0271884652194495e-05,6.470935641602922,42.367195110672135,4.80682832780843e-14,1.1121982305714069,OneLayerCRMPSingleConstrained,238,0.3530789648330288,1.0000827876923477,0.6260851869538542,0.8233233182996136,0.7430233524096455,ALLWARA
BG-2146_I,BG-1488_P,1.0430861751956139e-05,6.470935641602922,42.367195110672135,4.80682832780843e-14,1.1121982305714069,OneLayerCRMPSingleConstrained,239,0.3530789648330288,1.0000827876923477,0.6260851869538542,0.8233233182996136,0.7430233524096455,ALLWARA
BG-1255_I,BG-1265ST1_P,5.5459827738637525e-06,49.97079288511083,19.359461956955208,0.0,1.3424250608836135,OneLayerCRMPSingleConstrained,240,-0.1777153467777337,0.8530373495152843,0.659410686567588,1.3379798260608,0.7291815520311746,ALLWARA
BG-1260_I,BG-1265ST1_P,2.633712156269941e-06,49.97079288511083,19.359461956955208,0.0,1.3424250608836135,OneLayerCRMPSingleConstrained,241,-0.1777153467777337,0.8530373495152843,0.659410686567588,1.3379798260608,0.7291815520311746,ALLWARA
BG-1263_I,BG-1265ST1_P,4.725588789804265e-06,49.97079288511083,19.359461956955208,0.0,1.3424250608836135,OneLayerCRMPSingleConstrained,242,-0.1777153467777337,0.8530373495152843,0.659410686567588,1.3379798260608,0.7291815520311746,ALLWARA
BG-1264_I,BG-1265ST1_P,1.3970593985781363e-05,49.97079288511083,19.359461956955208,0.0,1.3424250608836135,OneLayerCRMPSingleConstrained,243,-0.1777153467777337,0.8530373495152843,0.659410686567588,1.3379798260608,0.7291815520311746,ALLWARA
BG-1268_I,BG-1265ST1_P,6.437511530160565e-06,49.97079288511083,19.359461956955208,0.0,1.3424250608836135,OneLayerCRMPSingleConstrained,244,-0.1777153467777337,0.8530373495152843,0.659410686567588,1.3379798260608,0.7291815520311746,ALLWARA
BG-1269_I,BG-1265ST1_P,3.0438410710784446e-05,49.97079288511083,19.359461956955208,0.0,1.3424250608836135,OneLayerCRMPSingleConstrained,245,-0.1777153467777337,0.8530373495152843,0.659410686567588,1.3379798260608,0.7291815520311746,ALLWARA
BG-1486_I,BG-1265ST1_P,9.836374666195164e-06,49.97079288511083,19.359461956955208,0.0,1.3424250608836135,OneLayerCRMPSingleConstrained,246,-0.1777153467777337,0.8530373495152843,0.659410686567588,1.3379798260608,0.7291815520311746,ALLWARA
BG-1897_I,BG-1265ST1_P,6.146246617469271e-06,49.97079288511083,19.359461956955208,0.0,1.3424250608836135,OneLayerCRMPSingleConstrained,247,-0.1777153467777337,0.8530373495152843,0.659410686567588,1.3379798260608,0.7291815520311746,ALLWARA
BG-1898_I,BG-1265ST1_P,6.127969756926645e-06,49.97079288511083,19.359461956955208,0.0,1.3424250608836135,OneLayerCRMPSingleConstrained,248,-0.1777153467777337,0.8530373495152843,0.659410686567588,1.3379798260608,0.7291815520311746,ALLWARA
BG-1487ST1_I,BG-1873_P,0.5152142964215877,1.8353162822395477,0.9291657539332436,0.0,1.02745513371254,OneLayerCRMPSingleConstrained,249,0.8124132262354027,0.9941844820279748,0.9020059199893045,0.9331014130133942,0.9308332516380021,ALLWARA
BG-1635_I,BG-1873_P,4.304205938918992e-06,1.8353162822395477,0.9291657539332436,0.0,1.02745513371254,OneLayerCRMPSingleConstrained,250,0.8124132262354027,0.9941844820279748,0.9020059199893045,0.9331014130133942,0.9308332516380021,ALLWARA
BG-1783_I,BG-1873_P,3.82363776949997e-06,1.8353162822395477,0.9291657539332436,0.0,1.02745513371254,OneLayerCRMPSingleConstrained,251,0.8124132262354027,0.9941844820279748,0.9020059199893045,0.9331014130133942,0.9308332516380021,ALLWARA
BG-1784ST1_I,BG-1873_P,0.5958686513542413,1.8353162822395477,0.9291657539332436,0.0,1.02745513371254,OneLayerCRMPSingleConstrained,252,0.8124132262354027,0.9941844820279748,0.9020059199893045,0.9331014130133942,0.9308332516380021,ALLWARA
BG-1885_I,BG-1873_P,6.111606654824085e-06,1.8353162822395477,0.9291657539332436,0.0,1.02745513371254,OneLayerCRMPSingleConstrained,253,0.8124132262354027,0.9941844820279748,0.9020059199893045,0.9331014130133942,0.9308332516380021,ALLWARA
BG-2146_I,BG-1873_P,0.044281722958795525,1.8353162822395477,0.9291657539332436,0.0,1.02745513371254,OneLayerCRMPSingleConstrained,254,0.8124132262354027,0.9941844820279748,0.9020059199893045,0.9331014130133942,0.9308332516380021,ALLWARA
BG-1253_I,BG-0767_P,0.6565975370308768,3.686448833388242,25.83362793856246,0.0,1.4,OneLayerCRMPSingleConstrained,255,0.752573678263159,0.9791547105320093,0.8863621585323131,0.7610909713558632,0.8917669611686605,ALLWARA
BG-1255_I,BG-0767_P,5.5459827738637525e-06,3.686448833388242,25.83362793856246,0.0,1.4,OneLayerCRMPSingleConstrained,256,0.752573678263159,0.9791547105320093,0.8863621585323131,0.7610909713558632,0.8917669611686605,ALLWARA
BG-1260_I,BG-0767_P,2.633712156269941e-06,3.686448833388242,25.83362793856246,0.0,1.4,OneLayerCRMPSingleConstrained,257,0.752573678263159,0.9791547105320093,0.8863621585323131,0.7610909713558632,0.8917669611686605,ALLWARA
BG-1262_I,BG-0767_P,0.0005689712385606396,3.686448833388242,25.83362793856246,0.0,1.4,OneLayerCRMPSingleConstrained,258,0.752573678263159,0.9791547105320093,0.8863621585323131,0.7610909713558632,0.8917669611686605,ALLWARA
BG-1263_I,BG-0767_P,0.003930931091434558,3.686448833388242,25.83362793856246,0.0,1.4,OneLayerCRMPSingleConstrained,259,0.752573678263159,0.9791547105320093,0.8863621585323131,0.7610909713558632,0.8917669611686605,ALLWARA
BG-1264_I,BG-0767_P,0.00018091585789035993,3.686448833388242,25.83362793856246,0.0,1.4,OneLayerCRMPSingleConstrained,260,0.752573678263159,0.9791547105320093,0.8863621585323131,0.7610909713558632,0.8917669611686605,ALLWARA
BG-1268_I,BG-0767_P,7.789565925650576e-06,3.686448833388242,25.83362793856246,0.0,1.4,OneLayerCRMPSingleConstrained,261,0.752573678263159,0.9791547105320093,0.8863621585323131,0.7610909713558632,0.8917669611686605,ALLWARA
BG-1486_I,BG-0767_P,9.836516359991408e-06,3.686448833388242,25.83362793856246,0.0,1.4,OneLayerCRMPSingleConstrained,262,0.752573678263159,0.9791547105320093,0.8863621585323131,0.7610909713558632,0.8917669611686605,ALLWARA
BG-1487ST1_I,BG-0767_P,7.383325321785761e-05,3.686448833388242,25.83362793856246,0.0,1.4,OneLayerCRMPSingleConstrained,263,0.752573678263159,0.9791547105320093,0.8863621585323131,0.7610909713558632,0.8917669611686605,ALLWARA
BG-1898_I,BG-0767_P,6.127969756926645e-06,3.686448833388242,25.83362793856246,0.0,1.4,OneLayerCRMPSingleConstrained,264,0.752573678263159,0.9791547105320093,0.8863621585323131,0.7610909713558632,0.8917669611686605,ALLWARA
BG-1255_I,BG-0299_P,5.5459827738637525e-06,7.656691420981963,1.0,0.0,1.0000000149011612,OneLayerCRMPSingleConstrained,265,0.9117973212752308,0.9960439690322469,0.9548932180700896,0.9523012938169303,0.966086300145155,ALLWARA
BG-1260_I,BG-0299_P,2.633712156269941e-06,7.656691420981963,1.0,0.0,1.0000000149011612,OneLayerCRMPSingleConstrained,266,0.9117973212752308,0.9960439690322469,0.9548932180700896,0.9523012938169303,0.966086300145155,ALLWARA
BG-1262_I,BG-0299_P,0.0005319075354916792,7.656691420981963,1.0,0.0,1.0000000149011612,OneLayerCRMPSingleConstrained,267,0.9117973212752308,0.9960439690322469,0.9548932180700896,0.9523012938169303,0.966086300145155,ALLWARA
BG-1264_I,BG-0299_P,1.3970526656361496e-05,7.656691420981963,1.0,0.0,1.0000000149011612,OneLayerCRMPSingleConstrained,268,0.9117973212752308,0.9960439690322469,0.9548932180700896,0.9523012938169303,0.966086300145155,ALLWARA
BG-1268_I,BG-0299_P,6.931781996371253e-06,7.656691420981963,1.0,0.0,1.0000000149011612,OneLayerCRMPSingleConstrained,269,0.9117973212752308,0.9960439690322469,0.9548932180700896,0.9523012938169303,0.966086300145155,ALLWARA
BG-1296_I,BG-0299_P,0.29297532827329004,7.656691420981963,1.0,0.0,1.0000000149011612,OneLayerCRMPSingleConstrained,270,0.9117973212752308,0.9960439690322469,0.9548932180700896,0.9523012938169303,0.966086300145155,ALLWARA
BG-1486_I,BG-0299_P,9.836153158061385e-06,7.656691420981963,1.0,0.0,1.0000000149011612,OneLayerCRMPSingleConstrained,271,0.9117973212752308,0.9960439690322469,0.9548932180700896,0.9523012938169303,0.966086300145155,ALLWARA
BG-1487ST1_I,BG-0299_P,3.442481408197589e-05,7.656691420981963,1.0,0.0,1.0000000149011612,OneLayerCRMPSingleConstrained,272,0.9117973212752308,0.9960439690322469,0.9548932180700896,0.9523012938169303,0.966086300145155,ALLWARA
BG-1635_I,BG-0299_P,4.302693360468484e-06,7.656691420981963,1.0,0.0,1.0000000149011612,OneLayerCRMPSingleConstrained,273,0.9117973212752308,0.9960439690322469,0.9548932180700896,0.9523012938169303,0.966086300145155,ALLWARA
BG-1784ST1_I,BG-0299_P,1.70761214998345e-05,7.656691420981963,1.0,0.0,1.0000000149011612,OneLayerCRMPSingleConstrained,274,0.9117973212752308,0.9960439690322469,0.9548932180700896,0.9523012938169303,0.966086300145155,ALLWARA
BG-2146_I,BG-0299_P,0.005137909189214493,7.656691420981963,1.0,0.0,1.0000000149011612,OneLayerCRMPSingleConstrained,275,0.9117973212752308,0.9960439690322469,0.9548932180700896,0.9523012938169303,0.966086300145155,ALLWARA
BG-0831_I,BG-1254_P,0.0030901257170305326,17.582346906773203,30.39695150209155,0.0,0.9280975849828816,OneLayerCRMPSingleConstrained,276,0.7041587319162081,0.974725608135103,0.8488511904680455,0.877274605710262,0.8901169115899197,ALLWARA
BG-1253_I,BG-1254_P,6.344209559291872e-05,17.582346906773203,30.39695150209155,0.0,0.9280975849828816,OneLayerCRMPSingleConstrained,277,0.7041587319162081,0.974725608135103,0.8488511904680455,0.877274605710262,0.8901169115899197,ALLWARA
BG-1255_I,BG-1254_P,5.568776888091359e-06,17.582346906773203,30.39695150209155,0.0,0.9280975849828816,OneLayerCRMPSingleConstrained,278,0.7041587319162081,0.974725608135103,0.8488511904680455,0.877274605710262,0.8901169115899197,ALLWARA
BG-1260_I,BG-1254_P,2.638745214690289e-06,17.582346906773203,30.39695150209155,0.0,0.9280975849828816,OneLayerCRMPSingleConstrained,279,0.7041587319162081,0.974725608135103,0.8488511904680455,0.877274605710262,0.8901169115899197,ALLWARA
BG-1263_I,BG-1254_P,4.726343472350693e-06,17.582346906773203,30.39695150209155,0.0,0.9280975849828816,OneLayerCRMPSingleConstrained,280,0.7041587319162081,0.974725608135103,0.8488511904680455,0.877274605710262,0.8901169115899197,ALLWARA
BG-1264_I,BG-1254_P,0.00011189331344225712,17.582346906773203,30.39695150209155,0.0,0.9280975849828816,OneLayerCRMPSingleConstrained,281,0.7041587319162081,0.974725608135103,0.8488511904680455,0.877274605710262,0.8901169115899197,ALLWARA
BG-1486_I,BG-1254_P,0.0009593454648941477,17.582346906773203,30.39695150209155,0.0,0.9280975849828816,OneLayerCRMPSingleConstrained,282,0.7041587319162081,0.974725608135103,0.8488511904680455,0.877274605710262,0.8901169115899197,ALLWARA
BG-1898_I,BG-1254_P,0.9973564396105602,17.582346906773203,30.39695150209155,0.0,0.9280975849828816,OneLayerCRMPSingleConstrained,283,0.7041587319162081,0.974725608135103,0.8488511904680455,0.877274605710262,0.8901169115899197,ALLWARA
BG-0743_I,BG-1956_P,0.000527452927255817,3.4853292673333685,1.0,0.0,1.0000000149011612,OneLayerCRMPSingleConstrained,284,0.9854766675875624,1.0010128906602354,0.9927122093282111,0.9927928768477781,0.9945634302563509,ALLWARA
BG-0831_I,BG-1956_P,0.5043718507531901,3.4853292673333685,1.0,0.0,1.0000000149011612,OneLayerCRMPSingleConstrained,285,0.9854766675875624,1.0010128906602354,0.9927122093282111,0.9927928768477781,0.9945634302563509,ALLWARA
BG-0832_I,BG-1956_P,6.003866536319626e-06,3.4853292673333685,1.0,0.0,1.0000000149011612,OneLayerCRMPSingleConstrained,286,0.9854766675875624,1.0010128906602354,0.9927122093282111,0.9927928768477781,0.9945634302563509,ALLWARA
BG-1255_I,BG-1956_P,5.5459827738637525e-06,3.4853292673333685,1.0,0.0,1.0000000149011612,OneLayerCRMPSingleConstrained,287,0.9854766675875624,1.0010128906602354,0.9927122093282111,0.9927928768477781,0.9945634302563509,ALLWARA
BG-1263_I,BG-1956_P,4.725577538171693e-06,3.4853292673333685,1.0,0.0,1.0000000149011612,OneLayerCRMPSingleConstrained,288,0.9854766675875624,1.0010128906602354,0.9927122093282111,0.9927928768477781,0.9945634302563509,ALLWARA
BG-1898_I,BG-1956_P,6.127969756926645e-06,3.4853292673333685,1.0,0.0,1.0000000149011612,OneLayerCRMPSingleConstrained,289,0.9854766675875624,1.0010128906602354,0.9927122093282111,0.9927928768477781,0.9945634302563509,ALLWARA
BG-1260_I,BG-1871_P,2.6372526791441096e-06,2.817798470413593,42.82879190383048,0.0,1.0376625754883477,OneLayerCRMPSingleConstrained,290,0.07563090002646522,0.9666260550671769,0.6484775312992389,1.170203554830706,0.7570930943786562,ALLWARA
BG-1296_I,BG-1871_P,5.212017893389761e-06,2.817798470413593,42.82879190383048,0.0,1.0376625754883477,OneLayerCRMPSingleConstrained,291,0.07563090002646522,0.9666260550671769,0.6484775312992389,1.170203554830706,0.7570930943786562,ALLWARA
BG-1487ST1_I,BG-1871_P,0.10202702735444859,2.817798470413593,42.82879190383048,0.0,1.0376625754883477,OneLayerCRMPSingleConstrained,292,0.07563090002646522,0.9666260550671769,0.6484775312992389,1.170203554830706,0.7570930943786562,ALLWARA
BG-1635_I,BG-1871_P,4.303900351627317e-06,2.817798470413593,42.82879190383048,0.0,1.0376625754883477,OneLayerCRMPSingleConstrained,293,0.07563090002646522,0.9666260550671769,0.6484775312992389,1.170203554830706,0.7570930943786562,ALLWARA
BG-1784ST1_I,BG-1871_P,1.7350227060699068e-05,2.817798470413593,42.82879190383048,0.0,1.0376625754883477,OneLayerCRMPSingleConstrained,294,0.07563090002646522,0.9666260550671769,0.6484775312992389,1.170203554830706,0.7570930943786562,ALLWARA
BG-1885_I,BG-1871_P,0.9944786084919122,2.817798470413593,42.82879190383048,0.0,1.0376625754883477,OneLayerCRMPSingleConstrained,295,0.07563090002646522,0.9666260550671769,0.6484775312992389,1.170203554830706,0.7570930943786562,ALLWARA
BG-2146_I,BG-1871_P,1.044905906055938e-05,2.817798470413593,42.82879190383048,0.0,1.0376625754883477,OneLayerCRMPSingleConstrained,296,0.07563090002646522,0.9666260550671769,0.6484775312992389,1.170203554830706,0.7570930943786562,ALLWARA
BG-1253_I,BG-1261_P,5.975189062030829e-05,17.17992907640986,39.23000479536479,0.0,1.1997919042433072,OneLayerCRMPSingleConstrained,297,0.8970758267792122,0.9693625687430549,0.9513164862271583,1.0255346350142271,0.9605775029099689,ALLWARA
BG-1255_I,BG-1261_P,5.5459827738637525e-06,17.17992907640986,39.23000479536479,0.0,1.1997919042433072,OneLayerCRMPSingleConstrained,298,0.8970758267792122,0.9693625687430549,0.9513164862271583,1.0255346350142271,0.9605775029099689,ALLWARA
BG-1260_I,BG-1261_P,1.3625173525134319e-05,17.17992907640986,39.23000479536479,0.0,1.1997919042433072,OneLayerCRMPSingleConstrained,299,0.8970758267792122,0.9693625687430549,0.9513164862271583,1.0255346350142271,0.9605775029099689,ALLWARA
BG-1262_I,BG-1261_P,0.0006258808189239146,17.17992907640986,39.23000479536479,0.0,1.1997919042433072,OneLayerCRMPSingleConstrained,300,0.8970758267792122,0.9693625687430549,0.9513164862271583,1.0255346350142271,0.9605775029099689,ALLWARA
BG-1296_I,BG-1261_P,5.1945216557858554e-06,17.17992907640986,39.23000479536479,0.0,1.1997919042433072,OneLayerCRMPSingleConstrained,301,0.8970758267792122,0.9693625687430549,0.9513164862271583,1.0255346350142271,0.9605775029099689,ALLWARA
BG-1486_I,BG-1261_P,9.83967051739254e-06,17.17992907640986,39.23000479536479,0.0,1.1997919042433072,OneLayerCRMPSingleConstrained,302,0.8970758267792122,0.9693625687430549,0.9513164862271583,1.0255346350142271,0.9605775029099689,ALLWARA
BG-1487ST1_I,BG-1261_P,0.001083558620134335,17.17992907640986,39.23000479536479,0.0,1.1997919042433072,OneLayerCRMPSingleConstrained,303,0.8970758267792122,0.9693625687430549,0.9513164862271583,1.0255346350142271,0.9605775029099689,ALLWARA
BG-1885_I,BG-1261_P,6.111609153707776e-06,17.17992907640986,39.23000479536479,0.0,1.1997919042433072,OneLayerCRMPSingleConstrained,304,0.8970758267792122,0.9693625687430549,0.9513164862271583,1.0255346350142271,0.9605775029099689,ALLWARA
BG-1260_I,BG-0764_P,2.633712156269941e-06,49.92136215080104,25.578081685241475,0.0,1.3629078858040682,OneLayerCRMPSingleConstrained,305,0.737340842893683,1.0040689671258842,0.858909567324781,0.844702215260464,0.893336415758802,ALLWARA
BG-1262_I,BG-0764_P,0.7873104712036864,49.92136215080104,25.578081685241475,0.0,1.3629078858040682,OneLayerCRMPSingleConstrained,306,0.737340842893683,1.0040689671258842,0.858909567324781,0.844702215260464,0.893336415758802,ALLWARA
BG-1296_I,BG-0764_P,5.176275620297738e-06,49.92136215080104,25.578081685241475,0.0,1.3629078858040682,OneLayerCRMPSingleConstrained,307,0.737340842893683,1.0040689671258842,0.858909567324781,0.844702215260464,0.893336415758802,ALLWARA
BG-1486_I,BG-0764_P,9.836106866822061e-06,49.92136215080104,25.578081685241475,0.0,1.3629078858040682,OneLayerCRMPSingleConstrained,308,0.737340842893683,1.0040689671258842,0.858909567324781,0.844702215260464,0.893336415758802,ALLWARA
BG-1487ST1_I,BG-0764_P,3.442481408197589e-05,49.92136215080104,25.578081685241475,0.0,1.3629078858040682,OneLayerCRMPSingleConstrained,309,0.737340842893683,1.0040689671258842,0.858909567324781,0.844702215260464,0.893336415758802,ALLWARA
BG-1885_I,BG-0764_P,6.1116079742612745e-06,49.92136215080104,25.578081685241475,0.0,1.3629078858040682,OneLayerCRMPSingleConstrained,310,0.737340842893683,1.0040689671258842,0.858909567324781,0.844702215260464,0.893336415758802,ALLWARA
BG-2146_I,BG-0764_P,1.0425759576293827e-05,49.92136215080104,25.578081685241475,0.0,1.3629078858040682,OneLayerCRMPSingleConstrained,311,0.737340842893683,1.0040689671258842,0.858909567324781,0.844702215260464,0.893336415758802,ALLWARA
BG-1253_I,BG-1164_P,0.016833979453850765,14.10805986778965,19.87819589050306,0.0,1.1327723184805047,OneLayerCRMPSingleConstrained,312,0.7889096148916469,0.9882548649195656,0.8902806149291375,0.9122176529372821,0.9209436574849457,ALLWARA
BG-1255_I,BG-1164_P,5.5459827738637525e-06,14.10805986778965,19.87819589050306,0.0,1.1327723184805047,OneLayerCRMPSingleConstrained,313,0.7889096148916469,0.9882548649195656,0.8902806149291375,0.9122176529372821,0.9209436574849457,ALLWARA
BG-1260_I,BG-1164_P,2.633712156269941e-06,14.10805986778965,19.87819589050306,0.0,1.1327723184805047,OneLayerCRMPSingleConstrained,314,0.7889096148916469,0.9882548649195656,0.8902806149291375,0.9122176529372821,0.9209436574849457,ALLWARA
BG-1262_I,BG-1164_P,0.00829117130301705,14.10805986778965,19.87819589050306,0.0,1.1327723184805047,OneLayerCRMPSingleConstrained,315,0.7889096148916469,0.9882548649195656,0.8902806149291375,0.9122176529372821,0.9209436574849457,ALLWARA
BG-1296_I,BG-1164_P,0.6258643799967577,14.10805986778965,19.87819589050306,0.0,1.1327723184805047,OneLayerCRMPSingleConstrained,316,0.7889096148916469,0.9882548649195656,0.8902806149291375,0.9122176529372821,0.9209436574849457,ALLWARA
BG-1486_I,BG-1164_P,9.836183205310357e-06,14.10805986778965,19.87819589050306,0.0,1.1327723184805047,OneLayerCRMPSingleConstrained,317,0.7889096148916469,0.9882548649195656,0.8902806149291375,0.9122176529372821,0.9209436574849457,ALLWARA
BG-1487ST1_I,BG-1164_P,3.442481408197589e-05,14.10805986778965,19.87819589050306,0.0,1.1327723184805047,OneLayerCRMPSingleConstrained,318,0.7889096148916469,0.9882548649195656,0.8902806149291375,0.9122176529372821,0.9209436574849457,ALLWARA
BG-1253_I,BG-1257_P,6.0195276782551775e-05,43.03230007443459,50.0,0.0,1.1742325437412708,OneLayerCRMPSingleConstrained,319,0.30403921238114406,0.972069942397342,0.7193619774015496,1.153579715584721,0.8046780159980611,ALLWARA
BG-1255_I,BG-1257_P,5.548217213449297e-06,43.03230007443459,50.0,0.0,1.1742325437412708,OneLayerCRMPSingleConstrained,320,0.30403921238114406,0.972069942397342,0.7193619774015496,1.153579715584721,0.8046780159980611,ALLWARA
BG-1258_I,BG-1257_P,2.7073913372329918e-05,43.03230007443459,50.0,0.0,1.1742325437412708,OneLayerCRMPSingleConstrained,321,0.30403921238114406,0.972069942397342,0.7193619774015496,1.153579715584721,0.8046780159980611,ALLWARA
BG-1260_I,BG-1257_P,0.42239938553358836,43.03230007443459,50.0,0.0,1.1742325437412708,OneLayerCRMPSingleConstrained,322,0.30403921238114406,0.972069942397342,0.7193619774015496,1.153579715584721,0.8046780159980611,ALLWARA
BG-1262_I,BG-1257_P,0.0006331981791027673,43.03230007443459,50.0,0.0,1.1742325437412708,OneLayerCRMPSingleConstrained,323,0.30403921238114406,0.972069942397342,0.7193619774015496,1.153579715584721,0.8046780159980611,ALLWARA
BG-1296_I,BG-1257_P,8.766312742952877e-06,43.03230007443459,50.0,0.0,1.1742325437412708,OneLayerCRMPSingleConstrained,324,0.30403921238114406,0.972069942397342,0.7193619774015496,1.153579715584721,0.8046780159980611,ALLWARA
BG-1486_I,BG-1257_P,9.842504690726268e-06,43.03230007443459,50.0,0.0,1.1742325437412708,OneLayerCRMPSingleConstrained,325,0.30403921238114406,0.972069942397342,0.7193619774015496,1.153579715584721,0.8046780159980611,ALLWARA
BG-1487ST1_I,BG-1257_P,3.445405677641913e-05,43.03230007443459,50.0,0.0,1.1742325437412708,OneLayerCRMPSingleConstrained,326,0.30403921238114406,0.972069942397342,0.7193619774015496,1.153579715584721,0.8046780159980611,ALLWARA
BG-0832_I,BG-0921_P,0.020407813807650346,3.1479662746161163,50.0,0.0,1.4,OneLayerCRMPSingleConstrained,327,0.6741714962705714,0.9644427959195817,0.8795170011686612,0.9689380467399376,0.9151607697449639,ALLWARA
BG-1253_I,BG-0921_P,6.02015276771412e-05,3.1479662746161163,50.0,0.0,1.4,OneLayerCRMPSingleConstrained,328,0.6741714962705714,0.9644427959195817,0.8795170011686612,0.9689380467399376,0.9151607697449639,ALLWARA
BG-1255_I,BG-0921_P,5.546089060012413e-06,3.1479662746161163,50.0,0.0,1.4,OneLayerCRMPSingleConstrained,329,0.6741714962705714,0.9644427959195817,0.8795170011686612,0.9689380467399376,0.9151607697449639,ALLWARA
BG-1258_I,BG-0921_P,5.682304676345631e-06,3.1479662746161163,50.0,0.0,1.4,OneLayerCRMPSingleConstrained,330,0.6741714962705714,0.9644427959195817,0.8795170011686612,0.9689380467399376,0.9151607697449639,ALLWARA
BG-1260_I,BG-0921_P,0.33362627357314306,3.1479662746161163,50.0,0.0,1.4,OneLayerCRMPSingleConstrained,331,0.6741714962705714,0.9644427959195817,0.8795170011686612,0.9689380467399376,0.9151607697449639,ALLWARA
BG-1262_I,BG-0921_P,0.0006309080844095482,3.1479662746161163,50.0,0.0,1.4,OneLayerCRMPSingleConstrained,332,0.6741714962705714,0.9644427959195817,0.8795170011686612,0.9689380467399376,0.9151607697449639,ALLWARA
BG-1243_I,BG-2018_P,0.1379515115441882,2.0658776305849376,1.0,0.0,1.0000000149011612,OneLayerCRMPSingleConstrained,333,0.9587314692867958,0.976478632742664,0.9803969518532316,0.9653253484220223,0.9767164533921491,ALLWARA
BG-1296_I,BG-2018_P,0.0790217520182186,2.0658776305849376,1.0,0.0,1.0000000149011612,OneLayerCRMPSingleConstrained,334,0.9587314692867958,0.976478632742664,0.9803969518532316,0.9653253484220223,0.9767164533921491,ALLWARA
BG-1885_I,BG-2018_P,0.002680931341428456,2.0658776305849376,1.0,0.0,1.0000000149011612,OneLayerCRMPSingleConstrained,335,0.9587314692867958,0.976478632742664,0.9803969518532316,0.9653253484220223,0.9767164533921491,ALLWARA
BG-2146_I,BG-2018_P,0.9463325590226134,2.0658776305849376,1.0,0.0,1.0000000149011612,OneLayerCRMPSingleConstrained,336,0.9587314692867958,0.976478632742664,0.9803969518532316,0.9653253484220223,0.9767164533921491,ALLWARA
BG-2210_I,BG-2018_P,1.305859674527565e-05,2.0658776305849376,1.0,0.0,1.0000000149011612,OneLayerCRMPSingleConstrained,337,0.9587314692867958,0.976478632742664,0.9803969518532316,0.9653253484220223,0.9767164533921491,ALLWARA
BG-1243_I,BG-1805_P,0.14549994143848727,6.0479391908188385,42.85412512056838,1.3872181780930506e-13,1.4,OneLayerCRMPSingleConstrained,338,0.9248480476634515,1.0002452676183964,0.9620276813824049,0.9365527238137683,0.9675741399901937,ALLWARA
BG-1253_I,BG-1805_P,5.945908049652273e-05,6.0479391908188385,42.85412512056838,1.3872181780930506e-13,1.4,OneLayerCRMPSingleConstrained,339,0.9248480476634515,1.0002452676183964,0.9620276813824049,0.9365527238137683,0.9675741399901937,ALLWARA
BG-1258_I,BG-1805_P,9.790853560682437e-06,6.0479391908188385,42.85412512056838,1.3872181780930506e-13,1.4,OneLayerCRMPSingleConstrained,340,0.9248480476634515,1.0002452676183964,0.9620276813824049,0.9365527238137683,0.9675741399901937,ALLWARA
BG-1260_I,BG-1805_P,2.633712156269941e-06,6.0479391908188385,42.85412512056838,1.3872181780930506e-13,1.4,OneLayerCRMPSingleConstrained,341,0.9248480476634515,1.0002452676183964,0.9620276813824049,0.9365527238137683,0.9675741399901937,ALLWARA
BG-1262_I,BG-1805_P,0.0005602030510943927,6.0479391908188385,42.85412512056838,1.3872181780930506e-13,1.4,OneLayerCRMPSingleConstrained,342,0.9248480476634515,1.0002452676183964,0.9620276813824049,0.9365527238137683,0.9675741399901937,ALLWARA
BG-1295_I,BG-1805_P,3.6079876094710997e-06,6.0479391908188385,42.85412512056838,1.3872181780930506e-13,1.4,OneLayerCRMPSingleConstrained,343,0.9248480476634515,1.0002452676183964,0.9620276813824049,0.9365527238137683,0.9675741399901937,ALLWARA
BG-1296_I,BG-1805_P,5.188845748062329e-06,6.0479391908188385,42.85412512056838,1.3872181780930506e-13,1.4,OneLayerCRMPSingleConstrained,344,0.9248480476634515,1.0002452676183964,0.9620276813824049,0.9365527238137683,0.9675741399901937,ALLWARA
BG-1487ST1_I,BG-1805_P,3.442481408197589e-05,6.0479391908188385,42.85412512056838,1.3872181780930506e-13,1.4,OneLayerCRMPSingleConstrained,345,0.9248480476634515,1.0002452676183964,0.9620276813824049,0.9365527238137683,0.9675741399901937,ALLWARA
BG-1885_I,BG-1805_P,0.0003443040305090006,6.0479391908188385,42.85412512056838,1.3872181780930506e-13,1.4,OneLayerCRMPSingleConstrained,346,0.9248480476634515,1.0002452676183964,0.9620276813824049,0.9365527238137683,0.9675741399901937,ALLWARA
BG-2210_I,BG-1805_P,6.124892231129769e-06,6.0479391908188385,42.85412512056838,1.3872181780930506e-13,1.4,OneLayerCRMPSingleConstrained,347,0.9248480476634515,1.0002452676183964,0.9620276813824049,0.9365527238137683,0.9675741399901937,ALLWARA
BG-0832_I,BG-1880_P,0.9771580458262382,2.9016555369770285,1.0,0.0,1.0000000149011612,OneLayerCRMPSingleConstrained,348,0.9584587903231896,0.9212655368395145,0.9891870482078734,0.9234608471470406,0.9414505318642621,ALLWARA
BG-0833_I,BG-1880_P,0.007866884653726237,2.9016555369770285,1.0,0.0,1.0000000149011612,OneLayerCRMPSingleConstrained,349,0.9584587903231896,0.9212655368395145,0.9891870482078734,0.9234608471470406,0.9414505318642621,ALLWARA
BG-1253_I,BG-1880_P,5.980608125902153e-05,2.9016555369770285,1.0,0.0,1.0000000149011612,OneLayerCRMPSingleConstrained,350,0.9584587903231896,0.9212655368395145,0.9891870482078734,0.9234608471470406,0.9414505318642621,ALLWARA
BG-1255_I,BG-1880_P,0.32683392632671115,2.9016555369770285,1.0,0.0,1.0000000149011612,OneLayerCRMPSingleConstrained,351,0.9584587903231896,0.9212655368395145,0.9891870482078734,0.9234608471470406,0.9414505318642621,ALLWARA
BG-1258_I,BG-1880_P,5.683021487303412e-06,2.9016555369770285,1.0,0.0,1.0000000149011612,OneLayerCRMPSingleConstrained,352,0.9584587903231896,0.9212655368395145,0.9891870482078734,0.9234608471470406,0.9414505318642621,ALLWARA
BG-1262_I,BG-1880_P,0.0006605491922530859,2.9016555369770285,1.0,0.0,1.0000000149011612,OneLayerCRMPSingleConstrained,353,0.9584587903231896,0.9212655368395145,0.9891870482078734,0.9234608471470406,0.9414505318642621,ALLWARA
BG-1243_I,BG-0763_P,2.618927861194085e-06,1.6686341708416774,18.72160076349669,0.0,1.4,OneLayerCRMPSingleConstrained,354,0.23937631693996841,0.9364797034129084,0.5373464577616152,0.6312835345976769,0.6657357469205166,ALLWARA
BG-1253_I,BG-0763_P,5.971408399662696e-05,1.6686341708416774,18.72160076349669,0.0,1.4,OneLayerCRMPSingleConstrained,355,0.23937631693996841,0.9364797034129084,0.5373464577616152,0.6312835345976769,0.6657357469205166,ALLWARA
BG-1255_I,BG-0763_P,5.5459827738637525e-06,1.6686341708416774,18.72160076349669,0.0,1.4,OneLayerCRMPSingleConstrained,356,0.23937631693996841,0.9364797034129084,0.5373464577616152,0.6312835345976769,0.6657357469205166,ALLWARA
BG-1258_I,BG-0763_P,5.681888818409082e-06,1.6686341708416774,18.72160076349669,0.0,1.4,OneLayerCRMPSingleConstrained,357,0.23937631693996841,0.9364797034129084,0.5373464577616152,0.6312835345976769,0.6657357469205166,ALLWARA
BG-1260_I,BG-0763_P,0.24286657233034226,1.6686341708416774,18.72160076349669,0.0,1.4,OneLayerCRMPSingleConstrained,358,0.23937631693996841,0.9364797034129084,0.5373464577616152,0.6312835345976769,0.6657357469205166,ALLWARA
BG-1262_I,BG-0763_P,0.0006096870327474586,1.6686341708416774,18.72160076349669,0.0,1.4,OneLayerCRMPSingleConstrained,359,0.23937631693996841,0.9364797034129084,0.5373464577616152,0.6312835345976769,0.6657357469205166,ALLWARA
BG-1295_I,BG-0763_P,3.609517217414937e-06,1.6686341708416774,18.72160076349669,0.0,1.4,OneLayerCRMPSingleConstrained,360,0.23937631693996841,0.9364797034129084,0.5373464577616152,0.6312835345976769,0.6657357469205166,ALLWARA
BG-1296_I,BG-0763_P,5.180985527758922e-06,1.6686341708416774,18.72160076349669,0.0,1.4,OneLayerCRMPSingleConstrained,361,0.23937631693996841,0.9364797034129084,0.5373464577616152,0.6312835345976769,0.6657357469205166,ALLWARA
BG-0832_I,BG-2255_P,6.003866536319626e-06,29.067514662422063,1.0,0.0,1.0,OneLayerCRMPSingleConstrained,362,0.7216344848189876,0.638721681442795,0.980621774885709,0.6225069821054467,0.7295300563157536,ALLWARA
BG-1253_I,BG-2255_P,6.0007933458665714e-05,29.067514662422063,1.0,0.0,1.0,OneLayerCRMPSingleConstrained,363,0.7216344848189876,0.638721681442795,0.980621774885709,0.6225069821054467,0.7295300563157536,ALLWARA
BG-1255_I,BG-2255_P,0.6708676265816687,29.067514662422063,1.0,0.0,1.0,OneLayerCRMPSingleConstrained,364,0.7216344848189876,0.638721681442795,0.980621774885709,0.6225069821054467,0.7295300563157536,ALLWARA
BG-1258_I,BG-2255_P,5.685360646374059e-06,29.067514662422063,1.0,0.0,1.0,OneLayerCRMPSingleConstrained,365,0.7216344848189876,0.638721681442795,0.980621774885709,0.6225069821054467,0.7295300563157536,ALLWARA
BG-1260_I,BG-2255_P,2.63391996183959e-06,29.067514662422063,1.0,0.0,1.0,OneLayerCRMPSingleConstrained,366,0.7216344848189876,0.638721681442795,0.980621774885709,0.6225069821054467,0.7295300563157536,ALLWARA
BG-1262_I,BG-2255_P,0.0006335220433260996,29.067514662422063,1.0,0.0,1.0,OneLayerCRMPSingleConstrained,367,0.7216344848189876,0.638721681442795,0.980621774885709,0.6225069821054467,0.7295300563157536,ALLWARA
BG-1295_I,BG-2255_P,3.6115213284915776e-06,29.067514662422063,1.0,0.0,1.0,OneLayerCRMPSingleConstrained,368,0.7216344848189876,0.638721681442795,0.980621774885709,0.6225069821054467,0.7295300563157536,ALLWARA
BG-1243_I,BG-0298_P,0.010758321717172977,0.8959279746488102,8.39938047402525,7.246773683832041e-15,0.8657371807422469,OneLayerCRMPSingleConstrained,369,0.47291690852502,0.9932909364795438,0.688137478251493,0.698295823709204,0.7700239125447439,ALLWARA
BG-1253_I,BG-0298_P,0.3020204410451811,0.8959279746488102,8.39938047402525,7.246773683832041e-15,0.8657371807422469,OneLayerCRMPSingleConstrained,370,0.47291690852502,0.9932909364795438,0.688137478251493,0.698295823709204,0.7700239125447439,ALLWARA
BG-1258_I,BG-0298_P,5.681888818409082e-06,0.8959279746488102,8.39938047402525,7.246773683832041e-15,0.8657371807422469,OneLayerCRMPSingleConstrained,371,0.47291690852502,0.9932909364795438,0.688137478251493,0.698295823709204,0.7700239125447439,ALLWARA
BG-1262_I,BG-0298_P,0.000545132062389155,0.8959279746488102,8.39938047402525,7.246773683832041e-15,0.8657371807422469,OneLayerCRMPSingleConstrained,372,0.47291690852502,0.9932909364795438,0.688137478251493,0.698295823709204,0.7700239125447439,ALLWARA
BG-1295_I,BG-0298_P,3.6079876094710997e-06,0.8959279746488102,8.39938047402525,7.246773683832041e-15,0.8657371807422469,OneLayerCRMPSingleConstrained,373,0.47291690852502,0.9932909364795438,0.688137478251493,0.698295823709204,0.7700239125447439,ALLWARA
BG-1296_I,BG-0298_P,5.193729742276512e-06,0.8959279746488102,8.39938047402525,7.246773683832041e-15,0.8657371807422469,OneLayerCRMPSingleConstrained,374,0.47291690852502,0.9932909364795438,0.688137478251493,0.698295823709204,0.7700239125447439,ALLWARA
BG-1884_I,BG-0298_P,0.14291818680289922,0.8959279746488102,8.39938047402525,7.246773683832041e-15,0.8657371807422469,OneLayerCRMPSingleConstrained,375,0.47291690852502,0.9932909364795438,0.688137478251493,0.698295823709204,0.7700239125447439,ALLWARA
BG-2210_I,BG-0298_P,0.00010786457954324058,0.8959279746488102,8.39938047402525,7.246773683832041e-15,0.8657371807422469,OneLayerCRMPSingleConstrained,376,0.47291690852502,0.9932909364795438,0.688137478251493,0.698295823709204,0.7700239125447439,ALLWARA
BG-1242_I,BG-1240_P,3.3427954973209997e-06,9.709960982926512,26.939212150826314,0.0,0.9598817066534885,OneLayerCRMPSingleConstrained,377,0.9727418607672351,0.9985576846109443,0.9862984979199536,0.9916715260102158,0.9903900315963677,ALLWARA
BG-1243_I,BG-1240_P,0.2832191744255373,9.709960982926512,26.939212150826314,0.0,0.9598817066534885,OneLayerCRMPSingleConstrained,378,0.9727418607672351,0.9985576846109443,0.9862984979199536,0.9916715260102158,0.9903900315963677,ALLWARA
BG-1296_I,BG-1240_P,5.187245387798153e-06,9.709960982926512,26.939212150826314,0.0,0.9598817066534885,OneLayerCRMPSingleConstrained,379,0.9727418607672351,0.9985576846109443,0.9862984979199536,0.9916715260102158,0.9903900315963677,ALLWARA
BG-1885_I,BG-1240_P,6.111606654824085e-06,9.709960982926512,26.939212150826314,0.0,0.9598817066534885,OneLayerCRMPSingleConstrained,380,0.9727418607672351,0.9985576846109443,0.9862984979199536,0.9916715260102158,0.9903900315963677,ALLWARA
BG-1886_I,BG-1240_P,6.128681966253244e-06,9.709960982926512,26.939212150826314,0.0,0.9598817066534885,OneLayerCRMPSingleConstrained,381,0.9727418607672351,0.9985576846109443,0.9862984979199536,0.9916715260102158,0.9903900315963677,ALLWARA
BG-2210_I,BG-1240_P,6.124892231129769e-06,9.709960982926512,26.939212150826314,0.0,0.9598817066534885,OneLayerCRMPSingleConstrained,382,0.9727418607672351,0.9985576846109443,0.9862984979199536,0.9916715260102158,0.9903900315963677,ALLWARA
BG-1242_I,BG-1888_P,0.4929407175896926,2.7398079675772062,1.0,0.0,1.0000000149011612,OneLayerCRMPSingleConstrained,383,0.6203272581722494,0.9142009568155529,0.8378907761125834,0.7096182365767533,0.8464729627094443,ALLWARA
BG-1243_I,BG-1888_P,2.8019465406527215e-06,2.7398079675772062,1.0,0.0,1.0000000149011612,OneLayerCRMPSingleConstrained,384,0.6203272581722494,0.9142009568155529,0.8378907761125834,0.7096182365767533,0.8464729627094443,ALLWARA
BG-1886_I,BG-1888_P,0.9974723550909573,2.7398079675772062,1.0,0.0,1.0000000149011612,OneLayerCRMPSingleConstrained,385,0.6203272581722494,0.9142009568155529,0.8378907761125834,0.7096182365767533,0.8464729627094443,ALLWARA
BG-2210_I,BG-1888_P,0.996855557541403,2.7398079675772062,1.0,0.0,1.0000000149011612,OneLayerCRMPSingleConstrained,386,0.6203272581722494,0.9142009568155529,0.8378907761125834,0.7096182365767533,0.8464729627094443,ALLWARA
BG-1243_I,BG-1259_P,2.7088278580823874e-06,17.504968133623088,42.47444460545947,0.0,1.0837159565860046,OneLayerCRMPSingleConstrained,387,-0.8100075402996938,0.9865319609637123,0.4739892424911381,1.467695900473406,0.6172927191407231,ALLWARA
BG-1253_I,BG-1259_P,7.045591673509384e-05,17.504968133623088,42.47444460545947,0.0,1.0837159565860046,OneLayerCRMPSingleConstrained,388,-0.8100075402996938,0.9865319609637123,0.4739892424911381,1.467695900473406,0.6172927191407231,ALLWARA
BG-1258_I,BG-1259_P,0.00028118119975878685,17.504968133623088,42.47444460545947,0.0,1.0837159565860046,OneLayerCRMPSingleConstrained,389,-0.8100075402996938,0.9865319609637123,0.4739892424911381,1.467695900473406,0.6172927191407231,ALLWARA
BG-1262_I,BG-1259_P,0.0006762247259269095,17.504968133623088,42.47444460545947,0.0,1.0837159565860046,OneLayerCRMPSingleConstrained,390,-0.8100075402996938,0.9865319609637123,0.4739892424911381,1.467695900473406,0.6172927191407231,ALLWARA
BG-1295_I,BG-1259_P,0.38461227998522707,17.504968133623088,42.47444460545947,0.0,1.0837159565860046,OneLayerCRMPSingleConstrained,391,-0.8100075402996938,0.9865319609637123,0.4739892424911381,1.467695900473406,0.6172927191407231,ALLWARA
BG-1881_I,BG-1259_P,1.326369976430197e-05,17.504968133623088,42.47444460545947,0.0,1.0837159565860046,OneLayerCRMPSingleConstrained,392,-0.8100075402996938,0.9865319609637123,0.4739892424911381,1.467695900473406,0.6172927191407231,ALLWARA
BG-1882_I,BG-1259_P,0.06276568773264404,17.504968133623088,42.47444460545947,0.0,1.0837159565860046,OneLayerCRMPSingleConstrained,393,-0.8100075402996938,0.9865319609637123,0.4739892424911381,1.467695900473406,0.6172927191407231,ALLWARA
BG-1884_I,BG-1259_P,2.7223974165979224e-05,17.504968133623088,42.47444460545947,0.0,1.0837159565860046,OneLayerCRMPSingleConstrained,394,-0.8100075402996938,0.9865319609637123,0.4739892424911381,1.467695900473406,0.6172927191407231,ALLWARA
BG-1242_I,BG-0762_P,3.3427954973209997e-06,0.6478637036135912,24.10296388215399,6.538050974389808e-15,1.3802834503365649,OneLayerCRMPSingleConstrained,395,0.8276461658465821,0.9901160420158632,0.91041002072768,0.9361276512582068,0.9362521110268706,ALLWARA
BG-1243_I,BG-0762_P,2.672182415119614e-06,0.6478637036135912,24.10296388215399,6.538050974389808e-15,1.3802834503365649,OneLayerCRMPSingleConstrained,396,0.8276461658465821,0.9901160420158632,0.91041002072768,0.9361276512582068,0.9362521110268706,ALLWARA
BG-1258_I,BG-0762_P,0.0010450164403543482,0.6478637036135912,24.10296388215399,6.538050974389808e-15,1.3802834503365649,OneLayerCRMPSingleConstrained,397,0.8276461658465821,0.9901160420158632,0.91041002072768,0.9361276512582068,0.9362521110268706,ALLWARA
BG-1295_I,BG-0762_P,3.6079876094710997e-06,0.6478637036135912,24.10296388215399,6.538050974389808e-15,1.3802834503365649,OneLayerCRMPSingleConstrained,398,0.8276461658465821,0.9901160420158632,0.91041002072768,0.9361276512582068,0.9362521110268706,ALLWARA
BG-1882_I,BG-0762_P,0.03158519343436459,0.6478637036135912,24.10296388215399,6.538050974389808e-15,1.3802834503365649,OneLayerCRMPSingleConstrained,399,0.8276461658465821,0.9901160420158632,0.91041002072768,0.9361276512582068,0.9362521110268706,ALLWARA
BG-1884_I,BG-0762_P,0.4567930323816118,0.6478637036135912,24.10296388215399,6.538050974389808e-15,1.3802834503365649,OneLayerCRMPSingleConstrained,400,0.8276461658465821,0.9901160420158632,0.91041002072768,0.9361276512582068,0.9362521110268706,ALLWARA
BG-1886_I,BG-0762_P,6.128681966253244e-06,0.6478637036135912,24.10296388215399,6.538050974389808e-15,1.3802834503365649,OneLayerCRMPSingleConstrained,401,0.8276461658465821,0.9901160420158632,0.91041002072768,0.9361276512582068,0.9362521110268706,ALLWARA
BG-2210_I,BG-0762_P,6.124892231129769e-06,0.6478637036135912,24.10296388215399,6.538050974389808e-15,1.3802834503365649,OneLayerCRMPSingleConstrained,402,0.8276461658465821,0.9901160420158632,0.91041002072768,0.9361276512582068,0.9362521110268706,ALLWARA
BG-1253_I,BG-2153_P,6.550291100934078e-05,2.5165828643832957,1.0,0.0,1.0000000149011612,OneLayerCRMPSingleConstrained,403,0.8640261974025123,0.9381516485641678,0.9382838145464473,0.8869649755846355,0.9313484200511117,ALLWARA
BG-1258_I,BG-2153_P,0.01994512087794689,2.5165828643832957,1.0,0.0,1.0000000149011612,OneLayerCRMPSingleConstrained,404,0.8640261974025123,0.9381516485641678,0.9382838145464473,0.8869649755846355,0.9313484200511117,ALLWARA
BG-1295_I,BG-2153_P,0.3827789215693435,2.5165828643832957,1.0,0.0,1.0000000149011612,OneLayerCRMPSingleConstrained,405,0.8640261974025123,0.9381516485641678,0.9382838145464473,0.8869649755846355,0.9313484200511117,ALLWARA
BG-1881_I,BG-2153_P,1.3218785207187317e-05,2.5165828643832957,1.0,0.0,1.0000000149011612,OneLayerCRMPSingleConstrained,406,0.8640261974025123,0.9381516485641678,0.9382838145464473,0.8869649755846355,0.9313484200511117,ALLWARA
BG-1882_I,BG-2153_P,0.0971314760796602,2.5165828643832957,1.0,0.0,1.0000000149011612,OneLayerCRMPSingleConstrained,407,0.8640261974025123,0.9381516485641678,0.9382838145464473,0.8869649755846355,0.9313484200511117,ALLWARA
BG-1884_I,BG-2153_P,2.719724510639624e-05,2.5165828643832957,1.0,0.0,1.0000000149011612,OneLayerCRMPSingleConstrained,408,0.8640261974025123,0.9381516485641678,0.9382838145464473,0.8869649755846355,0.9313484200511117,ALLWARA
BG-1217_I,BG-1239_P,0.0004940001958646529,49.90788222821623,23.655669693244857,0.0,1.1724394057230954,OneLayerCRMPSingleConstrained,409,0.9958821920574893,0.994636778263046,0.9979437486871654,0.9991012547967749,0.9961364113985048,ALLWARA
BG-1242_I,BG-1239_P,3.3427954973209997e-06,49.90788222821623,23.655669693244857,0.0,1.1724394057230954,OneLayerCRMPSingleConstrained,410,0.9958821920574893,0.994636778263046,0.9979437486871654,0.9991012547967749,0.9961364113985048,ALLWARA
BG-1243_I,BG-1239_P,2.6061236656137483e-06,49.90788222821623,23.655669693244857,0.0,1.1724394057230954,OneLayerCRMPSingleConstrained,411,0.9958821920574893,0.994636778263046,0.9979437486871654,0.9991012547967749,0.9961364113985048,ALLWARA
BG-1295_I,BG-1239_P,3.6079876094710997e-06,49.90788222821623,23.655669693244857,0.0,1.1724394057230954,OneLayerCRMPSingleConstrained,412,0.9958821920574893,0.994636778263046,0.9979437486871654,0.9991012547967749,0.9961364113985048,ALLWARA
BG-1884_I,BG-1239_P,2.713248223814081e-05,49.90788222821623,23.655669693244857,0.0,1.1724394057230954,OneLayerCRMPSingleConstrained,413,0.9958821920574893,0.994636778263046,0.9979437486871654,0.9991012547967749,0.9961364113985048,ALLWARA
BG-1886_I,BG-1239_P,6.128681966253244e-06,49.90788222821623,23.655669693244857,0.0,1.1724394057230954,OneLayerCRMPSingleConstrained,414,0.9958821920574893,0.994636778263046,0.9979437486871654,0.9991012547967749,0.9961364113985048,ALLWARA
BG-2210_I,BG-1239_P,4.411194473868932e-05,49.90788222821623,23.655669693244857,0.0,1.1724394057230954,OneLayerCRMPSingleConstrained,415,0.9958821920574893,0.994636778263046,0.9979437486871654,0.9991012547967749,0.9961364113985048,ALLWARA
BG-1217_I,BG-1890_P,1.1206837575365255e-05,2.1936854044681775,1.0,0.0,1.0000000149011612,OneLayerCRMPSingleConstrained,416,0.7924936045886875,0.9318253262685857,0.8980799682647688,0.8919324401823622,0.9109279768851253,ALLWARA
BG-1242_I,BG-1890_P,0.5056437089362003,2.1936854044681775,1.0,0.0,1.0000000149011612,OneLayerCRMPSingleConstrained,417,0.7924936045886875,0.9318253262685857,0.8980799682647688,0.8919324401823622,0.9109279768851253,ALLWARA
BG-1429_I,BG-1890_P,0.9974470484397704,2.1936854044681775,1.0,0.0,1.0000000149011612,OneLayerCRMPSingleConstrained,418,0.7924936045886875,0.9318253262685857,0.8980799682647688,0.8919324401823622,0.9109279768851253,ALLWARA
BG-1886_I,BG-1890_P,6.128681966253244e-06,2.1936854044681775,1.0,0.0,1.0000000149011612,OneLayerCRMPSingleConstrained,419,0.7924936045886875,0.9318253262685857,0.8980799682647688,0.8919324401823622,0.9109279768851253,ALLWARA
BG-2210_I,BG-1890_P,4.84412488948844e-05,2.1936854044681775,1.0,0.0,1.0000000149011612,OneLayerCRMPSingleConstrained,420,0.7924936045886875,0.9318253262685857,0.8980799682647688,0.8919324401823622,0.9109279768851253,ALLWARA
BG-1242_I,BG-1883_P,3.3427954973209997e-06,13.055298889885822,11.238071323747873,3.541926122070012e-14,1.0467708828170177,OneLayerCRMPSingleConstrained,421,0.04946472333814078,0.9998642272973223,0.3385521369838422,0.5937995503077734,0.5380683353586728,ALLWARA
BG-1243_I,BG-1883_P,0.42150098757121185,13.055298889885822,11.238071323747873,3.541926122070012e-14,1.0467708828170177,OneLayerCRMPSingleConstrained,422,0.04946472333814078,0.9998642272973223,0.3385521369838422,0.5937995503077734,0.5380683353586728,ALLWARA
BG-1258_I,BG-1883_P,5.681888818409082e-06,13.055298889885822,11.238071323747873,3.541926122070012e-14,1.0467708828170177,OneLayerCRMPSingleConstrained,423,0.04946472333814078,0.9998642272973223,0.3385521369838422,0.5937995503077734,0.5380683353586728,ALLWARA
BG-1295_I,BG-1883_P,3.8741460173346416e-05,13.055298889885822,11.238071323747873,3.541926122070012e-14,1.0467708828170177,OneLayerCRMPSingleConstrained,424,0.04946472333814078,0.9998642272973223,0.3385521369838422,0.5937995503077734,0.5380683353586728,ALLWARA
BG-1881_I,BG-1883_P,0.0003208388052512315,13.055298889885822,11.238071323747873,3.541926122070012e-14,1.0467708828170177,OneLayerCRMPSingleConstrained,425,0.04946472333814078,0.9998642272973223,0.3385521369838422,0.5937995503077734,0.5380683353586728,ALLWARA
BG-1882_I,BG-1883_P,6.147796176226498e-05,13.055298889885822,11.238071323747873,3.541926122070012e-14,1.0467708828170177,OneLayerCRMPSingleConstrained,426,0.04946472333814078,0.9998642272973223,0.3385521369838422,0.5937995503077734,0.5380683353586728,ALLWARA
BG-1884_I,BG-1883_P,2.7140696702084778e-05,13.055298889885822,11.238071323747873,3.541926122070012e-14,1.0467708828170177,OneLayerCRMPSingleConstrained,427,0.04946472333814078,0.9998642272973223,0.3385521369838422,0.5937995503077734,0.5380683353586728,ALLWARA
BG-1902_I,BG-1883_P,9.255469987588483e-05,13.055298889885822,11.238071323747873,3.541926122070012e-14,1.0467708828170177,OneLayerCRMPSingleConstrained,428,0.04946472333814078,0.9998642272973223,0.3385521369838422,0.5937995503077734,0.5380683353586728,ALLWARA
BG-0742_I,BG-0922ST1_P,0.9975142258068279,12.493301616314351,22.748377941356257,0.0,1.2535289375775944,OneLayerCRMPSingleConstrained,429,0.9401842973284422,0.9881795073453791,0.9699631642251585,0.9493638816300285,0.9730691135340662,ALLWARA
BG-0833_I,BG-0922ST1_P,0.009454865133270826,12.493301616314351,22.748377941356257,0.0,1.2535289375775944,OneLayerCRMPSingleConstrained,430,0.9401842973284422,0.9881795073453791,0.9699631642251585,0.9493638816300285,0.9730691135340662,ALLWARA
BG-1258_I,BG-0922ST1_P,0.7551008894224018,12.493301616314351,22.748377941356257,0.0,1.2535289375775944,OneLayerCRMPSingleConstrained,431,0.9401842973284422,0.9881795073453791,0.9699631642251585,0.9493638816300285,0.9730691135340662,ALLWARA
BG-1295_I,BG-0922ST1_P,3.6079876094710997e-06,12.493301616314351,22.748377941356257,0.0,1.2535289375775944,OneLayerCRMPSingleConstrained,432,0.9401842973284422,0.9881795073453791,0.9699631642251585,0.9493638816300285,0.9730691135340662,ALLWARA
BG-1881_I,BG-0922ST1_P,1.3202702187409155e-05,12.493301616314351,22.748377941356257,0.0,1.2535289375775944,OneLayerCRMPSingleConstrained,433,0.9401842973284422,0.9881795073453791,0.9699631642251585,0.9493638816300285,0.9730691135340662,ALLWARA
BG-1882_I,BG-0922ST1_P,6.147796176226498e-05,12.493301616314351,22.748377941356257,0.0,1.2535289375775944,OneLayerCRMPSingleConstrained,434,0.9401842973284422,0.9881795073453791,0.9699631642251585,0.9493638816300285,0.9730691135340662,ALLWARA
BG-1884_I,BG-0922ST1_P,2.7141127907946275e-05,12.493301616314351,22.748377941356257,0.0,1.2535289375775944,OneLayerCRMPSingleConstrained,435,0.9401842973284422,0.9881795073453791,0.9699631642251585,0.9493638816300285,0.9730691135340662,ALLWARA
BG-0742_I,BG-1162_P,7.054695468911601e-06,5.090228332132546,1.0,0.0,1.0,OneLayerCRMPSingleConstrained,436,0.7849468756322665,0.6277349614278436,0.990528698555301,0.6314108542931592,0.7243412801022371,ALLWARA
BG-1258_I,BG-1162_P,6.0455715185538914e-05,5.090228332132546,1.0,0.0,1.0,OneLayerCRMPSingleConstrained,437,0.7849468756322665,0.6277349614278436,0.990528698555301,0.6314108542931592,0.7243412801022371,ALLWARA
BG-1295_I,BG-1162_P,3.673965244384971e-06,5.090228332132546,1.0,0.0,1.0,OneLayerCRMPSingleConstrained,438,0.7849468756322665,0.6277349614278436,0.990528698555301,0.6314108542931592,0.7243412801022371,ALLWARA
BG-1881_I,BG-1162_P,1.3741073996138509e-05,5.090228332132546,1.0,0.0,1.0,OneLayerCRMPSingleConstrained,439,0.7849468756322665,0.6277349614278436,0.990528698555301,0.6314108542931592,0.7243412801022371,ALLWARA
BG-1882_I,BG-1162_P,0.783100883028509,5.090228332132546,1.0,0.0,1.0,OneLayerCRMPSingleConstrained,440,0.7849468756322665,0.6277349614278436,0.990528698555301,0.6314108542931592,0.7243412801022371,ALLWARA
BG-1884_I,BG-1162_P,2.7804037609351987e-05,5.090228332132546,1.0,0.0,1.0,OneLayerCRMPSingleConstrained,441,0.7849468756322665,0.6277349614278436,0.990528698555301,0.6314108542931592,0.7243412801022371,ALLWARA
BG-1902_I,BG-1162_P,6.47337724651807e-06,5.090228332132546,1.0,0.0,1.0,OneLayerCRMPSingleConstrained,442,0.7849468756322665,0.6277349614278436,0.990528698555301,0.6314108542931592,0.7243412801022371,ALLWARA
BG-1217_I,BG-1237_P,0.6142551826695699,10.498425278269234,8.569622635632442,8.312436681801213e-16,0.7937770030826825,OneLayerCRMPSingleConstrained,443,0.7693051807201077,0.9994377131767566,0.8771172599213468,0.8819603608924856,0.9095093738051699,ALLWARA
BG-1218_I,BG-1237_P,3.6446251511156976e-06,10.498425278269234,8.569622635632442,8.312436681801213e-16,0.7937770030826825,OneLayerCRMPSingleConstrained,444,0.7693051807201077,0.9994377131767566,0.8771172599213468,0.8819603608924856,0.9095093738051699,ALLWARA
BG-1242_I,BG-1237_P,3.3427954973209997e-06,10.498425278269234,8.569622635632442,8.312436681801213e-16,0.7937770030826825,OneLayerCRMPSingleConstrained,445,0.7693051807201077,0.9994377131767566,0.8771172599213468,0.8819603608924856,0.9095093738051699,ALLWARA
BG-1243_I,BG-1237_P,2.6061190981585353e-06,10.498425278269234,8.569622635632442,8.312436681801213e-16,0.7937770030826825,OneLayerCRMPSingleConstrained,446,0.7693051807201077,0.9994377131767566,0.8771172599213468,0.8819603608924856,0.9095093738051699,ALLWARA
BG-1429_I,BG-1237_P,6.133900634813306e-06,10.498425278269234,8.569622635632442,8.312436681801213e-16,0.7937770030826825,OneLayerCRMPSingleConstrained,447,0.7693051807201077,0.9994377131767566,0.8771172599213468,0.8819603608924856,0.9095093738051699,ALLWARA
BG-1886_I,BG-1237_P,6.128681966253244e-06,10.498425278269234,8.569622635632442,8.312436681801213e-16,0.7937770030826825,OneLayerCRMPSingleConstrained,448,0.7693051807201077,0.9994377131767566,0.8771172599213468,0.8819603608924856,0.9095093738051699,ALLWARA
BG-2209_I,BG-1237_P,9.931473162144621e-05,10.498425278269234,8.569622635632442,8.312436681801213e-16,0.7937770030826825,OneLayerCRMPSingleConstrained,449,0.7693051807201077,0.9994377131767566,0.8771172599213468,0.8819603608924856,0.9095093738051699,ALLWARA
BG-2210_I,BG-1237_P,6.124892231129769e-06,10.498425278269234,8.569622635632442,8.312436681801213e-16,0.7937770030826825,OneLayerCRMPSingleConstrained,450,0.7693051807201077,0.9994377131767566,0.8771172599213468,0.8819603608924856,0.9095093738051699,ALLWARA
BG-1217_I,BG-1236_P,0.3774222548899692,2.897685982336812,16.97718744658344,0.0,0.9725458506761891,OneLayerCRMPSingleConstrained,451,0.9019163068209519,1.0000416095904385,0.9497271489351106,0.9578105537420534,0.9637328314304388,ALLWARA
BG-1242_I,BG-1236_P,3.3427954973209997e-06,2.897685982336812,16.97718744658344,0.0,0.9725458506761891,OneLayerCRMPSingleConstrained,452,0.9019163068209519,1.0000416095904385,0.9497271489351106,0.9578105537420534,0.9637328314304388,ALLWARA
BG-1429_I,BG-1236_P,6.132581534991165e-06,2.897685982336812,16.97718744658344,0.0,0.9725458506761891,OneLayerCRMPSingleConstrained,453,0.9019163068209519,1.0000416095904385,0.9497271489351106,0.9578105537420534,0.9637328314304388,ALLWARA
BG-1886_I,BG-1236_P,6.128681966253244e-06,2.897685982336812,16.97718744658344,0.0,0.9725458506761891,OneLayerCRMPSingleConstrained,454,0.9019163068209519,1.0000416095904385,0.9497271489351106,0.9578105537420534,0.9637328314304388,ALLWARA
BG-1908_I,BG-1236_P,0.0003553288070462687,2.897685982336812,16.97718744658344,0.0,0.9725458506761891,OneLayerCRMPSingleConstrained,455,0.9019163068209519,1.0000416095904385,0.9497271489351106,0.9578105537420534,0.9637328314304388,ALLWARA
BG-2209_I,BG-1236_P,9.932192906072902e-05,2.897685982336812,16.97718744658344,0.0,0.9725458506761891,OneLayerCRMPSingleConstrained,456,0.9019163068209519,1.0000416095904385,0.9497271489351106,0.9578105537420534,0.9637328314304388,ALLWARA
BG-2210_I,BG-1236_P,0.00042132887084351595,2.897685982336812,16.97718744658344,0.0,0.9725458506761891,OneLayerCRMPSingleConstrained,457,0.9019163068209519,1.0000416095904385,0.9497271489351106,0.9578105537420534,0.9637328314304388,ALLWARA
BG-1217_I,BG-0581_P,1.1076375886481861e-05,15.216963112208083,37.36010694886379,8.927214273085137e-16,1.4,OneLayerCRMPSingleConstrained,458,0.26078187313269907,0.9777459107144276,0.7206569092284583,1.1626239191824999,0.8051098591711083,ALLWARA
BG-1218_I,BG-0581_P,0.19101510146261963,15.216963112208083,37.36010694886379,8.927214273085137e-16,1.4,OneLayerCRMPSingleConstrained,459,0.26078187313269907,0.9777459107144276,0.7206569092284583,1.1626239191824999,0.8051098591711083,ALLWARA
BG-1242_I,BG-0581_P,3.3427954973209997e-06,15.216963112208083,37.36010694886379,8.927214273085137e-16,1.4,OneLayerCRMPSingleConstrained,460,0.26078187313269907,0.9777459107144276,0.7206569092284583,1.1626239191824999,0.8051098591711083,ALLWARA
BG-1243_I,BG-0581_P,2.665692495118449e-06,15.216963112208083,37.36010694886379,8.927214273085137e-16,1.4,OneLayerCRMPSingleConstrained,461,0.26078187313269907,0.9777459107144276,0.7206569092284583,1.1626239191824999,0.8051098591711083,ALLWARA
BG-1295_I,BG-0581_P,3.608877956522148e-06,15.216963112208083,37.36010694886379,8.927214273085137e-16,1.4,OneLayerCRMPSingleConstrained,462,0.26078187313269907,0.9777459107144276,0.7206569092284583,1.1626239191824999,0.8051098591711083,ALLWARA
BG-1882_I,BG-0581_P,6.147796176226498e-05,15.216963112208083,37.36010694886379,8.927214273085137e-16,1.4,OneLayerCRMPSingleConstrained,463,0.26078187313269907,0.9777459107144276,0.7206569092284583,1.1626239191824999,0.8051098591711083,ALLWARA
BG-1884_I,BG-0581_P,2.718878025810818e-05,15.216963112208083,37.36010694886379,8.927214273085137e-16,1.4,OneLayerCRMPSingleConstrained,464,0.26078187313269907,0.9777459107144276,0.7206569092284583,1.1626239191824999,0.8051098591711083,ALLWARA
BG-1886_I,BG-0581_P,6.128681966253244e-06,15.216963112208083,37.36010694886379,8.927214273085137e-16,1.4,OneLayerCRMPSingleConstrained,465,0.26078187313269907,0.9777459107144276,0.7206569092284583,1.1626239191824999,0.8051098591711083,ALLWARA
BG-1902_I,BG-0581_P,0.6440044926323993,15.216963112208083,37.36010694886379,8.927214273085137e-16,1.4,OneLayerCRMPSingleConstrained,466,0.26078187313269907,0.9777459107144276,0.7206569092284583,1.1626239191824999,0.8051098591711083,ALLWARA
BG-2210_I,BG-0581_P,1.417976582911371e-05,15.216963112208083,37.36010694886379,8.927214273085137e-16,1.4,OneLayerCRMPSingleConstrained,467,0.26078187313269907,0.9777459107144276,0.7206569092284583,1.1626239191824999,0.8051098591711083,ALLWARA
BG-0742_I,BG-0987_P,6.128939228822938e-06,11.272976124693798,19.86080456521324,0.0,0.9390995829433227,OneLayerCRMPSingleConstrained,468,0.9047394022323634,0.9981532264598423,0.9512738823106227,0.9423126956001097,0.9625470587028601,ALLWARA
BG-1258_I,BG-0987_P,0.2212041376733836,11.272976124693798,19.86080456521324,0.0,0.9390995829433227,OneLayerCRMPSingleConstrained,469,0.9047394022323634,0.9981532264598423,0.9512738823106227,0.9423126956001097,0.9625470587028601,ALLWARA
BG-1295_I,BG-0987_P,3.6255646971082934e-06,11.272976124693798,19.86080456521324,0.0,0.9390995829433227,OneLayerCRMPSingleConstrained,470,0.9047394022323634,0.9981532264598423,0.9512738823106227,0.9423126956001097,0.9625470587028601,ALLWARA
BG-1881_I,BG-0987_P,0.9924914053290846,11.272976124693798,19.86080456521324,0.0,0.9390995829433227,OneLayerCRMPSingleConstrained,471,0.9047394022323634,0.9981532264598423,0.9512738823106227,0.9423126956001097,0.9625470587028601,ALLWARA
BG-1882_I,BG-0987_P,6.147796176226498e-05,11.272976124693798,19.86080456521324,0.0,0.9390995829433227,OneLayerCRMPSingleConstrained,472,0.9047394022323634,0.9981532264598423,0.9512738823106227,0.9423126956001097,0.9625470587028601,ALLWARA
BG-1884_I,BG-0987_P,2.715642022229657e-05,11.272976124693798,19.86080456521324,0.0,0.9390995829433227,OneLayerCRMPSingleConstrained,473,0.9047394022323634,0.9981532264598423,0.9512738823106227,0.9423126956001097,0.9625470587028601,ALLWARA
BG-1902_I,BG-0987_P,0.347063116395065,11.272976124693798,19.86080456521324,0.0,0.9390995829433227,OneLayerCRMPSingleConstrained,474,0.9047394022323634,0.9981532264598423,0.9512738823106227,0.9423126956001097,0.9625470587028601,ALLWARA
BG-1217_I,BG-1241_P,1.1073584733023673e-05,5.678575142181781,11.485513172513597,0.0,0.750392050684358,OneLayerCRMPSingleConstrained,475,0.7447580843311734,0.9598912890988226,0.8717283328418425,0.8548098286201301,0.8988265510863106,ALLWARA
BG-1218_I,BG-1241_P,0.3346398128404187,5.678575142181781,11.485513172513597,0.0,0.750392050684358,OneLayerCRMPSingleConstrained,476,0.7447580843311734,0.9598912890988226,0.8717283328418425,0.8548098286201301,0.8988265510863106,ALLWARA
BG-1242_I,BG-1241_P,3.3427954973209997e-06,5.678575142181781,11.485513172513597,0.0,0.750392050684358,OneLayerCRMPSingleConstrained,477,0.7447580843311734,0.9598912890988226,0.8717283328418425,0.8548098286201301,0.8988265510863106,ALLWARA
BG-1882_I,BG-1241_P,6.147796176226498e-05,5.678575142181781,11.485513172513597,0.0,0.750392050684358,OneLayerCRMPSingleConstrained,478,0.7447580843311734,0.9598912890988226,0.8717283328418425,0.8548098286201301,0.8988265510863106,ALLWARA
BG-1884_I,BG-1241_P,2.7158483199140778e-05,5.678575142181781,11.485513172513597,0.0,0.750392050684358,OneLayerCRMPSingleConstrained,479,0.7447580843311734,0.9598912890988226,0.8717283328418425,0.8548098286201301,0.8988265510863106,ALLWARA
BG-1886_I,BG-1241_P,6.128681966253244e-06,5.678575142181781,11.485513172513597,0.0,0.750392050684358,OneLayerCRMPSingleConstrained,480,0.7447580843311734,0.9598912890988226,0.8717283328418425,0.8548098286201301,0.8988265510863106,ALLWARA
BG-1902_I,BG-1241_P,6.4436032667650285e-06,5.678575142181781,11.485513172513597,0.0,0.750392050684358,OneLayerCRMPSingleConstrained,481,0.7447580843311734,0.9598912890988226,0.8717283328418425,0.8548098286201301,0.8988265510863106,ALLWARA
BG-1217_I,BG-0776_P,1.1078177198491724e-05,6.850873389235977,11.625536196623548,0.0,0.7771799338371461,OneLayerCRMPSingleConstrained,482,0.1295290326934858,0.9461688260198106,0.582358235195287,0.8708090138558602,0.7145807843878309,ALLWARA
BG-1218_I,BG-0776_P,0.1544389777757723,6.850873389235977,11.625536196623548,0.0,0.7771799338371461,OneLayerCRMPSingleConstrained,483,0.1295290326934858,0.9461688260198106,0.582358235195287,0.8708090138558602,0.7145807843878309,ALLWARA
BG-1242_I,BG-0776_P,3.690836025408101e-05,6.850873389235977,11.625536196623548,0.0,0.7771799338371461,OneLayerCRMPSingleConstrained,484,0.1295290326934858,0.9461688260198106,0.582358235195287,0.8708090138558602,0.7145807843878309,ALLWARA
BG-1295_I,BG-0776_P,0.23107832151253915,6.850873389235977,11.625536196623548,0.0,0.7771799338371461,OneLayerCRMPSingleConstrained,485,0.1295290326934858,0.9461688260198106,0.582358235195287,0.8708090138558602,0.7145807843878309,ALLWARA
BG-1882_I,BG-0776_P,6.147796176226498e-05,6.850873389235977,11.625536196623548,0.0,0.7771799338371461,OneLayerCRMPSingleConstrained,486,0.1295290326934858,0.9461688260198106,0.582358235195287,0.8708090138558602,0.7145807843878309,ALLWARA
BG-1884_I,BG-0776_P,2.7195753420549012e-05,6.850873389235977,11.625536196623548,0.0,0.7771799338371461,OneLayerCRMPSingleConstrained,487,0.1295290326934858,0.9461688260198106,0.582358235195287,0.8708090138558602,0.7145807843878309,ALLWARA
BG-1902_I,BG-0776_P,6.444982923432672e-06,6.850873389235977,11.625536196623548,0.0,0.7771799338371461,OneLayerCRMPSingleConstrained,488,0.1295290326934858,0.9461688260198106,0.582358235195287,0.8708090138558602,0.7145807843878309,ALLWARA
BG-1217_I,BG-0184_P,1.1074418673029731e-05,9.296528172268086,24.09273683428663,0.0,0.8465242728643718,OneLayerCRMPSingleConstrained,489,-0.5699852484418926,0.9559199949941751,0.37293519962708366,1.124716561788027,0.5764738356405354,ALLWARA
BG-1218_I,BG-0184_P,0.31805193808156396,9.296528172268086,24.09273683428663,0.0,0.8465242728643718,OneLayerCRMPSingleConstrained,490,-0.5699852484418926,0.9559199949941751,0.37293519962708366,1.124716561788027,0.5764738356405354,ALLWARA
BG-1219_I,BG-0184_P,0.004692395790231227,9.296528172268086,24.09273683428663,0.0,0.8465242728643718,OneLayerCRMPSingleConstrained,491,-0.5699852484418926,0.9559199949941751,0.37293519962708366,1.124716561788027,0.5764738356405354,ALLWARA
BG-1429_I,BG-0184_P,2.3199727330955696e-05,9.296528172268086,24.09273683428663,0.0,0.8465242728643718,OneLayerCRMPSingleConstrained,492,-0.5699852484418926,0.9559199949941751,0.37293519962708366,1.124716561788027,0.5764738356405354,ALLWARA
BG-1886_I,BG-0184_P,6.128681966253244e-06,9.296528172268086,24.09273683428663,0.0,0.8465242728643718,OneLayerCRMPSingleConstrained,493,-0.5699852484418926,0.9559199949941751,0.37293519962708366,1.124716561788027,0.5764738356405354,ALLWARA
BG-1908_I,BG-0184_P,0.007683915990634111,9.296528172268086,24.09273683428663,0.0,0.8465242728643718,OneLayerCRMPSingleConstrained,494,-0.5699852484418926,0.9559199949941751,0.37293519962708366,1.124716561788027,0.5764738356405354,ALLWARA
BG-2209_I,BG-0184_P,0.00010057796632708975,9.296528172268086,24.09273683428663,0.0,0.8465242728643718,OneLayerCRMPSingleConstrained,495,-0.5699852484418926,0.9559199949941751,0.37293519962708366,1.124716561788027,0.5764738356405354,ALLWARA
BG-1142_I,BG-0188_P,0.47078397333881133,21.482181740399703,32.452801871680954,0.0,1.2820487595079593,OneLayerCRMPSingleConstrained,496,0.14518122526081723,0.9574503736101921,0.4062307853428603,0.2825722874233702,0.5407203355051473,ALLWARA
BG-1143_I,BG-0188_P,0.4748872127787909,21.482181740399703,32.452801871680954,0.0,1.2820487595079593,OneLayerCRMPSingleConstrained,497,0.14518122526081723,0.9574503736101921,0.4062307853428603,0.2825722874233702,0.5407203355051473,ALLWARA
BG-1429_I,BG-0188_P,1.3861605139406261e-05,21.482181740399703,32.452801871680954,0.0,1.2820487595079593,OneLayerCRMPSingleConstrained,498,0.14518122526081723,0.9574503736101921,0.4062307853428603,0.2825722874233702,0.5407203355051473,ALLWARA
BG-1908_I,BG-0188_P,0.21928113279867867,21.482181740399703,32.452801871680954,0.0,1.2820487595079593,OneLayerCRMPSingleConstrained,499,0.14518122526081723,0.9574503736101921,0.4062307853428603,0.2825722874233702,0.5407203355051473,ALLWARA
BG-1217_I,BG-1223_P,1.104311340060264e-05,1.3360057753289458,49.72251387891168,0.0,1.4,OneLayerCRMPSingleConstrained,500,0.6805314632280555,0.5895125098643808,0.9330814320454207,0.559146278207922,0.6881100613445315,ALLWARA
BG-1218_I,BG-1223_P,3.645177718706449e-06,1.3360057753289458,49.72251387891168,0.0,1.4,OneLayerCRMPSingleConstrained,501,0.6805314632280555,0.5895125098643808,0.9330814320454207,0.559146278207922,0.6881100613445315,ALLWARA
BG-1242_I,BG-1223_P,3.3427954973209997e-06,1.3360057753289458,49.72251387891168,0.0,1.4,OneLayerCRMPSingleConstrained,502,0.6805314632280555,0.5895125098643808,0.9330814320454207,0.559146278207922,0.6881100613445315,ALLWARA
BG-1882_I,BG-1223_P,6.14781288190868e-05,1.3360057753289458,49.72251387891168,0.0,1.4,OneLayerCRMPSingleConstrained,503,0.6805314632280555,0.5895125098643808,0.9330814320454207,0.559146278207922,0.6881100613445315,ALLWARA
BG-1884_I,BG-1223_P,2.7167251143705783e-05,1.3360057753289458,49.72251387891168,0.0,1.4,OneLayerCRMPSingleConstrained,504,0.6805314632280555,0.5895125098643808,0.9330814320454207,0.559146278207922,0.6881100613445315,ALLWARA
BG-1902_I,BG-1223_P,6.444994188488197e-06,1.3360057753289458,49.72251387891168,0.0,1.4,OneLayerCRMPSingleConstrained,505,0.6805314632280555,0.5895125098643808,0.9330814320454207,0.559146278207922,0.6881100613445315,ALLWARA
BG-1903_I,BG-1223_P,3.6290856495953134e-05,1.3360057753289458,49.72251387891168,0.0,1.4,OneLayerCRMPSingleConstrained,506,0.6805314632280555,0.5895125098643808,0.9330814320454207,0.559146278207922,0.6881100613445315,ALLWARA
BG-1904_I,BG-1223_P,8.584366740075538e-06,1.3360057753289458,49.72251387891168,0.0,1.4,OneLayerCRMPSingleConstrained,507,0.6805314632280555,0.5895125098643808,0.9330814320454207,0.559146278207922,0.6881100613445315,ALLWARA
BG-1142_I,BG-1214_P,5.80185836878075e-05,1.221897255221443,15.85032814777646,0.0,1.4,OneLayerCRMPSingleConstrained,508,0.9119007159044342,0.7265830144237642,0.9976833073460677,0.7304027840672795,0.7977346726110253,ALLWARA
BG-1143_I,BG-1214_P,0.007233572198630662,1.221897255221443,15.85032814777646,0.0,1.4,OneLayerCRMPSingleConstrained,509,0.9119007159044342,0.7265830144237642,0.9976833073460677,0.7304027840672795,0.7977346726110253,ALLWARA
BG-1217_I,BG-1214_P,0.002535361715407648,1.221897255221443,15.85032814777646,0.0,1.4,OneLayerCRMPSingleConstrained,510,0.9119007159044342,0.7265830144237642,0.9976833073460677,0.7304027840672795,0.7977346726110253,ALLWARA
BG-1218_I,BG-1214_P,0.00020032496232652206,1.221897255221443,15.85032814777646,0.0,1.4,OneLayerCRMPSingleConstrained,511,0.9119007159044342,0.7265830144237642,0.9976833073460677,0.7304027840672795,0.7977346726110253,ALLWARA
BG-1219_I,BG-1214_P,0.0017513829106956054,1.221897255221443,15.85032814777646,0.0,1.4,OneLayerCRMPSingleConstrained,512,0.9119007159044342,0.7265830144237642,0.9976833073460677,0.7304027840672795,0.7977346726110253,ALLWARA
BG-1429_I,BG-1214_P,1.0197116871115656e-05,1.221897255221443,15.85032814777646,0.0,1.4,OneLayerCRMPSingleConstrained,513,0.9119007159044342,0.7265830144237642,0.9976833073460677,0.7304027840672795,0.7977346726110253,ALLWARA
BG-1908_I,BG-1214_P,0.0004671055086869576,1.221897255221443,15.85032814777646,0.0,1.4,OneLayerCRMPSingleConstrained,514,0.9119007159044342,0.7265830144237642,0.9976833073460677,0.7304027840672795,0.7977346726110253,ALLWARA
BG-2209_I,BG-1214_P,0.004602269781432922,1.221897255221443,15.85032814777646,0.0,1.4,OneLayerCRMPSingleConstrained,515,0.9119007159044342,0.7265830144237642,0.9976833073460677,0.7304027840672795,0.7977346726110253,ALLWARA
BG-0834_I,BG-0909_P,0.004365770016012933,7.535574482856149,17.32127622980451,2.070553151234185e-15,0.8215598917045813,OneLayerCRMPSingleConstrained,516,-0.13803797353213376,1.001386167154705,0.32664114998038507,0.8211638373234982,0.5447697666348497,ALLWARA
BG-0841_I,BG-0909_P,0.00010839250748818102,7.535574482856149,17.32127622980451,2.070553151234185e-15,0.8215598917045813,OneLayerCRMPSingleConstrained,517,-0.13803797353213376,1.001386167154705,0.32664114998038507,0.8211638373234982,0.5447697666348497,ALLWARA
BG-1881_I,BG-0909_P,0.00180809534890779,7.535574482856149,17.32127622980451,2.070553151234185e-15,0.8215598917045813,OneLayerCRMPSingleConstrained,518,-0.13803797353213376,1.001386167154705,0.32664114998038507,0.8211638373234982,0.5447697666348497,ALLWARA
BG-1882_I,BG-0909_P,6.147796176226498e-05,7.535574482856149,17.32127622980451,2.070553151234185e-15,0.8215598917045813,OneLayerCRMPSingleConstrained,519,-0.13803797353213376,1.001386167154705,0.32664114998038507,0.8211638373234982,0.5447697666348497,ALLWARA
BG-1884_I,BG-0909_P,0.38904324998971906,7.535574482856149,17.32127622980451,2.070553151234185e-15,0.8215598917045813,OneLayerCRMPSingleConstrained,520,-0.13803797353213376,1.001386167154705,0.32664114998038507,0.8211638373234982,0.5447697666348497,ALLWARA
BG-1902_I,BG-0909_P,6.4413395414253645e-06,7.535574482856149,17.32127622980451,2.070553151234185e-15,0.8215598917045813,OneLayerCRMPSingleConstrained,521,-0.13803797353213376,1.001386167154705,0.32664114998038507,0.8211638373234982,0.5447697666348497,ALLWARA
BG-1903_I,BG-0909_P,0.2513342348855363,7.535574482856149,17.32127622980451,2.070553151234185e-15,0.8215598917045813,OneLayerCRMPSingleConstrained,522,-0.13803797353213376,1.001386167154705,0.32664114998038507,0.8211638373234982,0.5447697666348497,ALLWARA
BG-0841_I,BG-0775_P,0.4389125300638564,11.935209696348812,10.900600085601654,0.0,0.9174008713898425,OneLayerCRMPSingleConstrained,523,0.05113834744482271,1.006154592902646,0.41793794136922574,0.7612956991582263,0.6022898946165467,ALLWARA
BG-1218_I,BG-0775_P,3.6446251511156976e-06,11.935209696348812,10.900600085601654,0.0,0.9174008713898425,OneLayerCRMPSingleConstrained,524,0.05113834744482271,1.006154592902646,0.41793794136922574,0.7612956991582263,0.6022898946165467,ALLWARA
BG-1294_I,BG-0775_P,6.0615620877996295e-06,11.935209696348812,10.900600085601654,0.0,0.9174008713898425,OneLayerCRMPSingleConstrained,525,0.05113834744482271,1.006154592902646,0.41793794136922574,0.7612956991582263,0.6022898946165467,ALLWARA
BG-1882_I,BG-0775_P,6.147796176226498e-05,11.935209696348812,10.900600085601654,0.0,0.9174008713898425,OneLayerCRMPSingleConstrained,526,0.05113834744482271,1.006154592902646,0.41793794136922574,0.7612956991582263,0.6022898946165467,ALLWARA
BG-1902_I,BG-0775_P,6.4413395414253645e-06,11.935209696348812,10.900600085601654,0.0,0.9174008713898425,OneLayerCRMPSingleConstrained,527,0.05113834744482271,1.006154592902646,0.41793794136922574,0.7612956991582263,0.6022898946165467,ALLWARA
BG-1903_I,BG-0775_P,3.107942827758775e-05,11.935209696348812,10.900600085601654,0.0,0.9174008713898425,OneLayerCRMPSingleConstrained,528,0.05113834744482271,1.006154592902646,0.41793794136922574,0.7612956991582263,0.6022898946165467,ALLWARA
BG-1904_I,BG-0775_P,8.579163936582081e-06,11.935209696348812,10.900600085601654,0.0,0.9174008713898425,OneLayerCRMPSingleConstrained,529,0.05113834744482271,1.006154592902646,0.41793794136922574,0.7612956991582263,0.6022898946165467,ALLWARA
BG-1142_I,BG-1914_P,0.16909676766681953,9.648203441774822,48.64796673802521,0.0,0.9015808054289004,OneLayerCRMPSingleConstrained,530,0.79700561605805,0.9924741560839313,0.894315213955038,0.9288069769227483,0.9254446165518807,ALLWARA
BG-1143_I,BG-1914_P,0.4996663205906392,9.648203441774822,48.64796673802521,0.0,0.9015808054289004,OneLayerCRMPSingleConstrained,531,0.79700561605805,0.9924741560839313,0.894315213955038,0.9288069769227483,0.9254446165518807,ALLWARA
BG-1908_I,BG-1914_P,0.7536667250107211,9.648203441774822,48.64796673802521,0.0,0.9015808054289004,OneLayerCRMPSingleConstrained,532,0.79700561605805,0.9924741560839313,0.894315213955038,0.9288069769227483,0.9254446165518807,ALLWARA
BG-1915_I,BG-1914_P,5.489364961319539e-05,9.648203441774822,48.64796673802521,0.0,0.9015808054289004,OneLayerCRMPSingleConstrained,533,0.79700561605805,0.9924741560839313,0.894315213955038,0.9288069769227483,0.9254446165518807,ALLWARA
BG-1916_I,BG-1914_P,6.137539222297645e-06,9.648203441774822,48.64796673802521,0.0,0.9015808054289004,OneLayerCRMPSingleConstrained,534,0.79700561605805,0.9924741560839313,0.894315213955038,0.9288069769227483,0.9254446165518807,ALLWARA
BG-2063_I,BG-1914_P,0.0018328394864791841,9.648203441774822,48.64796673802521,0.0,0.9015808054289004,OneLayerCRMPSingleConstrained,535,0.79700561605805,0.9924741560839313,0.894315213955038,0.9288069769227483,0.9254446165518807,ALLWARA
BG-1142_I,BG-1909_P,0.3563967132106325,1.6010142733334742,25.3212406179185,0.0,1.1347312410375059,OneLayerCRMPSingleConstrained,536,-0.003877981587500301,0.9629484902334307,0.519877278481028,0.9867133849573135,0.6769389494900784,ALLWARA
BG-1143_I,BG-1909_P,3.083538764243222e-06,1.6010142733334742,25.3212406179185,0.0,1.1347312410375059,OneLayerCRMPSingleConstrained,537,-0.003877981587500301,0.9629484902334307,0.519877278481028,0.9867133849573135,0.6769389494900784,ALLWARA
BG-1219_I,BG-1909_P,0.0017228893181897688,1.6010142733334742,25.3212406179185,0.0,1.1347312410375059,OneLayerCRMPSingleConstrained,538,-0.003877981587500301,0.9629484902334307,0.519877278481028,0.9867133849573135,0.6769389494900784,ALLWARA
BG-1429_I,BG-1909_P,1.3234069546755608e-05,1.6010142733334742,25.3212406179185,0.0,1.1347312410375059,OneLayerCRMPSingleConstrained,539,-0.003877981587500301,0.9629484902334307,0.519877278481028,0.9867133849573135,0.6769389494900784,ALLWARA
BG-1908_I,BG-1909_P,0.009053833730514193,1.6010142733334742,25.3212406179185,0.0,1.1347312410375059,OneLayerCRMPSingleConstrained,540,-0.003877981587500301,0.9629484902334307,0.519877278481028,0.9867133849573135,0.6769389494900784,ALLWARA
BG-1912_I,BG-1909_P,2.6227213868479124e-05,1.6010142733334742,25.3212406179185,0.0,1.1347312410375059,OneLayerCRMPSingleConstrained,541,-0.003877981587500301,0.9629484902334307,0.519877278481028,0.9867133849573135,0.6769389494900784,ALLWARA
BG-1915_I,BG-1909_P,0.0035843273891270986,1.6010142733334742,25.3212406179185,0.0,1.1347312410375059,OneLayerCRMPSingleConstrained,542,-0.003877981587500301,0.9629484902334307,0.519877278481028,0.9867133849573135,0.6769389494900784,ALLWARA
BG-2063_I,BG-1909_P,0.001749145231388713,1.6010142733334742,25.3212406179185,0.0,1.1347312410375059,OneLayerCRMPSingleConstrained,543,-0.003877981587500301,0.9629484902334307,0.519877278481028,0.9867133849573135,0.6769389494900784,ALLWARA
BG-2209_I,BG-1909_P,0.00010018241007173575,1.6010142733334742,25.3212406179185,0.0,1.1347312410375059,OneLayerCRMPSingleConstrained,544,-0.003877981587500301,0.9629484902334307,0.519877278481028,0.9867133849573135,0.6769389494900784,ALLWARA
BG-1143_I,BG-0253_P,3.0834209050916963e-06,15.41471663034392,9.437673848650485,0.0,1.0335661994721435,OneLayerCRMPSingleConstrained,545,0.9368086897527754,1.003990034781874,0.9696140104060998,1.0267492603199917,0.9777692729248637,ALLWARA
BG-1217_I,BG-0253_P,1.1023455524676701e-05,15.41471663034392,9.437673848650485,0.0,1.0335661994721435,OneLayerCRMPSingleConstrained,546,0.9368086897527754,1.003990034781874,0.9696140104060998,1.0267492603199917,0.9777692729248637,ALLWARA
BG-1218_I,BG-0253_P,3.6446251511156976e-06,15.41471663034392,9.437673848650485,0.0,1.0335661994721435,OneLayerCRMPSingleConstrained,547,0.9368086897527754,1.003990034781874,0.9696140104060998,1.0267492603199917,0.9777692729248637,ALLWARA
BG-1219_I,BG-0253_P,0.48350536689518303,15.41471663034392,9.437673848650485,0.0,1.0335661994721435,OneLayerCRMPSingleConstrained,548,0.9368086897527754,1.003990034781874,0.9696140104060998,1.0267492603199917,0.9777692729248637,ALLWARA
BG-1294_I,BG-0253_P,6.0615620877996295e-06,15.41471663034392,9.437673848650485,0.0,1.0335661994721435,OneLayerCRMPSingleConstrained,549,0.9368086897527754,1.003990034781874,0.9696140104060998,1.0267492603199917,0.9777692729248637,ALLWARA
BG-1434_I,BG-0253_P,5.8860686925336695e-06,15.41471663034392,9.437673848650485,0.0,1.0335661994721435,OneLayerCRMPSingleConstrained,550,0.9368086897527754,1.003990034781874,0.9696140104060998,1.0267492603199917,0.9777692729248637,ALLWARA
BG-1904_I,BG-0253_P,0.000162860316335085,15.41471663034392,9.437673848650485,0.0,1.0335661994721435,OneLayerCRMPSingleConstrained,551,0.9368086897527754,1.003990034781874,0.9696140104060998,1.0267492603199917,0.9777692729248637,ALLWARA
BG-1908_I,BG-0253_P,1.135753947225399e-05,15.41471663034392,9.437673848650485,0.0,1.0335661994721435,OneLayerCRMPSingleConstrained,552,0.9368086897527754,1.003990034781874,0.9696140104060998,1.0267492603199917,0.9777692729248637,ALLWARA
BG-2209_I,BG-0253_P,0.2572231375300262,15.41471663034392,9.437673848650485,0.0,1.0335661994721435,OneLayerCRMPSingleConstrained,553,0.9368086897527754,1.003990034781874,0.9696140104060998,1.0267492603199917,0.9777692729248637,ALLWARA
BG-1217_I,BG-1222_P,1.1054772935417374e-05,5.3309191738035455,25.842797350351592,0.0,1.1192500476464107,OneLayerCRMPSingleConstrained,554,0.9513683906384046,0.9958126656405335,0.9760140337773142,1.0089244109046023,0.9834243652880915,ALLWARA
BG-1218_I,BG-1222_P,0.00016527447152790432,5.3309191738035455,25.842797350351592,0.0,1.1192500476464107,OneLayerCRMPSingleConstrained,555,0.9513683906384046,0.9958126656405335,0.9760140337773142,1.0089244109046023,0.9834243652880915,ALLWARA
BG-1219_I,BG-1222_P,0.005451104771233133,5.3309191738035455,25.842797350351592,0.0,1.1192500476464107,OneLayerCRMPSingleConstrained,556,0.9513683906384046,0.9958126656405335,0.9760140337773142,1.0089244109046023,0.9834243652880915,ALLWARA
BG-1294_I,BG-1222_P,6.0615620877996295e-06,5.3309191738035455,25.842797350351592,0.0,1.1192500476464107,OneLayerCRMPSingleConstrained,557,0.9513683906384046,0.9958126656405335,0.9760140337773142,1.0089244109046023,0.9834243652880915,ALLWARA
BG-1902_I,BG-1222_P,6.441362873688489e-06,5.3309191738035455,25.842797350351592,0.0,1.1192500476464107,OneLayerCRMPSingleConstrained,558,0.9513683906384046,0.9958126656405335,0.9760140337773142,1.0089244109046023,0.9834243652880915,ALLWARA
BG-1903_I,BG-1222_P,1.224198448126128e-05,5.3309191738035455,25.842797350351592,0.0,1.1192500476464107,OneLayerCRMPSingleConstrained,559,0.9513683906384046,0.9958126656405335,0.9760140337773142,1.0089244109046023,0.9834243652880915,ALLWARA
BG-1904_I,BG-1222_P,0.02640982471734119,5.3309191738035455,25.842797350351592,0.0,1.1192500476464107,OneLayerCRMPSingleConstrained,560,0.9513683906384046,0.9958126656405335,0.9760140337773142,1.0089244109046023,0.9834243652880915,ALLWARA
BG-2209_I,BG-1222_P,0.6839019639530665,5.3309191738035455,25.842797350351592,0.0,1.1192500476464107,OneLayerCRMPSingleConstrained,561,0.9513683906384046,0.9958126656405335,0.9760140337773142,1.0089244109046023,0.9834243652880915,ALLWARA
BG-0834_I,BG-1075_P,0.003960189315348134,5.452595591890281,9.259401161810501,0.0,0.8658728368578019,OneLayerCRMPSingleConstrained,562,0.9183249236577135,1.0147813027482437,0.9587923845087382,0.9827485370353077,0.9701301018435428,ALLWARA
BG-0841_I,BG-1075_P,0.0001362949989755755,5.452595591890281,9.259401161810501,0.0,0.8658728368578019,OneLayerCRMPSingleConstrained,563,0.9183249236577135,1.0147813027482437,0.9587923845087382,0.9827485370353077,0.9701301018435428,ALLWARA
BG-1882_I,BG-1075_P,6.147796176226498e-05,5.452595591890281,9.259401161810501,0.0,0.8658728368578019,OneLayerCRMPSingleConstrained,564,0.9183249236577135,1.0147813027482437,0.9587923845087382,0.9827485370353077,0.9701301018435428,ALLWARA
BG-1902_I,BG-1075_P,0.005198689192931001,5.452595591890281,9.259401161810501,0.0,0.8658728368578019,OneLayerCRMPSingleConstrained,565,0.9183249236577135,1.0147813027482437,0.9587923845087382,0.9827485370353077,0.9701301018435428,ALLWARA
BG-1903_I,BG-1075_P,0.3001741441944301,5.452595591890281,9.259401161810501,0.0,0.8658728368578019,OneLayerCRMPSingleConstrained,566,0.9183249236577135,1.0147813027482437,0.9587923845087382,0.9827485370353077,0.9701301018435428,ALLWARA
BG-1904_I,BG-1075_P,0.3845487214634829,5.452595591890281,9.259401161810501,0.0,0.8658728368578019,OneLayerCRMPSingleConstrained,567,0.9183249236577135,1.0147813027482437,0.9587923845087382,0.9827485370353077,0.9701301018435428,ALLWARA
BG-1142_I,BG-1215_P,0.0016962627903185038,6.418618659935488,8.222712265322988,0.0,1.3460187105745605,OneLayerCRMPSingleConstrained,568,0.9944023489698569,0.9931087914395155,0.997199679630464,0.9979336570728293,0.9949675329481926,ALLWARA
BG-1143_I,BG-1215_P,0.002927821364553796,6.418618659935488,8.222712265322988,0.0,1.3460187105745605,OneLayerCRMPSingleConstrained,569,0.9944023489698569,0.9931087914395155,0.997199679630464,0.9979336570728293,0.9949675329481926,ALLWARA
BG-1217_I,BG-1215_P,0.000760117441688065,6.418618659935488,8.222712265322988,0.0,1.3460187105745605,OneLayerCRMPSingleConstrained,570,0.9944023489698569,0.9931087914395155,0.997199679630464,0.9979336570728293,0.9949675329481926,ALLWARA
BG-1219_I,BG-1215_P,0.0013036132423935695,6.418618659935488,8.222712265322988,0.0,1.3460187105745605,OneLayerCRMPSingleConstrained,571,0.9944023489698569,0.9931087914395155,0.997199679630464,0.9979336570728293,0.9949675329481926,ALLWARA
BG-1294_I,BG-1215_P,0.002627155801961968,6.418618659935488,8.222712265322988,0.0,1.3460187105745605,OneLayerCRMPSingleConstrained,572,0.9944023489698569,0.9931087914395155,0.997199679630464,0.9979336570728293,0.9949675329481926,ALLWARA
BG-1429_I,BG-1215_P,6.132589514309774e-06,6.418618659935488,8.222712265322988,0.0,1.3460187105745605,OneLayerCRMPSingleConstrained,573,0.9944023489698569,0.9931087914395155,0.997199679630464,0.9979336570728293,0.9949675329481926,ALLWARA
BG-1434_I,BG-1215_P,0.0006624158303592895,6.418618659935488,8.222712265322988,0.0,1.3460187105745605,OneLayerCRMPSingleConstrained,574,0.9944023489698569,0.9931087914395155,0.997199679630464,0.9979336570728293,0.9949675329481926,ALLWARA
BG-1908_I,BG-1215_P,1.135753947225399e-05,6.418618659935488,8.222712265322988,0.0,1.3460187105745605,OneLayerCRMPSingleConstrained,575,0.9944023489698569,0.9931087914395155,0.997199679630464,0.9979336570728293,0.9949675329481926,ALLWARA
BG-1912_I,BG-1215_P,2.6222963066841208e-05,6.418618659935488,8.222712265322988,0.0,1.3460187105745605,OneLayerCRMPSingleConstrained,576,0.9944023489698569,0.9931087914395155,0.997199679630464,0.9979336570728293,0.9949675329481926,ALLWARA
BG-2063_I,BG-1215_P,0.05913259964071806,6.418618659935488,8.222712265322988,0.0,1.3460187105745605,OneLayerCRMPSingleConstrained,577,0.9944023489698569,0.9931087914395155,0.997199679630464,0.9979336570728293,0.9949675329481926,ALLWARA
BG-2209_I,BG-1215_P,0.004602269781432922,6.418618659935488,8.222712265322988,0.0,1.3460187105745605,OneLayerCRMPSingleConstrained,578,0.9944023489698569,0.9931087914395155,0.997199679630464,0.9979336570728293,0.9949675329481926,ALLWARA
BG-1142_I,BG-1148_P,4.843886492521689e-06,18.196184925055388,1.0,0.0,1.0000000149011612,OneLayerCRMPSingleConstrained,579,-0.14884557894436723,0.02147811271826421,0.9993983840705974,0.02146746954718737,0.27430719864432307,ALLWARA
BG-1143_I,BG-1148_P,3.083570015483766e-06,18.196184925055388,1.0,0.0,1.0000000149011612,OneLayerCRMPSingleConstrained,580,-0.14884557894436723,0.02147811271826421,0.9993983840705974,0.02146746954718737,0.27430719864432307,ALLWARA
BG-1908_I,BG-1148_P,0.004713444892028139,18.196184925055388,1.0,0.0,1.0000000149011612,OneLayerCRMPSingleConstrained,581,-0.14884557894436723,0.02147811271826421,0.9993983840705974,0.02146746954718737,0.27430719864432307,ALLWARA
BG-1912_I,BG-1148_P,0.009656682588410615,18.196184925055388,1.0,0.0,1.0000000149011612,OneLayerCRMPSingleConstrained,582,-0.14884557894436723,0.02147811271826421,0.9993983840705974,0.02146746954718737,0.27430719864432307,ALLWARA
BG-1915_I,BG-1148_P,5.494229314307692e-05,18.196184925055388,1.0,0.0,1.0000000149011612,OneLayerCRMPSingleConstrained,583,-0.14884557894436723,0.02147811271826421,0.9993983840705974,0.02146746954718737,0.27430719864432307,ALLWARA
BG-1916_I,BG-1148_P,0.0005278958816821511,18.196184925055388,1.0,0.0,1.0000000149011612,OneLayerCRMPSingleConstrained,584,-0.14884557894436723,0.02147811271826421,0.9993983840705974,0.02146746954718737,0.27430719864432307,ALLWARA
BG-2063_I,BG-1148_P,0.0016725944162266464,18.196184925055388,1.0,0.0,1.0000000149011612,OneLayerCRMPSingleConstrained,585,-0.14884557894436723,0.02147811271826421,0.9993983840705974,0.02146746954718737,0.27430719864432307,ALLWARA
BG-1143_I,BG-1220_P,3.0834209050916963e-06,4.14240549077001,9.634066990547558,0.0,1.2629667232594075,OneLayerCRMPSingleConstrained,586,0.9803118077716446,1.0028440230300621,0.9901077357960119,0.9900905147080948,0.9924174409986001,ALLWARA
BG-1219_I,BG-1220_P,0.0012618794765481354,4.14240549077001,9.634066990547558,0.0,1.2629667232594075,OneLayerCRMPSingleConstrained,587,0.9803118077716446,1.0028440230300621,0.9901077357960119,0.9900905147080948,0.9924174409986001,ALLWARA
BG-1294_I,BG-1220_P,0.008342791220438761,4.14240549077001,9.634066990547558,0.0,1.2629667232594075,OneLayerCRMPSingleConstrained,588,0.9803118077716446,1.0028440230300621,0.9901077357960119,0.9900905147080948,0.9924174409986001,ALLWARA
BG-1434_I,BG-1220_P,0.0012415358256815212,4.14240549077001,9.634066990547558,0.0,1.2629667232594075,OneLayerCRMPSingleConstrained,589,0.9803118077716446,1.0028440230300621,0.9901077357960119,0.9900905147080948,0.9924174409986001,ALLWARA
BG-1904_I,BG-1220_P,8.579187277148574e-06,4.14240549077001,9.634066990547558,0.0,1.2629667232594075,OneLayerCRMPSingleConstrained,590,0.9803118077716446,1.0028440230300621,0.9901077357960119,0.9900905147080948,0.9924174409986001,ALLWARA
BG-1908_I,BG-1220_P,1.135753947225399e-05,4.14240549077001,9.634066990547558,0.0,1.2629667232594075,OneLayerCRMPSingleConstrained,591,0.9803118077716446,1.0028440230300621,0.9901077357960119,0.9900905147080948,0.9924174409986001,ALLWARA
BG-1912_I,BG-1220_P,2.62228703753539e-05,4.14240549077001,9.634066990547558,0.0,1.2629667232594075,OneLayerCRMPSingleConstrained,592,0.9803118077716446,1.0028440230300621,0.9901077357960119,0.9900905147080948,0.9924174409986001,ALLWARA
BG-2063_I,BG-1220_P,0.05913259964071806,4.14240549077001,9.634066990547558,0.0,1.2629667232594075,OneLayerCRMPSingleConstrained,593,0.9803118077716446,1.0028440230300621,0.9901077357960119,0.9900905147080948,0.9924174409986001,ALLWARA
BG-2209_I,BG-1220_P,0.004602269781432922,4.14240549077001,9.634066990547558,0.0,1.2629667232594075,OneLayerCRMPSingleConstrained,594,0.9803118077716446,1.0028440230300621,0.9901077357960119,0.9900905147080948,0.9924174409986001,ALLWARA
BG-1143_I,BG-1221_P,0.005554935621011515,0.6960439812825517,15.060055484855255,0.0,1.1159924015426914,OneLayerCRMPSingleConstrained,595,0.9994535491573904,0.9992885906045585,0.9997270452953664,1.0004313735117956,0.9994709615041562,ALLWARA
BG-1218_I,BG-1221_P,3.6446251511156976e-06,0.6960439812825517,15.060055484855255,0.0,1.1159924015426914,OneLayerCRMPSingleConstrained,596,0.9994535491573904,0.9992885906045585,0.9997270452953664,1.0004313735117956,0.9994709615041562,ALLWARA
BG-1219_I,BG-1221_P,0.001495337618642622,0.6960439812825517,15.060055484855255,0.0,1.1159924015426914,OneLayerCRMPSingleConstrained,597,0.9994535491573904,0.9992885906045585,0.9997270452953664,1.0004313735117956,0.9994709615041562,ALLWARA
BG-1294_I,BG-1221_P,6.0615620877996295e-06,0.6960439812825517,15.060055484855255,0.0,1.1159924015426914,OneLayerCRMPSingleConstrained,598,0.9994535491573904,0.9992885906045585,0.9997270452953664,1.0004313735117956,0.9994709615041562,ALLWARA
BG-1434_I,BG-1221_P,5.8860686925336695e-06,0.6960439812825517,15.060055484855255,0.0,1.1159924015426914,OneLayerCRMPSingleConstrained,599,0.9994535491573904,0.9992885906045585,0.9997270452953664,1.0004313735117956,0.9994709615041562,ALLWARA
BG-1904_I,BG-1221_P,0.004149434187600254,0.6960439812825517,15.060055484855255,0.0,1.1159924015426914,OneLayerCRMPSingleConstrained,600,0.9994535491573904,0.9992885906045585,0.9997270452953664,1.0004313735117956,0.9994709615041562,ALLWARA
BG-1908_I,BG-1221_P,0.00016248219693628968,0.6960439812825517,15.060055484855255,0.0,1.1159924015426914,OneLayerCRMPSingleConstrained,601,0.9994535491573904,0.9992885906045585,0.9997270452953664,1.0004313735117956,0.9994709615041562,ALLWARA
BG-1912_I,BG-1221_P,2.622289724358508e-05,0.6960439812825517,15.060055484855255,0.0,1.1159924015426914,OneLayerCRMPSingleConstrained,602,0.9994535491573904,0.9992885906045585,0.9997270452953664,1.0004313735117956,0.9994709615041562,ALLWARA
BG-2209_I,BG-1221_P,0.004602269781432922,0.6960439812825517,15.060055484855255,0.0,1.1159924015426914,OneLayerCRMPSingleConstrained,603,0.9994535491573904,0.9992885906045585,0.9997270452953664,1.0004313735117956,0.9994709615041562,ALLWARA
BG-0840_I,BG-1063_P,0.003100073151632375,40.244930223176425,49.575475077683414,3.4782243593937614e-14,0.9451618642171741,OneLayerCRMPSingleConstrained,604,0.8495979519551823,0.9994215905402392,0.9223717314334028,0.9564667962012903,0.9461350654835087,ALLWARA
BG-0841_I,BG-1063_P,0.00011428137199473937,40.244930223176425,49.575475077683414,3.4782243593937614e-14,0.9451618642171741,OneLayerCRMPSingleConstrained,605,0.8495979519551823,0.9994215905402392,0.9223717314334028,0.9564667962012903,0.9461350654835087,ALLWARA
BG-1902_I,BG-1063_P,0.0009973942404727992,40.244930223176425,49.575475077683414,3.4782243593937614e-14,0.9451618642171741,OneLayerCRMPSingleConstrained,606,0.8495979519551823,0.9994215905402392,0.9223717314334028,0.9564667962012903,0.9461350654835087,ALLWARA
BG-1903_I,BG-1063_P,0.4434635367170569,40.244930223176425,49.575475077683414,3.4782243593937614e-14,0.9451618642171741,OneLayerCRMPSingleConstrained,607,0.8495979519551823,0.9994215905402392,0.9223717314334028,0.9564667962012903,0.9461350654835087,ALLWARA
BG-1904_I,BG-1063_P,0.5743718364100833,40.244930223176425,49.575475077683414,3.4782243593937614e-14,0.9451618642171741,OneLayerCRMPSingleConstrained,608,0.8495979519551823,0.9994215905402392,0.9223717314334028,0.9564667962012903,0.9461350654835087,ALLWARA
BG-1142_I,BG-0252_P,4.842824566429406e-06,0.8932209668677382,25.137433371680608,0.0,0.9686957180393992,OneLayerCRMPSingleConstrained,609,0.5671733865212065,0.9962569242907363,0.7652379975577747,0.89966825104086,0.8393329848169765,ALLWARA
BG-1143_I,BG-0252_P,0.00846461203869603,0.8932209668677382,25.137433371680608,0.0,0.9686957180393992,OneLayerCRMPSingleConstrained,610,0.5671733865212065,0.9962569242907363,0.7652379975577747,0.89966825104086,0.8393329848169765,ALLWARA
BG-1422_I,BG-0252_P,0.0007520989547421609,0.8932209668677382,25.137433371680608,0.0,0.9686957180393992,OneLayerCRMPSingleConstrained,611,0.5671733865212065,0.9962569242907363,0.7652379975577747,0.89966825104086,0.8393329848169765,ALLWARA
BG-1434_I,BG-0252_P,0.009219077711168838,0.8932209668677382,25.137433371680608,0.0,0.9686957180393992,OneLayerCRMPSingleConstrained,612,0.5671733865212065,0.9962569242907363,0.7652379975577747,0.89966825104086,0.8393329848169765,ALLWARA
BG-1912_I,BG-0252_P,0.000409406574221983,0.8932209668677382,25.137433371680608,0.0,0.9686957180393992,OneLayerCRMPSingleConstrained,613,0.5671733865212065,0.9962569242907363,0.7652379975577747,0.89966825104086,0.8393329848169765,ALLWARA
BG-1915_I,BG-0252_P,0.001420062354490563,0.8932209668677382,25.137433371680608,0.0,0.9686957180393992,OneLayerCRMPSingleConstrained,614,0.5671733865212065,0.9962569242907363,0.7652379975577747,0.89966825104086,0.8393329848169765,ALLWARA
BG-2063_I,BG-0252_P,0.33822177008962734,0.8932209668677382,25.137433371680608,0.0,0.9686957180393992,OneLayerCRMPSingleConstrained,615,0.5671733865212065,0.9962569242907363,0.7652379975577747,0.89966825104086,0.8393329848169765,ALLWARA
BG-1432_I,BG-0067_P,6.1242475812155685e-06,8.861985235391689,1.0,0.0,1.0,OneLayerCRMPSingleConstrained,616,0.9410176736278786,1.0329768850860932,0.9717540837872982,1.0125515649032188,0.9706037041813711,ALLWARA
BG-1915_I,BG-0067_P,0.3911716891572732,8.861985235391689,1.0,0.0,1.0,OneLayerCRMPSingleConstrained,617,0.9410176736278786,1.0329768850860932,0.9717540837872982,1.0125515649032188,0.9706037041813711,ALLWARA
BG-1916_I,BG-0067_P,0.9925456057220191,8.861985235391689,1.0,0.0,1.0,OneLayerCRMPSingleConstrained,618,0.9410176736278786,1.0329768850860932,0.9717540837872982,1.0125515649032188,0.9706037041813711,ALLWARA
BG-2063_I,BG-0067_P,0.0019056233853253386,8.861985235391689,1.0,0.0,1.0,OneLayerCRMPSingleConstrained,619,0.9410176736278786,1.0329768850860932,0.9717540837872982,1.0125515649032188,0.9706037041813711,ALLWARA
BG-1142_I,BG-1418_P,4.842826739714289e-06,9.013396659013988,23.42669817598879,0.0,1.4,OneLayerCRMPSingleConstrained,620,0.6795778250255016,0.9278638045630577,0.8746439419961571,1.114188576439693,0.8964775363237372,ALLWARA
BG-1143_I,BG-1418_P,3.0834209050916963e-06,9.013396659013988,23.42669817598879,0.0,1.4,OneLayerCRMPSingleConstrained,621,0.6795778250255016,0.9278638045630577,0.8746439419961571,1.114188576439693,0.8964775363237372,ALLWARA
BG-1422_I,BG-1418_P,6.124185175727618e-06,9.013396659013988,23.42669817598879,0.0,1.4,OneLayerCRMPSingleConstrained,622,0.6795778250255016,0.9278638045630577,0.8746439419961571,1.114188576439693,0.8964775363237372,ALLWARA
BG-1432_I,BG-1418_P,0.0010866550366888258,9.013396659013988,23.42669817598879,0.0,1.4,OneLayerCRMPSingleConstrained,623,0.6795778250255016,0.9278638045630577,0.8746439419961571,1.114188576439693,0.8964775363237372,ALLWARA
BG-1912_I,BG-1418_P,2.625409592896963e-05,9.013396659013988,23.42669817598879,0.0,1.4,OneLayerCRMPSingleConstrained,624,0.6795778250255016,0.9278638045630577,0.8746439419961571,1.114188576439693,0.8964775363237372,ALLWARA
BG-1915_I,BG-1418_P,5.492854801550929e-05,9.013396659013988,23.42669817598879,0.0,1.4,OneLayerCRMPSingleConstrained,625,0.6795778250255016,0.9278638045630577,0.8746439419961571,1.114188576439693,0.8964775363237372,ALLWARA
BG-1916_I,BG-1418_P,0.0017697012902356322,9.013396659013988,23.42669817598879,0.0,1.4,OneLayerCRMPSingleConstrained,626,0.6795778250255016,0.9278638045630577,0.8746439419961571,1.114188576439693,0.8964775363237372,ALLWARA
BG-2063_I,BG-1418_P,0.0015368203967048187,9.013396659013988,23.42669817598879,0.0,1.4,OneLayerCRMPSingleConstrained,627,0.6795778250255016,0.9278638045630577,0.8746439419961571,1.114188576439693,0.8964775363237372,ALLWARA
BG-0774_I,BG-1059_P,6.3650334135679e-06,10.063852143200231,1.0,0.0,1.0,OneLayerCRMPSingleConstrained,628,0.9498227218072193,1.0266193839408595,0.9774461449854795,1.0406760810156919,0.9732937283299855,ALLWARA
BG-0840_I,BG-1059_P,0.014501043389431038,10.063852143200231,1.0,0.0,1.0,OneLayerCRMPSingleConstrained,629,0.9498227218072193,1.0266193839408595,0.9774461449854795,1.0406760810156919,0.9732937283299855,ALLWARA
BG-0841_I,BG-1059_P,0.5372942822151195,10.063852143200231,1.0,0.0,1.0,OneLayerCRMPSingleConstrained,630,0.9498227218072193,1.0266193839408595,0.9774461449854795,1.0406760810156919,0.9732937283299855,ALLWARA
BG-1294_I,BG-1059_P,6.0615620877996295e-06,10.063852143200231,1.0,0.0,1.0,OneLayerCRMPSingleConstrained,631,0.9498227218072193,1.0266193839408595,0.9774461449854795,1.0406760810156919,0.9732937283299855,ALLWARA
BG-1434_I,BG-1059_P,0.0006456249506156288,10.063852143200231,1.0,0.0,1.0,OneLayerCRMPSingleConstrained,632,0.9498227218072193,1.0266193839408595,0.9774461449854795,1.0406760810156919,0.9732937283299855,ALLWARA
BG-1903_I,BG-1059_P,1.223570629327803e-05,10.063852143200231,1.0,0.0,1.0,OneLayerCRMPSingleConstrained,633,0.9498227218072193,1.0266193839408595,0.9774461449854795,1.0406760810156919,0.9732937283299855,ALLWARA
BG-1904_I,BG-1059_P,1.5686531114478174e-05,10.063852143200231,1.0,0.0,1.0,OneLayerCRMPSingleConstrained,634,0.9498227218072193,1.0266193839408595,0.9774461449854795,1.0406760810156919,0.9732937283299855,ALLWARA
BG-1143_I,BG-1911_P,3.083765243894356e-06,1.9092189817574698,14.568001848550834,0.0,0.6958070428710075,OneLayerCRMPSingleConstrained,635,0.39142863332588274,0.9786066670332251,0.6370055717054428,0.5917963999799164,0.7240231871013807,ALLWARA
BG-1294_I,BG-1911_P,6.0632142273922735e-06,1.9092189817574698,14.568001848550834,0.0,0.6958070428710075,OneLayerCRMPSingleConstrained,636,0.39142863332588274,0.9786066670332251,0.6370055717054428,0.5917963999799164,0.7240231871013807,ALLWARA
BG-1422_I,BG-1911_P,6.126492220688499e-06,1.9092189817574698,14.568001848550834,0.0,0.6958070428710075,OneLayerCRMPSingleConstrained,637,0.39142863332588274,0.9786066670332251,0.6370055717054428,0.5917963999799164,0.7240231871013807,ALLWARA
BG-1423_I,BG-1911_P,6.135435352111873e-06,1.9092189817574698,14.568001848550834,0.0,0.6958070428710075,OneLayerCRMPSingleConstrained,638,0.39142863332588274,0.9786066670332251,0.6370055717054428,0.5917963999799164,0.7240231871013807,ALLWARA
BG-1434_I,BG-1911_P,0.9579858823312465,1.9092189817574698,14.568001848550834,0.0,0.6958070428710075,OneLayerCRMPSingleConstrained,639,0.39142863332588274,0.9786066670332251,0.6370055717054428,0.5917963999799164,0.7240231871013807,ALLWARA
BG-1910_I,BG-1911_P,0.48630247684709915,1.9092189817574698,14.568001848550834,0.0,0.6958070428710075,OneLayerCRMPSingleConstrained,640,0.39142863332588274,0.9786066670332251,0.6370055717054428,0.5917963999799164,0.7240231871013807,ALLWARA
BG-1912_I,BG-1911_P,0.010117813413877949,1.9092189817574698,14.568001848550834,0.0,0.6958070428710075,OneLayerCRMPSingleConstrained,641,0.39142863332588274,0.9786066670332251,0.6370055717054428,0.5917963999799164,0.7240231871013807,ALLWARA
BG-2063_I,BG-1911_P,0.0019327942430037485,1.9092189817574698,14.568001848550834,0.0,0.6958070428710075,OneLayerCRMPSingleConstrained,642,0.39142863332588274,0.9786066670332251,0.6370055717054428,0.5917963999799164,0.7240231871013807,ALLWARA
BG-1143_I,BG-1402_P,3.083495367618307e-06,3.0873278608652392,1.0,0.0,1.0000000149011612,OneLayerCRMPSingleConstrained,643,0.7823093139541796,0.9710494981420905,0.905351953906264,1.034791902646718,0.9326990302208659,ALLWARA
BG-1422_I,BG-1402_P,6.124185175727618e-06,3.0873278608652392,1.0,0.0,1.0000000149011612,OneLayerCRMPSingleConstrained,644,0.7823093139541796,0.9710494981420905,0.905351953906264,1.034791902646718,0.9326990302208659,ALLWARA
BG-1432_I,BG-1402_P,0.9964308109934001,3.0873278608652392,1.0,0.0,1.0000000149011612,OneLayerCRMPSingleConstrained,645,0.7823093139541796,0.9710494981420905,0.905351953906264,1.034791902646718,0.9326990302208659,ALLWARA
BG-1912_I,BG-1402_P,0.6708412456957142,3.0873278608652392,1.0,0.0,1.0000000149011612,OneLayerCRMPSingleConstrained,646,0.7823093139541796,0.9710494981420905,0.905351953906264,1.034791902646718,0.9326990302208659,ALLWARA
BG-1915_I,BG-1402_P,0.5815425367481798,3.0873278608652392,1.0,0.0,1.0000000149011612,OneLayerCRMPSingleConstrained,647,0.7823093139541796,0.9710494981420905,0.905351953906264,1.034791902646718,0.9326990302208659,ALLWARA
BG-1916_I,BG-1402_P,0.0026746072688614516,3.0873278608652392,1.0,0.0,1.0000000149011612,OneLayerCRMPSingleConstrained,648,0.7823093139541796,0.9710494981420905,0.905351953906264,1.034791902646718,0.9326990302208659,ALLWARA
BG-2063_I,BG-1402_P,0.001772722940562561,3.0873278608652392,1.0,0.0,1.0000000149011612,OneLayerCRMPSingleConstrained,649,0.7823093139541796,0.9710494981420905,0.905351953906264,1.034791902646718,0.9326990302208659,ALLWARA
BG-0774_I,BG-0918_P,0.001993557899482514,5.065552559152993,20.987547805233856,0.0,1.0697057975742341,OneLayerCRMPSingleConstrained,650,0.714682247503198,0.9849534516169411,0.8987088363679969,1.1769012117550217,0.9114097173855081,ALLWARA
BG-0839_I,BG-0918_P,0.5878463129504033,5.065552559152993,20.987547805233856,0.0,1.0697057975742341,OneLayerCRMPSingleConstrained,651,0.714682247503198,0.9849534516169411,0.8987088363679969,1.1769012117550217,0.9114097173855081,ALLWARA
BG-1294_I,BG-0918_P,0.9865482732731705,5.065552559152993,20.987547805233856,0.0,1.0697057975742341,OneLayerCRMPSingleConstrained,652,0.714682247503198,0.9849534516169411,0.8987088363679969,1.1769012117550217,0.9114097173855081,ALLWARA
BG-1423_I,BG-0918_P,6.1286622301074096e-06,5.065552559152993,20.987547805233856,0.0,1.0697057975742341,OneLayerCRMPSingleConstrained,653,0.714682247503198,0.9849534516169411,0.8987088363679969,1.1769012117550217,0.9114097173855081,ALLWARA
BG-1434_I,BG-0918_P,0.018877289816432833,5.065552559152993,20.987547805233856,0.0,1.0697057975742341,OneLayerCRMPSingleConstrained,654,0.714682247503198,0.9849534516169411,0.8987088363679969,1.1769012117550217,0.9114097173855081,ALLWARA
BG-1904_I,BG-0918_P,0.00685481189997739,5.065552559152993,20.987547805233856,0.0,1.0697057975742341,OneLayerCRMPSingleConstrained,655,0.714682247503198,0.9849534516169411,0.8987088363679969,1.1769012117550217,0.9114097173855081,ALLWARA
BG-1910_I,BG-0918_P,3.363209557098221e-06,5.065552559152993,20.987547805233856,0.0,1.0697057975742341,OneLayerCRMPSingleConstrained,656,0.714682247503198,0.9849534516169411,0.8987088363679969,1.1769012117550217,0.9114097173855081,ALLWARA
BG-1912_I,BG-0918_P,2.6225016718033395e-05,5.065552559152993,20.987547805233856,0.0,1.0697057975742341,OneLayerCRMPSingleConstrained,657,0.714682247503198,0.9849534516169411,0.8987088363679969,1.1769012117550217,0.9114097173855081,ALLWARA
BG-0772_I,BG-0773_P,0.9974183720726021,0.723867824031632,1.0,0.0,1.0000000149011612,OneLayerCRMPSingleConstrained,658,0.4694839360997678,0.9682996843085486,0.761393469845034,1.0463393173617288,0.8378678716455502,ALLWARA
BG-0774_I,BG-0773_P,0.995433176720281,0.723867824031632,1.0,0.0,1.0000000149011612,OneLayerCRMPSingleConstrained,659,0.4694839360997678,0.9682996843085486,0.761393469845034,1.0463393173617288,0.8378678716455502,ALLWARA
BG-0839_I,BG-0773_P,5.6937575733388426e-06,0.723867824031632,1.0,0.0,1.0000000149011612,OneLayerCRMPSingleConstrained,660,0.4694839360997678,0.9682996843085486,0.761393469845034,1.0463393173617288,0.8378678716455502,ALLWARA
BG-1353_I,BG-0773_P,1.2056716426279227e-05,0.723867824031632,1.0,0.0,1.0000000149011612,OneLayerCRMPSingleConstrained,661,0.4694839360997678,0.9682996843085486,0.761393469845034,1.0463393173617288,0.8378678716455502,ALLWARA
BG-1423_I,BG-0773_P,6.1286622301074096e-06,0.723867824031632,1.0,0.0,1.0000000149011612,OneLayerCRMPSingleConstrained,662,0.4694839360997678,0.9682996843085486,0.761393469845034,1.0463393173617288,0.8378678716455502,ALLWARA
BG-1434_I,BG-0773_P,0.008981791806066142,0.723867824031632,1.0,0.0,1.0000000149011612,OneLayerCRMPSingleConstrained,663,0.4694839360997678,0.9682996843085486,0.761393469845034,1.0463393173617288,0.8378678716455502,ALLWARA
BG-1910_I,BG-0773_P,0.5123205277799469,0.723867824031632,1.0,0.0,1.0000000149011612,OneLayerCRMPSingleConstrained,664,0.4694839360997678,0.9682996843085486,0.761393469845034,1.0463393173617288,0.8378678716455502,ALLWARA
BG-1422_I,BG-1913_P,0.9967404808869044,7.509510157327767,22.11701290835089,1.1346418760961198e-15,0.7686243885497219,OneLayerCRMPSingleConstrained,665,0.8743638226825727,0.9890560557249579,0.9437869676442943,0.8210068394004835,0.9315916023469786,ALLWARA
BG-1423_I,BG-1913_P,0.9974691429386587,7.509510157327767,22.11701290835089,1.1346418760961198e-15,0.7686243885497219,OneLayerCRMPSingleConstrained,666,0.8743638226825727,0.9890560557249579,0.9437869676442943,0.8210068394004835,0.9315916023469786,ALLWARA
BG-1424_I,BG-1913_P,2.5763592132581148e-05,7.509510157327767,22.11701290835089,1.1346418760961198e-15,0.7686243885497219,OneLayerCRMPSingleConstrained,667,0.8743638226825727,0.9890560557249579,0.9437869676442943,0.8210068394004835,0.9315916023469786,ALLWARA
BG-1428_I,BG-1913_P,1.03032147912755e-05,7.509510157327767,22.11701290835089,1.1346418760961198e-15,0.7686243885497219,OneLayerCRMPSingleConstrained,668,0.8743638226825727,0.9890560557249579,0.9437869676442943,0.8210068394004835,0.9315916023469786,ALLWARA
BG-1910_I,BG-1913_P,3.363751285086294e-06,7.509510157327767,22.11701290835089,1.1346418760961198e-15,0.7686243885497219,OneLayerCRMPSingleConstrained,669,0.8743638226825727,0.9890560557249579,0.9437869676442943,0.8210068394004835,0.9315916023469786,ALLWARA
BG-1912_I,BG-1913_P,0.2982384202530925,7.509510157327767,22.11701290835089,1.1346418760961198e-15,0.7686243885497219,OneLayerCRMPSingleConstrained,670,0.8743638226825727,0.9890560557249579,0.9437869676442943,0.8210068394004835,0.9315916023469786,ALLWARA
BG-1428_I,BG-0616_P,0.5150790337125093,8.806958463686712,14.53161630465459,0.0,1.1285284554915918,OneLayerCRMPSingleConstrained,671,0.10742018823122257,0.9955788816969965,0.3330369977099755,0.28462164121762595,0.4986385970766558,ALLWARA
BG-1432_I,BG-0616_P,6.123269981415259e-06,8.806958463686712,14.53161630465459,0.0,1.1285284554915918,OneLayerCRMPSingleConstrained,672,0.10742018823122257,0.9955788816969965,0.3330369977099755,0.28462164121762595,0.4986385970766558,ALLWARA
BG-2062_I,BG-0616_P,0.44011976457433877,8.806958463686712,14.53161630465459,0.0,1.1285284554915918,OneLayerCRMPSingleConstrained,673,0.10742018823122257,0.9955788816969965,0.3330369977099755,0.28462164121762595,0.4986385970766558,ALLWARA
BG-1360_I,BG-1362_P,1.0439322401810909e-05,13.832403780745825,26.49619155828913,0.0,0.9609207019951703,OneLayerCRMPSingleConstrained,674,0.8069141225417338,0.9930136814282207,0.9002440888752371,0.9485563386831207,0.9309734273474941,ALLWARA
BG-1422_I,BG-1362_P,6.124185175727618e-06,13.832403780745825,26.49619155828913,0.0,0.9609207019951703,OneLayerCRMPSingleConstrained,675,0.8069141225417338,0.9930136814282207,0.9002440888752371,0.9485563386831207,0.9309734273474941,ALLWARA
BG-1423_I,BG-1362_P,6.1286635569142575e-06,13.832403780745825,26.49619155828913,0.0,0.9609207019951703,OneLayerCRMPSingleConstrained,676,0.8069141225417338,0.9930136814282207,0.9002440888752371,0.9485563386831207,0.9309734273474941,ALLWARA
BG-1424_I,BG-1362_P,0.002945263833521892,13.832403780745825,26.49619155828913,0.0,0.9609207019951703,OneLayerCRMPSingleConstrained,677,0.8069141225417338,0.9930136814282207,0.9002440888752371,0.9485563386831207,0.9309734273474941,ALLWARA
BG-1428_I,BG-1362_P,0.4784221012009114,13.832403780745825,26.49619155828913,0.0,0.9609207019951703,OneLayerCRMPSingleConstrained,678,0.8069141225417338,0.9930136814282207,0.9002440888752371,0.9485563386831207,0.9309734273474941,ALLWARA
BG-2062_I,BG-1362_P,6.798731915002749e-06,13.832403780745825,26.49619155828913,0.0,0.9609207019951703,OneLayerCRMPSingleConstrained,679,0.8069141225417338,0.9930136814282207,0.9002440888752371,0.9485563386831207,0.9309734273474941,ALLWARA
BG-1353_I,BG-1855_P,0.4439940590919728,6.509427926899713,25.389271076055476,0.0,0.6991038836273437,OneLayerCRMPSingleConstrained,680,0.2479606494242702,1.0031498812796045,0.49881227979595566,0.47438805476657075,0.6249448502111479,ALLWARA
BG-1422_I,BG-1855_P,6.124288860051189e-06,6.509427926899713,25.389271076055476,0.0,0.6991038836273437,OneLayerCRMPSingleConstrained,681,0.2479606494242702,1.0031498812796045,0.49881227979595566,0.47438805476657075,0.6249448502111479,ALLWARA
BG-1423_I,BG-1855_P,9.329847739059193e-06,6.509427926899713,25.389271076055476,0.0,0.6991038836273437,OneLayerCRMPSingleConstrained,682,0.2479606494242702,1.0031498812796045,0.49881227979595566,0.47438805476657075,0.6249448502111479,ALLWARA
BG-1424_I,BG-1855_P,0.009119342603890017,6.509427926899713,25.389271076055476,0.0,0.6991038836273437,OneLayerCRMPSingleConstrained,683,0.2479606494242702,1.0031498812796045,0.49881227979595566,0.47438805476657075,0.6249448502111479,ALLWARA
BG-1428_I,BG-1855_P,0.0022318690866056476,6.509427926899713,25.389271076055476,0.0,0.6991038836273437,OneLayerCRMPSingleConstrained,684,0.2479606494242702,1.0031498812796045,0.49881227979595566,0.47438805476657075,0.6249448502111479,ALLWARA
BG-1910_I,BG-1855_P,3.363209557098221e-06,6.509427926899713,25.389271076055476,0.0,0.6991038836273437,OneLayerCRMPSingleConstrained,685,0.2479606494242702,1.0031498812796045,0.49881227979595566,0.47438805476657075,0.6249448502111479,ALLWARA
BG-1353_I,BG-0250_P,0.009971244722476858,47.51571403206929,21.934862548441917,0.0,1.0474654790961013,OneLayerCRMPSingleConstrained,686,0.9337660450674903,0.9499095402008532,0.9745620914271584,0.9054407707549982,0.9518917014072056,ALLWARA
BG-1358_I,BG-0250_P,6.1285317269657446e-06,47.51571403206929,21.934862548441917,0.0,1.0474654790961013,OneLayerCRMPSingleConstrained,687,0.9337660450674903,0.9499095402008532,0.9745620914271584,0.9054407707549982,0.9518917014072056,ALLWARA
BG-1360_I,BG-0250_P,0.6730731415328897,47.51571403206929,21.934862548441917,0.0,1.0474654790961013,OneLayerCRMPSingleConstrained,688,0.9337660450674903,0.9499095402008532,0.9745620914271584,0.9054407707549982,0.9518917014072056,ALLWARA
BG-1422_I,BG-0250_P,6.124185175727618e-06,47.51571403206929,21.934862548441917,0.0,1.0474654790961013,OneLayerCRMPSingleConstrained,689,0.9337660450674903,0.9499095402008532,0.9745620914271584,0.9054407707549982,0.9518917014072056,ALLWARA
BG-1423_I,BG-0250_P,6.1286622301074096e-06,47.51571403206929,21.934862548441917,0.0,1.0474654790961013,OneLayerCRMPSingleConstrained,690,0.9337660450674903,0.9499095402008532,0.9745620914271584,0.9054407707549982,0.9518917014072056,ALLWARA
BG-1424_I,BG-0250_P,2.5605815977013147e-05,47.51571403206929,21.934862548441917,0.0,1.0474654790961013,OneLayerCRMPSingleConstrained,691,0.9337660450674903,0.9499095402008532,0.9745620914271584,0.9054407707549982,0.9518917014072056,ALLWARA
BG-1428_I,BG-0250_P,1.0232731777319689e-05,47.51571403206929,21.934862548441917,0.0,1.0474654790961013,OneLayerCRMPSingleConstrained,692,0.9337660450674903,0.9499095402008532,0.9745620914271584,0.9054407707549982,0.9518917014072056,ALLWARA
BG-1910_I,BG-0250_P,3.363209557098221e-06,47.51571403206929,21.934862548441917,0.0,1.0474654790961013,OneLayerCRMPSingleConstrained,693,0.9337660450674903,0.9499095402008532,0.9745620914271584,0.9054407707549982,0.9518917014072056,ALLWARA
BG-0772_I,BG-0989_P,4.992558425859813e-05,2.2044138065856846,8.911292203220029,1.475585108279231e-14,0.9846942974668248,OneLayerCRMPSingleConstrained,694,0.8424977429822895,0.9450574362607513,0.9205275042700187,0.8842693528761698,0.9255694177916293,ALLWARA
BG-0839_I,BG-0989_P,0.2161677106169649,2.2044138065856846,8.911292203220029,1.475585108279231e-14,0.9846942974668248,OneLayerCRMPSingleConstrained,695,0.8424977429822895,0.9450574362607513,0.9205275042700187,0.8842693528761698,0.9255694177916293,ALLWARA
BG-0867_I,BG-0989_P,0.0025429171375317325,2.2044138065856846,8.911292203220029,1.475585108279231e-14,0.9846942974668248,OneLayerCRMPSingleConstrained,696,0.8424977429822895,0.9450574362607513,0.9205275042700187,0.8842693528761698,0.9255694177916293,ALLWARA
BG-1353_I,BG-0989_P,0.33495734481145695,2.2044138065856846,8.911292203220029,1.475585108279231e-14,0.9846942974668248,OneLayerCRMPSingleConstrained,697,0.8424977429822895,0.9450574362607513,0.9205275042700187,0.8842693528761698,0.9255694177916293,ALLWARA
BG-1423_I,BG-0989_P,6.1286622301074096e-06,2.2044138065856846,8.911292203220029,1.475585108279231e-14,0.9846942974668248,OneLayerCRMPSingleConstrained,698,0.8424977429822895,0.9450574362607513,0.9205275042700187,0.8842693528761698,0.9255694177916293,ALLWARA
BG-1424_I,BG-0989_P,2.5662413437671823e-05,2.2044138065856846,8.911292203220029,1.475585108279231e-14,0.9846942974668248,OneLayerCRMPSingleConstrained,699,0.8424977429822895,0.9450574362607513,0.9205275042700187,0.8842693528761698,0.9255694177916293,ALLWARA
BG-1910_I,BG-0989_P,3.363209557098221e-06,2.2044138065856846,8.911292203220029,1.475585108279231e-14,0.9846942974668248,OneLayerCRMPSingleConstrained,700,0.8424977429822895,0.9450574362607513,0.9205275042700187,0.8842693528761698,0.9255694177916293,ALLWARA
BG-1358_I,BG-0080_P,6.1285317269657446e-06,21.633610734434264,42.58316121493531,0.0,1.1497153683981782,OneLayerCRMPSingleConstrained,701,0.6153900536169701,0.9940816732411836,0.786935644856626,0.7288309259238915,0.8332744249238946,ALLWARA
BG-1360_I,BG-0080_P,1.0494147952785282e-05,21.633610734434264,42.58316121493531,0.0,1.1497153683981782,OneLayerCRMPSingleConstrained,702,0.6153900536169701,0.9940816732411836,0.786935644856626,0.7288309259238915,0.8332744249238946,ALLWARA
BG-1424_I,BG-0080_P,2.57371724909091e-05,21.633610734434264,42.58316121493531,0.0,1.1497153683981782,OneLayerCRMPSingleConstrained,703,0.6153900536169701,0.9940816732411836,0.786935644856626,0.7288309259238915,0.8332744249238946,ALLWARA
BG-1428_I,BG-0080_P,1.0282143905520937e-05,21.633610734434264,42.58316121493531,0.0,1.1497153683981782,OneLayerCRMPSingleConstrained,704,0.6153900536169701,0.9940816732411836,0.786935644856626,0.7288309259238915,0.8332744249238946,ALLWARA
BG-2062_I,BG-0080_P,0.5570898601968961,21.633610734434264,42.58316121493531,0.0,1.1497153683981782,OneLayerCRMPSingleConstrained,705,0.6153900536169701,0.9940816732411836,0.786935644856626,0.7288309259238915,0.8332744249238946,ALLWARA
BG-0772_I,BG-1151_P,5.9349382317282105e-05,1.2357811546885402,22.68809425214633,0.0,1.2587614937198481,OneLayerCRMPSingleConstrained,706,0.9761849758261867,0.9825148432437026,0.9882669138747154,1.0039404719923148,0.9858196988917985,ALLWARA
BG-0839_I,BG-1151_P,0.19368352227997063,1.2357811546885402,22.68809425214633,0.0,1.2587614937198481,OneLayerCRMPSingleConstrained,707,0.9761849758261867,0.9825148432437026,0.9882669138747154,1.0039404719923148,0.9858196988917985,ALLWARA
BG-0867_I,BG-1151_P,0.0025397351272553876,1.2357811546885402,22.68809425214633,0.0,1.2587614937198481,OneLayerCRMPSingleConstrained,708,0.9761849758261867,0.9825148432437026,0.9882669138747154,1.0039404719923148,0.9858196988917985,ALLWARA
BG-1353_I,BG-1151_P,1.2049487847339522e-05,1.2357811546885402,22.68809425214633,0.0,1.2587614937198481,OneLayerCRMPSingleConstrained,709,0.9761849758261867,0.9825148432437026,0.9882669138747154,1.0039404719923148,0.9858196988917985,ALLWARA
BG-1354_I,BG-1151_P,6.128341364354041e-06,1.2357811546885402,22.68809425214633,0.0,1.2587614937198481,OneLayerCRMPSingleConstrained,710,0.9761849758261867,0.9825148432437026,0.9882669138747154,1.0039404719923148,0.9858196988917985,ALLWARA
BG-1423_I,BG-1151_P,6.1286622301074096e-06,1.2357811546885402,22.68809425214633,0.0,1.2587614937198481,OneLayerCRMPSingleConstrained,711,0.9761849758261867,0.9825148432437026,0.9882669138747154,1.0039404719923148,0.9858196988917985,ALLWARA
BG-1424_I,BG-1151_P,2.5692139143964343e-05,1.2357811546885402,22.68809425214633,0.0,1.2587614937198481,OneLayerCRMPSingleConstrained,712,0.9761849758261867,0.9825148432437026,0.9882669138747154,1.0039404719923148,0.9858196988917985,ALLWARA
BG-1910_I,BG-1151_P,3.363209557098221e-06,1.2357811546885402,22.68809425214633,0.0,1.2587614937198481,OneLayerCRMPSingleConstrained,713,0.9761849758261867,0.9825148432437026,0.9882669138747154,1.0039404719923148,0.9858196988917985,ALLWARA
BG-1358_I,BG-1361_P,6.1285317269657446e-06,23.642189636266682,46.07434842930133,0.0,1.0480508475782304,OneLayerCRMPSingleConstrained,714,0.9856027083576892,0.994573814859645,0.9928014709691845,0.993444656015938,0.9936074034306751,ALLWARA
BG-1360_I,BG-1361_P,1.0539426364704881e-05,23.642189636266682,46.07434842930133,0.0,1.0480508475782304,OneLayerCRMPSingleConstrained,715,0.9856027083576892,0.994573814859645,0.9928014709691845,0.993444656015938,0.9936074034306751,ALLWARA
BG-1424_I,BG-1361_P,0.4710748678045471,23.642189636266682,46.07434842930133,0.0,1.0480508475782304,OneLayerCRMPSingleConstrained,716,0.9856027083576892,0.994573814859645,0.9928014709691845,0.993444656015938,0.9936074034306751,ALLWARA
BG-1428_I,BG-1361_P,2.8247628587148386e-05,23.642189636266682,46.07434842930133,0.0,1.0480508475782304,OneLayerCRMPSingleConstrained,717,0.9856027083576892,0.994573814859645,0.9928014709691845,0.993444656015938,0.9936074034306751,ALLWARA
BG-2041_I,BG-1361_P,6.1266140076259646e-06,23.642189636266682,46.07434842930133,0.0,1.0480508475782304,OneLayerCRMPSingleConstrained,718,0.9856027083576892,0.994573814859645,0.9928014709691845,0.993444656015938,0.9936074034306751,ALLWARA
BG-2062_I,BG-1361_P,6.798605640081576e-06,23.642189636266682,46.07434842930133,0.0,1.0480508475782304,OneLayerCRMPSingleConstrained,719,0.9856027083576892,0.994573814859645,0.9928014709691845,0.993444656015938,0.9936074034306751,ALLWARA
BG-1353_I,BG-1356_P,1.2099148282309409e-05,3.5052927219646963,1.0,0.0,1.0000000149011612,OneLayerCRMPSingleConstrained,720,0.9200587451501259,0.8252533278116027,0.9901291128515427,0.8279313932337573,0.8705937181673349,ALLWARA
BG-1354_I,BG-1356_P,6.13546303918478e-06,3.5052927219646963,1.0,0.0,1.0000000149011612,OneLayerCRMPSingleConstrained,721,0.9200587451501259,0.8252533278116027,0.9901291128515427,0.8279313932337573,0.8705937181673349,ALLWARA
BG-1358_I,BG-1356_P,0.9974479029270575,3.5052927219646963,1.0,0.0,1.0000000149011612,OneLayerCRMPSingleConstrained,722,0.9200587451501259,0.8252533278116027,0.9901291128515427,0.8279313932337573,0.8705937181673349,ALLWARA
BG-1360_I,BG-1356_P,1.0985092721524981e-05,3.5052927219646963,1.0,0.0,1.0000000149011612,OneLayerCRMPSingleConstrained,723,0.9200587451501259,0.8252533278116027,0.9901291128515427,0.8279313932337573,0.8705937181673349,ALLWARA
BG-1423_I,BG-1356_P,6.1409943259586115e-06,3.5052927219646963,1.0,0.0,1.0000000149011612,OneLayerCRMPSingleConstrained,724,0.9200587451501259,0.8252533278116027,0.9901291128515427,0.8279313932337573,0.8705937181673349,ALLWARA
BG-1424_I,BG-1356_P,2.6663820218557118e-05,3.5052927219646963,1.0,0.0,1.0000000149011612,OneLayerCRMPSingleConstrained,725,0.9200587451501259,0.8252533278116027,0.9901291128515427,0.8279313932337573,0.8705937181673349,ALLWARA
BG-1428_I,BG-1356_P,2.3517172684280997e-05,3.5052927219646963,1.0,0.0,1.0000000149011612,OneLayerCRMPSingleConstrained,726,0.9200587451501259,0.8252533278116027,0.9901291128515427,0.8279313932337573,0.8705937181673349,ALLWARA
BG-2041_I,BG-1356_P,6.126665934101506e-06,3.5052927219646963,1.0,0.0,1.0000000149011612,OneLayerCRMPSingleConstrained,727,0.9200587451501259,0.8252533278116027,0.9901291128515427,0.8279313932337573,0.8705937181673349,ALLWARA
BG-2062_I,BG-1356_P,6.805871779641236e-06,3.5052927219646963,1.0,0.0,1.0000000149011612,OneLayerCRMPSingleConstrained,728,0.9200587451501259,0.8252533278116027,0.9901291128515427,0.8279313932337573,0.8705937181673349,ALLWARA
BG-0777_I,BG-0210_P,0.9975151272619706,4.218292232206518,24.2227601749088,4.933343413343782e-15,1.0554645917831538,OneLayerCRMPSingleConstrained,729,0.9717849312807677,0.9914619249238529,0.9863761958581223,1.009278230893797,0.9888224957509363,ALLWARA
BG-0868_I,BG-0210_P,6.128904065677572e-06,4.218292232206518,24.2227601749088,4.933343413343782e-15,1.0554645917831538,OneLayerCRMPSingleConstrained,730,0.9717849312807677,0.9914619249238529,0.9863761958581223,1.009278230893797,0.9888224957509363,ALLWARA
BG-1353_I,BG-0210_P,0.20614487797606015,4.218292232206518,24.2227601749088,4.933343413343782e-15,1.0554645917831538,OneLayerCRMPSingleConstrained,731,0.9717849312807677,0.9914619249238529,0.9863761958581223,1.009278230893797,0.9888224957509363,ALLWARA
BG-1354_I,BG-0210_P,6.1283403901989355e-06,4.218292232206518,24.2227601749088,4.933343413343782e-15,1.0554645917831538,OneLayerCRMPSingleConstrained,732,0.9717849312807677,0.9914619249238529,0.9863761958581223,1.009278230893797,0.9888224957509363,ALLWARA
BG-1358_I,BG-0210_P,6.1285317269657446e-06,4.218292232206518,24.2227601749088,4.933343413343782e-15,1.0554645917831538,OneLayerCRMPSingleConstrained,733,0.9717849312807677,0.9914619249238529,0.9863761958581223,1.009278230893797,0.9888224957509363,ALLWARA
BG-1360_I,BG-0210_P,0.09365534762333394,4.218292232206518,24.2227601749088,4.933343413343782e-15,1.0554645917831538,OneLayerCRMPSingleConstrained,734,0.9717849312807677,0.9914619249238529,0.9863761958581223,1.009278230893797,0.9888224957509363,ALLWARA
BG-1424_I,BG-0210_P,2.5626179156211894e-05,4.218292232206518,24.2227601749088,4.933343413343782e-15,1.0554645917831538,OneLayerCRMPSingleConstrained,735,0.9717849312807677,0.9914619249238529,0.9863761958581223,1.009278230893797,0.9888224957509363,ALLWARA
BG-1354_I,BG-0249_P,6.128340359897249e-06,10.507404158676636,22.81114950685901,0.0,1.0601242097162245,OneLayerCRMPSingleConstrained,736,0.9838937110602558,0.9815870923198899,0.9921357714741919,0.9967073279633228,0.9865285213985923,ALLWARA
BG-1358_I,BG-0249_P,6.1285317269657446e-06,10.507404158676636,22.81114950685901,0.0,1.0601242097162245,OneLayerCRMPSingleConstrained,737,0.9838937110602558,0.9815870923198899,0.9921357714741919,0.9967073279633228,0.9865285213985923,ALLWARA
BG-1360_I,BG-0249_P,0.22898113306243076,10.507404158676636,22.81114950685901,0.0,1.0601242097162245,OneLayerCRMPSingleConstrained,738,0.9838937110602558,0.9815870923198899,0.9921357714741919,0.9967073279633228,0.9865285213985923,ALLWARA
BG-1424_I,BG-0249_P,2.563189619074921e-05,10.507404158676636,22.81114950685901,0.0,1.0601242097162245,OneLayerCRMPSingleConstrained,739,0.9838937110602558,0.9815870923198899,0.9921357714741919,0.9967073279633228,0.9865285213985923,ALLWARA
BG-1428_I,BG-0249_P,2.112075421568299e-05,10.507404158676636,22.81114950685901,0.0,1.0601242097162245,OneLayerCRMPSingleConstrained,740,0.9838937110602558,0.9815870923198899,0.9921357714741919,0.9967073279633228,0.9865285213985923,ALLWARA
BG-2041_I,BG-0249_P,6.1266140076259646e-06,10.507404158676636,22.81114950685901,0.0,1.0601242097162245,OneLayerCRMPSingleConstrained,741,0.9838937110602558,0.9815870923198899,0.9921357714741919,0.9967073279633228,0.9865285213985923,ALLWARA
BG-2062_I,BG-0249_P,6.798605640081576e-06,10.507404158676636,22.81114950685901,0.0,1.0601242097162245,OneLayerCRMPSingleConstrained,742,0.9838937110602558,0.9815870923198899,0.9921357714741919,0.9967073279633228,0.9865285213985923,ALLWARA
BG-1139_I,BG-0185_P,3.5442701129034327e-06,25.012031852000568,33.94583730086583,2.0986761657368203e-13,0.5865123728262188,OneLayerCRMPSingleConstrained,743,0.808079491440834,0.9916062755862781,0.9061204366064495,1.016435311852374,0.9365592078218422,ALLWARA
BG-1358_I,BG-0185_P,6.1285317269657446e-06,25.012031852000568,33.94583730086583,2.0986761657368203e-13,0.5865123728262188,OneLayerCRMPSingleConstrained,744,0.808079491440834,0.9916062755862781,0.9061204366064495,1.016435311852374,0.9365592078218422,ALLWARA
BG-1360_I,BG-0185_P,1.0484556280621628e-05,25.012031852000568,33.94583730086583,2.0986761657368203e-13,0.5865123728262188,OneLayerCRMPSingleConstrained,745,0.808079491440834,0.9916062755862781,0.9061204366064495,1.016435311852374,0.9365592078218422,ALLWARA
BG-1428_I,BG-0185_P,1.028004825572747e-05,25.012031852000568,33.94583730086583,2.0986761657368203e-13,0.5865123728262188,OneLayerCRMPSingleConstrained,746,0.808079491440834,0.9916062755862781,0.9061204366064495,1.016435311852374,0.9365592078218422,ALLWARA
BG-2041_I,BG-0185_P,6.1266140076259646e-06,25.012031852000568,33.94583730086583,2.0986761657368203e-13,0.5865123728262188,OneLayerCRMPSingleConstrained,747,0.808079491440834,0.9916062755862781,0.9061204366064495,1.016435311852374,0.9365592078218422,ALLWARA
BG-2062_I,BG-0185_P,6.798605640081576e-06,25.012031852000568,33.94583730086583,2.0986761657368203e-13,0.5865123728262188,OneLayerCRMPSingleConstrained,748,0.808079491440834,0.9916062755862781,0.9061204366064495,1.016435311852374,0.9365592078218422,ALLWARA
BG-1353_I,BG-1355_P,1.204706052903436e-05,3.763808028692293,21.79729188625087,1.389353393845595e-13,0.4959808336631443,OneLayerCRMPSingleConstrained,749,0.9474360962504499,0.9847434359146678,0.9735401112521813,0.9710059324989252,0.9775530536123008,ALLWARA
BG-1354_I,BG-1355_P,3.9451980898767585e-05,3.763808028692293,21.79729188625087,1.389353393845595e-13,0.4959808336631443,OneLayerCRMPSingleConstrained,750,0.9474360962504499,0.9847434359146678,0.9735401112521813,0.9710059324989252,0.9775530536123008,ALLWARA
BG-1358_I,BG-1355_P,6.1285317269657446e-06,3.763808028692293,21.79729188625087,1.389353393845595e-13,0.4959808336631443,OneLayerCRMPSingleConstrained,751,0.9474360962504499,0.9847434359146678,0.9735401112521813,0.9710059324989252,0.9775530536123008,ALLWARA
BG-1360_I,BG-1355_P,1.041616777050244e-05,3.763808028692293,21.79729188625087,1.389353393845595e-13,0.4959808336631443,OneLayerCRMPSingleConstrained,752,0.9474360962504499,0.9847434359146678,0.9735401112521813,0.9710059324989252,0.9775530536123008,ALLWARA
BG-1424_I,BG-1355_P,0.5063229729702157,3.763808028692293,21.79729188625087,1.389353393845595e-13,0.4959808336631443,OneLayerCRMPSingleConstrained,753,0.9474360962504499,0.9847434359146678,0.9735401112521813,0.9710059324989252,0.9775530536123008,ALLWARA
BG-1428_I,BG-1355_P,1.0218152548896264e-05,3.763808028692293,21.79729188625087,1.389353393845595e-13,0.4959808336631443,OneLayerCRMPSingleConstrained,754,0.9474360962504499,0.9847434359146678,0.9735401112521813,0.9710059324989252,0.9775530536123008,ALLWARA
BG-2041_I,BG-1355_P,6.1266140076259646e-06,3.763808028692293,21.79729188625087,1.389353393845595e-13,0.4959808336631443,OneLayerCRMPSingleConstrained,755,0.9474360962504499,0.9847434359146678,0.9735401112521813,0.9710059324989252,0.9775530536123008,ALLWARA
BG-1139_I,BG-1359_P,0.00012318127634183533,49.9733165472398,50.0,1.7034300575323453e-13,1.1432422080860762,OneLayerCRMPSingleConstrained,756,0.656727706686514,0.9878140692460912,0.8904616925183255,1.2518708229865523,0.8913257016649183,ALLWARA
BG-1358_I,BG-1359_P,6.1285317269657446e-06,49.9733165472398,50.0,1.7034300575323453e-13,1.1432422080860762,OneLayerCRMPSingleConstrained,757,0.656727706686514,0.9878140692460912,0.8904616925183255,1.2518708229865523,0.8913257016649183,ALLWARA
BG-1360_I,BG-1359_P,1.0398335183716929e-05,49.9733165472398,50.0,1.7034300575323453e-13,1.1432422080860762,OneLayerCRMPSingleConstrained,758,0.656727706686514,0.9878140692460912,0.8904616925183255,1.2518708229865523,0.8913257016649183,ALLWARA
BG-1428_I,BG-1359_P,1.0221052689139941e-05,49.9733165472398,50.0,1.7034300575323453e-13,1.1432422080860762,OneLayerCRMPSingleConstrained,759,0.656727706686514,0.9878140692460912,0.8904616925183255,1.2518708229865523,0.8913257016649183,ALLWARA
BG-2041_I,BG-1359_P,6.1266140076259646e-06,49.9733165472398,50.0,1.7034300575323453e-13,1.1432422080860762,OneLayerCRMPSingleConstrained,760,0.656727706686514,0.9878140692460912,0.8904616925183255,1.2518708229865523,0.8913257016649183,ALLWARA
BG-2062_I,BG-1359_P,6.798605640081576e-06,49.9733165472398,50.0,1.7034300575323453e-13,1.1432422080860762,OneLayerCRMPSingleConstrained,761,0.656727706686514,0.9878140692460912,0.8904616925183255,1.2518708229865523,0.8913257016649183,ALLWARA
BG-1139_I,BG-2042_P,0.4356635620561253,2.322982474515453,1.0,0.0,1.0000000149011612,OneLayerCRMPSingleConstrained,762,0.894073914564578,0.9362892364669888,0.9547772341080224,0.9101061711222235,0.940376497735988,ALLWARA
BG-1358_I,BG-2042_P,6.1285317269657446e-06,2.322982474515453,1.0,0.0,1.0000000149011612,OneLayerCRMPSingleConstrained,763,0.894073914564578,0.9362892364669888,0.9547772341080224,0.9101061711222235,0.940376497735988,ALLWARA
BG-1360_I,BG-2042_P,1.0797442878647431e-05,2.322982474515453,1.0,0.0,1.0000000149011612,OneLayerCRMPSingleConstrained,764,0.894073914564578,0.9362892364669888,0.9547772341080224,0.9101061711222235,0.940376497735988,ALLWARA
BG-1428_I,BG-2042_P,1.0515524156620361e-05,2.322982474515453,1.0,0.0,1.0000000149011612,OneLayerCRMPSingleConstrained,765,0.894073914564578,0.9362892364669888,0.9547772341080224,0.9101061711222235,0.940376497735988,ALLWARA
BG-1693_I,BG-2042_P,1.2439883178756892e-05,2.322982474515453,1.0,0.0,1.0000000149011612,OneLayerCRMPSingleConstrained,766,0.894073914564578,0.9362892364669888,0.9547772341080224,0.9101061711222235,0.940376497735988,ALLWARA
BG-2041_I,BG-2042_P,6.127766031151746e-06,2.322982474515453,1.0,0.0,1.0000000149011612,OneLayerCRMPSingleConstrained,767,0.894073914564578,0.9362892364669888,0.9547772341080224,0.9101061711222235,0.940376497735988,ALLWARA
BG-2062_I,BG-2042_P,6.822931699123056e-06,2.322982474515453,1.0,0.0,1.0000000149011612,OneLayerCRMPSingleConstrained,768,0.894073914564578,0.9362892364669888,0.9547772341080224,0.9101061711222235,0.940376497735988,ALLWARA
BG-0777_I,BG-0988_P,6.138101283765695e-06,1.7776025142887588,21.75449321525937,0.0,1.4,OneLayerCRMPSingleConstrained,769,0.49561433091883633,0.8547923684132002,0.8330740599392183,1.13561044981381,0.8455127643098921,ALLWARA
BG-0778_I,BG-0988_P,6.1323341348979905e-06,1.7776025142887588,21.75449321525937,0.0,1.4,OneLayerCRMPSingleConstrained,770,0.49561433091883633,0.8547923684132002,0.8330740599392183,1.13561044981381,0.8455127643098921,ALLWARA
BG-0868_I,BG-0988_P,6.6602090486740874e-06,1.7776025142887588,21.75449321525937,0.0,1.4,OneLayerCRMPSingleConstrained,771,0.49561433091883633,0.8547923684132002,0.8330740599392183,1.13561044981381,0.8455127643098921,ALLWARA
BG-1353_I,BG-0988_P,1.2081692573717043e-05,1.7776025142887588,21.75449321525937,0.0,1.4,OneLayerCRMPSingleConstrained,772,0.49561433091883633,0.8547923684132002,0.8330740599392183,1.13561044981381,0.8455127643098921,ALLWARA
BG-1354_I,BG-0988_P,6.141566231407025e-06,1.7776025142887588,21.75449321525937,0.0,1.4,OneLayerCRMPSingleConstrained,773,0.49561433091883633,0.8547923684132002,0.8330740599392183,1.13561044981381,0.8455127643098921,ALLWARA
BG-1358_I,BG-0988_P,6.1285317269657446e-06,1.7776025142887588,21.75449321525937,0.0,1.4,OneLayerCRMPSingleConstrained,774,0.49561433091883633,0.8547923684132002,0.8330740599392183,1.13561044981381,0.8455127643098921,ALLWARA
BG-1424_I,BG-0988_P,2.6398586769429127e-05,1.7776025142887588,21.75449321525937,0.0,1.4,OneLayerCRMPSingleConstrained,775,0.49561433091883633,0.8547923684132002,0.8330740599392183,1.13561044981381,0.8455127643098921,ALLWARA
BG-1729_I,BG-0988_P,9.773510835738057e-06,1.7776025142887588,21.75449321525937,0.0,1.4,OneLayerCRMPSingleConstrained,776,0.49561433091883633,0.8547923684132002,0.8330740599392183,1.13561044981381,0.8455127643098921,ALLWARA
BG-1139_I,BG-1978_P,0.217678405567791,1.6756569028850608,1.0,0.0,1.0000000149011612,OneLayerCRMPSingleConstrained,777,0.9034150626558745,0.9336228754955915,0.9592684784700494,1.0106071664171774,0.9476502915522108,ALLWARA
BG-2041_I,BG-1978_P,6.1266140076259646e-06,1.6756569028850608,1.0,0.0,1.0000000149011612,OneLayerCRMPSingleConstrained,778,0.9034150626558745,0.9336228754955915,0.9592684784700494,1.0106071664171774,0.9476502915522108,ALLWARA
BG-2043_I,BG-1978_P,0.9974695836791663,1.6756569028850608,1.0,0.0,1.0000000149011612,OneLayerCRMPSingleConstrained,779,0.9034150626558745,0.9336228754955915,0.9592684784700494,1.0106071664171774,0.9476502915522108,ALLWARA
BG-2061_I,BG-1978_P,1.4462231269843574e-05,1.6756569028850608,1.0,0.0,1.0000000149011612,OneLayerCRMPSingleConstrained,780,0.9034150626558745,0.9336228754955915,0.9592684784700494,1.0106071664171774,0.9476502915522108,ALLWARA
BG-1139_I,BG-0072_P,3.5442701129034327e-06,5.986466773043524,40.591951215608205,0.0,1.2838164778832875,OneLayerCRMPSingleConstrained,781,0.8457104933365367,0.9809736109857946,0.9247447241143206,0.8388576252169544,0.92714330156074,ALLWARA
BG-1354_I,BG-0072_P,6.130152957333856e-06,5.986466773043524,40.591951215608205,0.0,1.2838164778832875,OneLayerCRMPSingleConstrained,782,0.8457104933365367,0.9809736109857946,0.9247447241143206,0.8388576252169544,0.92714330156074,ALLWARA
BG-1358_I,BG-0072_P,6.1285317269657446e-06,5.986466773043524,40.591951215608205,0.0,1.2838164778832875,OneLayerCRMPSingleConstrained,783,0.8457104933365367,0.9809736109857946,0.9247447241143206,0.8388576252169544,0.92714330156074,ALLWARA
BG-1360_I,BG-0072_P,1.0835472291321397e-05,5.986466773043524,40.591951215608205,0.0,1.2838164778832875,OneLayerCRMPSingleConstrained,784,0.8457104933365367,0.9809736109857946,0.9247447241143206,0.8388576252169544,0.92714330156074,ALLWARA
BG-1693_I,BG-0072_P,1.4468449138905215e-05,5.986466773043524,40.591951215608205,0.0,1.2838164778832875,OneLayerCRMPSingleConstrained,785,0.8457104933365367,0.9809736109857946,0.9247447241143206,0.8388576252169544,0.92714330156074,ALLWARA
BG-1729_I,BG-0072_P,9.750694668880392e-06,5.986466773043524,40.591951215608205,0.0,1.2838164778832875,OneLayerCRMPSingleConstrained,786,0.8457104933365367,0.9809736109857946,0.9247447241143206,0.8388576252169544,0.92714330156074,ALLWARA
BG-2041_I,BG-0072_P,0.9971357849159116,5.986466773043524,40.591951215608205,0.0,1.2838164778832875,OneLayerCRMPSingleConstrained,787,0.8457104933365367,0.9809736109857946,0.9247447241143206,0.8388576252169544,0.92714330156074,ALLWARA
BG-1139_I,BG-0179_P,3.5442701129034327e-06,0.6761073955484512,47.86239584191251,0.0,1.1624121591711964,OneLayerCRMPSingleConstrained,788,0.7107607748179118,0.9813903745814276,0.8903360412257948,1.166937562895409,0.908597369315438,ALLWARA
BG-1693_I,BG-0179_P,1.1015022122168128e-05,0.6761073955484512,47.86239584191251,0.0,1.1624121591711964,OneLayerCRMPSingleConstrained,789,0.7107607748179118,0.9813903745814276,0.8903360412257948,1.166937562895409,0.908597369315438,ALLWARA
BG-1924_I,BG-0179_P,7.552512165502476e-06,0.6761073955484512,47.86239584191251,0.0,1.1624121591711964,OneLayerCRMPSingleConstrained,790,0.7107607748179118,0.9813903745814276,0.8903360412257948,1.166937562895409,0.908597369315438,ALLWARA
BG-2041_I,BG-0179_P,0.0003251468124264253,0.6761073955484512,47.86239584191251,0.0,1.1624121591711964,OneLayerCRMPSingleConstrained,791,0.7107607748179118,0.9813903745814276,0.8903360412257948,1.166937562895409,0.908597369315438,ALLWARA
BG-2043_I,BG-0179_P,6.133271571413583e-06,0.6761073955484512,47.86239584191251,0.0,1.1624121591711964,OneLayerCRMPSingleConstrained,792,0.7107607748179118,0.9813903745814276,0.8903360412257948,1.166937562895409,0.908597369315438,ALLWARA
BG-2061_I,BG-0179_P,0.04065922319681088,0.6761073955484512,47.86239584191251,0.0,1.1624121591711964,OneLayerCRMPSingleConstrained,793,0.7107607748179118,0.9813903745814276,0.8903360412257948,1.166937562895409,0.908597369315438,ALLWARA
BG-1139_I,BG-2204_P,0.21218929627999045,12.98862212658212,1.0,0.0,1.0000000149011612,OneLayerCRMPSingleConstrained,794,0.9657929346400358,0.8903216449672912,0.9912308247797155,0.8911818733712776,0.9185632363927403,ALLWARA
BG-1924_I,BG-2204_P,0.7528937079994179,12.98862212658212,1.0,0.0,1.0000000149011612,OneLayerCRMPSingleConstrained,795,0.9657929346400358,0.8903216449672912,0.9912308247797155,0.8911818733712776,0.9185632363927403,ALLWARA
BG-2043_I,BG-2204_P,6.202551418224732e-06,12.98862212658212,1.0,0.0,1.0000000149011612,OneLayerCRMPSingleConstrained,796,0.9657929346400358,0.8903216449672912,0.9912308247797155,0.8911818733712776,0.9185632363927403,ALLWARA
BG-2061_I,BG-2204_P,1.4580198413930696e-05,12.98862212658212,1.0,0.0,1.0000000149011612,OneLayerCRMPSingleConstrained,797,0.9657929346400358,0.8903216449672912,0.9912308247797155,0.8911818733712776,0.9185632363927403,ALLWARA
BG-2095_I,BG-2204_P,7.652140598428755e-06,12.98862212658212,1.0,0.0,1.0000000149011612,OneLayerCRMPSingleConstrained,798,0.9657929346400358,0.8903216449672912,0.9912308247797155,0.8911818733712776,0.9185632363927403,ALLWARA
BG-1139_I,BG-1918_P,0.1328406602191894,6.590696175363059,49.19197502094008,0.0,0.9489782206909595,OneLayerCRMPSingleConstrained,799,-0.7712645615989755,0.9759674395116082,-0.129917567194677,0.738410607098039,0.23735724370690692,ALLWARA
BG-1693_I,BG-1918_P,1.105698025908451e-05,6.590696175363059,49.19197502094008,0.0,0.9489782206909595,OneLayerCRMPSingleConstrained,800,-0.7712645615989755,0.9759674395116082,-0.129917567194677,0.738410607098039,0.23735724370690692,ALLWARA
BG-1924_I,BG-1918_P,7.445010694487762e-06,6.590696175363059,49.19197502094008,0.0,0.9489782206909595,OneLayerCRMPSingleConstrained,801,-0.7712645615989755,0.9759674395116082,-0.129917567194677,0.738410607098039,0.23735724370690692,ALLWARA
BG-2041_I,BG-1918_P,6.138685371166441e-06,6.590696175363059,49.19197502094008,0.0,0.9489782206909595,OneLayerCRMPSingleConstrained,802,-0.7712645615989755,0.9759674395116082,-0.129917567194677,0.738410607098039,0.23735724370690692,ALLWARA
BG-2043_I,BG-1918_P,6.160137456066677e-06,6.590696175363059,49.19197502094008,0.0,0.9489782206909595,OneLayerCRMPSingleConstrained,803,-0.7712645615989755,0.9759674395116082,-0.129917567194677,0.738410607098039,0.23735724370690692,ALLWARA
BG-2061_I,BG-1918_P,1.459501648273581e-05,6.590696175363059,49.19197502094008,0.0,0.9489782206909595,OneLayerCRMPSingleConstrained,804,-0.7712645615989755,0.9759674395116082,-0.129917567194677,0.738410607098039,0.23735724370690692,ALLWARA
BG-0741_I,BG-1919_P,6.741367152983462e-06,2.831267535022157,31.75788614360898,0.0,1.4,OneLayerCRMPSingleConstrained,805,0.3333262281569842,0.9660403561774973,0.5913101543439335,0.7026090409854167,0.7092674260453773,ALLWARA
BG-0777_I,BG-1919_P,6.141843787404285e-06,2.831267535022157,31.75788614360898,0.0,1.4,OneLayerCRMPSingleConstrained,806,0.3333262281569842,0.9660403561774973,0.5913101543439335,0.7026090409854167,0.7092674260453773,ALLWARA
BG-0778_I,BG-1919_P,6.131535161107374e-06,2.831267535022157,31.75788614360898,0.0,1.4,OneLayerCRMPSingleConstrained,807,0.3333262281569842,0.9660403561774973,0.5913101543439335,0.7026090409854167,0.7092674260453773,ALLWARA
BG-0868_I,BG-1919_P,6.131677798372792e-06,2.831267535022157,31.75788614360898,0.0,1.4,OneLayerCRMPSingleConstrained,808,0.3333262281569842,0.9660403561774973,0.5913101543439335,0.7026090409854167,0.7092674260453773,ALLWARA
BG-0869_I,BG-1919_P,6.134270348037927e-06,2.831267535022157,31.75788614360898,0.0,1.4,OneLayerCRMPSingleConstrained,809,0.3333262281569842,0.9660403561774973,0.5913101543439335,0.7026090409854167,0.7092674260453773,ALLWARA
BG-1353_I,BG-1919_P,1.2081889661917974e-05,2.831267535022157,31.75788614360898,0.0,1.4,OneLayerCRMPSingleConstrained,810,0.3333262281569842,0.9660403561774973,0.5913101543439335,0.7026090409854167,0.7092674260453773,ALLWARA
BG-1354_I,BG-1919_P,6.129021891513205e-06,2.831267535022157,31.75788614360898,0.0,1.4,OneLayerCRMPSingleConstrained,811,0.3333262281569842,0.9660403561774973,0.5913101543439335,0.7026090409854167,0.7092674260453773,ALLWARA
BG-1729_I,BG-1919_P,9.790289727568786e-06,2.831267535022157,31.75788614360898,0.0,1.4,OneLayerCRMPSingleConstrained,812,0.3333262281569842,0.9660403561774973,0.5913101543439335,0.7026090409854167,0.7092674260453773,ALLWARA
BG-2060_I,BG-1919_P,0.004527533865086314,2.831267535022157,31.75788614360898,0.0,1.4,OneLayerCRMPSingleConstrained,813,0.3333262281569842,0.9660403561774973,0.5913101543439335,0.7026090409854167,0.7092674260453773,ALLWARA
BG-2043_I,BG-2246_P,2.0961705267626006e-05,17.07881390827988,1.0,0.0,1.0000000149011612,OneLayerCRMPSingleConstrained,814,-0.19348651570993725,0.0024057933280958598,0.9327236434926116,0.0026325844274470494,0.25881964720912765,ALLWARA
BG-2061_I,BG-2246_P,1.4654310843049325e-05,17.07881390827988,1.0,0.0,1.0000000149011612,OneLayerCRMPSingleConstrained,815,-0.19348651570993725,0.0024057933280958598,0.9327236434926116,0.0026325844274470494,0.25881964720912765,ALLWARA
BG-2095_I,BG-2246_P,1.3232236734952606e-05,17.07881390827988,1.0,0.0,1.0000000149011612,OneLayerCRMPSingleConstrained,816,-0.19348651570993725,0.0024057933280958598,0.9327236434926116,0.0026325844274470494,0.25881964720912765,ALLWARA
BG-2098_I,BG-2246_P,0.01719407045305631,17.07881390827988,1.0,0.0,1.0000000149011612,OneLayerCRMPSingleConstrained,817,-0.19348651570993725,0.0024057933280958598,0.9327236434926116,0.0026325844274470494,0.25881964720912765,ALLWARA
BG-0741_I,BG-0919_P,0.9975145383584854,9.82173141173611,2.591898635711454,0.0,1.4,OneLayerCRMPSingleConstrained,818,0.2831980497548803,0.995795826185278,0.5352776867937057,0.4786842536894159,0.6473386365132846,ALLWARA
BG-0778_I,BG-0919_P,0.9975151432979964,9.82173141173611,2.591898635711454,0.0,1.4,OneLayerCRMPSingleConstrained,819,0.2831980497548803,0.995795826185278,0.5352776867937057,0.4786842536894159,0.6473386365132846,ALLWARA
BG-0868_I,BG-0919_P,0.9975085028364382,9.82173141173611,2.591898635711454,0.0,1.4,OneLayerCRMPSingleConstrained,820,0.2831980497548803,0.995795826185278,0.5352776867937057,0.4786842536894159,0.6473386365132846,ALLWARA
BG-0869_I,BG-0919_P,0.9975149553539098,9.82173141173611,2.591898635711454,0.0,1.4,OneLayerCRMPSingleConstrained,821,0.2831980497548803,0.995795826185278,0.5352776867937057,0.4786842536894159,0.6473386365132846,ALLWARA
BG-1354_I,BG-0919_P,0.9974167570197401,9.82173141173611,2.591898635711454,0.0,1.4,OneLayerCRMPSingleConstrained,822,0.2831980497548803,0.995795826185278,0.5352776867937057,0.4786842536894159,0.6473386365132846,ALLWARA
BG-1358_I,BG-0919_P,6.1285317269657446e-06,9.82173141173611,2.591898635711454,0.0,1.4,OneLayerCRMPSingleConstrained,823,0.2831980497548803,0.995795826185278,0.5352776867937057,0.4786842536894159,0.6473386365132846,ALLWARA
BG-1693_I,BG-0919_P,0.03771490109896317,9.82173141173611,2.591898635711454,0.0,1.4,OneLayerCRMPSingleConstrained,824,0.2831980497548803,0.995795826185278,0.5352776867937057,0.4786842536894159,0.6473386365132846,ALLWARA
BG-1729_I,BG-0919_P,9.766557396659312e-06,9.82173141173611,2.591898635711454,0.0,1.4,OneLayerCRMPSingleConstrained,825,0.2831980497548803,0.995795826185278,0.5352776867937057,0.4786842536894159,0.6473386365132846,ALLWARA
BG-2060_I,BG-0919_P,0.6565482366576773,9.82173141173611,2.591898635711454,0.0,1.4,OneLayerCRMPSingleConstrained,826,0.2831980497548803,0.995795826185278,0.5352776867937057,0.4786842536894159,0.6473386365132846,ALLWARA
BG-1139_I,BG-1386_P,3.916175035379371e-05,5.823445287800284,50.0,0.0,1.1692767900774128,OneLayerCRMPSingleConstrained,827,0.544943065486293,0.9682308932199067,0.7497657670706392,0.8674625153990584,0.8256769669655147,ALLWARA
BG-1693_I,BG-1386_P,1.106551411088773e-05,5.823445287800284,50.0,0.0,1.1692767900774128,OneLayerCRMPSingleConstrained,828,0.544943065486293,0.9682308932199067,0.7497657670706392,0.8674625153990584,0.8256769669655147,ALLWARA
BG-1924_I,BG-1386_P,7.452324678856652e-06,5.823445287800284,50.0,0.0,1.1692767900774128,OneLayerCRMPSingleConstrained,829,0.544943065486293,0.9682308932199067,0.7497657670706392,0.8674625153990584,0.8256769669655147,ALLWARA
BG-2041_I,BG-1386_P,6.136358979871125e-06,5.823445287800284,50.0,0.0,1.1692767900774128,OneLayerCRMPSingleConstrained,830,0.544943065486293,0.9682308932199067,0.7497657670706392,0.8674625153990584,0.8256769669655147,ALLWARA
BG-2043_I,BG-1386_P,6.145629843296069e-06,5.823445287800284,50.0,0.0,1.1692767900774128,OneLayerCRMPSingleConstrained,831,0.544943065486293,0.9682308932199067,0.7497657670706392,0.8674625153990584,0.8256769669655147,ALLWARA
BG-2061_I,BG-1386_P,1.4565758083521594e-05,5.823445287800284,50.0,0.0,1.1692767900774128,OneLayerCRMPSingleConstrained,832,0.544943065486293,0.9682308932199067,0.7497657670706392,0.8674625153990584,0.8256769669655147,ALLWARA
BG-0727_I,BG-1917_P,6.109056835056046e-06,10.257034300714514,16.10838216388249,0.0,0.8328665239550065,OneLayerCRMPSingleConstrained,833,0.8638091011443154,1.0155136479454356,0.9320293300002477,0.8759478476997321,0.9389573754431507,ALLWARA
BG-1354_I,BG-1917_P,6.128340359897249e-06,10.257034300714514,16.10838216388249,0.0,0.8328665239550065,OneLayerCRMPSingleConstrained,834,0.8638091011443154,1.0155136479454356,0.9320293300002477,0.8759478476997321,0.9389573754431507,ALLWARA
BG-1358_I,BG-1917_P,6.1285317269657446e-06,10.257034300714514,16.10838216388249,0.0,0.8328665239550065,OneLayerCRMPSingleConstrained,835,0.8638091011443154,1.0155136479454356,0.9320293300002477,0.8759478476997321,0.9389573754431507,ALLWARA
BG-1693_I,BG-1917_P,1.1011160431469945e-05,10.257034300714514,16.10838216388249,0.0,0.8328665239550065,OneLayerCRMPSingleConstrained,836,0.8638091011443154,1.0155136479454356,0.9320293300002477,0.8759478476997321,0.9389573754431507,ALLWARA
BG-1729_I,BG-1917_P,0.9960203990236717,10.257034300714514,16.10838216388249,0.0,0.8328665239550065,OneLayerCRMPSingleConstrained,837,0.8638091011443154,1.0155136479454356,0.9320293300002477,0.8759478476997321,0.9389573754431507,ALLWARA
BG-2041_I,BG-1917_P,6.1266140076259646e-06,10.257034300714514,16.10838216388249,0.0,0.8328665239550065,OneLayerCRMPSingleConstrained,838,0.8638091011443154,1.0155136479454356,0.9320293300002477,0.8759478476997321,0.9389573754431507,ALLWARA
BG-2060_I,BG-1917_P,0.000508665723787628,10.257034300714514,16.10838216388249,0.0,0.8328665239550065,OneLayerCRMPSingleConstrained,839,0.8638091011443154,1.0155136479454356,0.9320293300002477,0.8759478476997321,0.9389573754431507,ALLWARA
BG-1139_I,BG-2243_P,3.547407115053414e-06,3.324051211624983,1.0,0.0,1.0,OneLayerCRMPSingleConstrained,840,-0.19229626066296812,0.0007716244793713024,0.9959376446640614,0.0007701596405458514,0.2589471951905927,ALLWARA
BG-1693_I,BG-2243_P,1.1066307739702784e-05,3.324051211624983,1.0,0.0,1.0,OneLayerCRMPSingleConstrained,841,-0.19229626066296812,0.0007716244793713024,0.9959376446640614,0.0007701596405458514,0.2589471951905927,ALLWARA
BG-1924_I,BG-2243_P,7.436038527830708e-06,3.324051211624983,1.0,0.0,1.0,OneLayerCRMPSingleConstrained,842,-0.19229626066296812,0.0007716244793713024,0.9959376446640614,0.0007701596405458514,0.2589471951905927,ALLWARA
BG-1931_I,BG-2243_P,0.0008547638982781817,3.324051211624983,1.0,0.0,1.0,OneLayerCRMPSingleConstrained,843,-0.19229626066296812,0.0007716244793713024,0.9959376446640614,0.0007701596405458514,0.2589471951905927,ALLWARA
BG-2043_I,BG-2243_P,6.141026591724955e-06,3.324051211624983,1.0,0.0,1.0,OneLayerCRMPSingleConstrained,844,-0.19229626066296812,0.0007716244793713024,0.9959376446640614,0.0007701596405458514,0.2589471951905927,ALLWARA
BG-2061_I,BG-2243_P,1.4605148371446929e-05,3.324051211624983,1.0,0.0,1.0,OneLayerCRMPSingleConstrained,845,-0.19229626066296812,0.0007716244793713024,0.9959376446640614,0.0007701596405458514,0.2589471951905927,ALLWARA
BG-2095_I,BG-2243_P,4.0124505202181966e-05,3.324051211624983,1.0,0.0,1.0,OneLayerCRMPSingleConstrained,846,-0.19229626066296812,0.0007716244793713024,0.9959376446640614,0.0007701596405458514,0.2589471951905927,ALLWARA
BG-1818_I,BG-1147_P,6.73541253587687e-06,1.3963986405907627,50.0,0.0,1.25679036322224,OneLayerCRMPSingleConstrained,847,0.37849339416623917,0.9762502527427639,0.6715584212733344,0.43806378670238205,0.716496392808508,ALLWARA
BG-1924_I,BG-1147_P,7.440791267618079e-06,1.3963986405907627,50.0,0.0,1.25679036322224,OneLayerCRMPSingleConstrained,848,0.37849339416623917,0.9762502527427639,0.6715584212733344,0.43806378670238205,0.716496392808508,ALLWARA
BG-2043_I,BG-1147_P,6.1920969820587644e-06,1.3963986405907627,50.0,0.0,1.25679036322224,OneLayerCRMPSingleConstrained,849,0.37849339416623917,0.9762502527427639,0.6715584212733344,0.43806378670238205,0.716496392808508,ALLWARA
BG-2061_I,BG-1147_P,1.4645643475886022e-05,1.3963986405907627,50.0,0.0,1.25679036322224,OneLayerCRMPSingleConstrained,850,0.37849339416623917,0.9762502527427639,0.6715584212733344,0.43806378670238205,0.716496392808508,ALLWARA
BG-2095_I,BG-1147_P,0.5797312209427744,1.3963986405907627,50.0,0.0,1.25679036322224,OneLayerCRMPSingleConstrained,851,0.37849339416623917,0.9762502527427639,0.6715584212733344,0.43806378670238205,0.716496392808508,ALLWARA
BG-2097_I,BG-1147_P,0.46397052207510087,1.3963986405907627,50.0,0.0,1.25679036322224,OneLayerCRMPSingleConstrained,852,0.37849339416623917,0.9762502527427639,0.6715584212733344,0.43806378670238205,0.716496392808508,ALLWARA
BG-2098_I,BG-1147_P,0.02252311828504796,1.3963986405907627,50.0,0.0,1.25679036322224,OneLayerCRMPSingleConstrained,853,0.37849339416623917,0.9762502527427639,0.6715584212733344,0.43806378670238205,0.716496392808508,ALLWARA
BG-1139_I,BG-0248_P,2.169201729352321e-05,2.6669813177524517,24.842520084057476,0.0,1.4,OneLayerCRMPSingleConstrained,854,-0.0017970892844425546,0.5975337354851695,0.727592995319902,0.6886976321409177,0.6594504176400239,ALLWARA
BG-1693_I,BG-0248_P,1.102481357487257e-05,2.6669813177524517,24.842520084057476,0.0,1.4,OneLayerCRMPSingleConstrained,855,-0.0017970892844425546,0.5975337354851695,0.727592995319902,0.6886976321409177,0.6594504176400239,ALLWARA
BG-1924_I,BG-0248_P,0.0002182327739360358,2.6669813177524517,24.842520084057476,0.0,1.4,OneLayerCRMPSingleConstrained,856,-0.0017970892844425546,0.5975337354851695,0.727592995319902,0.6886976321409177,0.6594504176400239,ALLWARA
BG-1931_I,BG-0248_P,6.085065122737592e-06,2.6669813177524517,24.842520084057476,0.0,1.4,OneLayerCRMPSingleConstrained,857,-0.0017970892844425546,0.5975337354851695,0.727592995319902,0.6886976321409177,0.6594504176400239,ALLWARA
BG-0727_I,BG-0878_P,0.00022752698315102698,8.839252792430354,47.88276816826828,0.0,1.0168716854437145,OneLayerCRMPSingleConstrained,858,0.8407076379730394,1.006256589856558,0.9171251397823751,0.9064877290548659,0.9368907391941765,ALLWARA
BG-0741_I,BG-0878_P,6.128941149206693e-06,8.839252792430354,47.88276816826828,0.0,1.0168716854437145,OneLayerCRMPSingleConstrained,859,0.8407076379730394,1.006256589856558,0.9171251397823751,0.9064877290548659,0.9368907391941765,ALLWARA
BG-0869_I,BG-0878_P,6.259419857716643e-06,8.839252792430354,47.88276816826828,0.0,1.0168716854437145,OneLayerCRMPSingleConstrained,860,0.8407076379730394,1.006256589856558,0.9171251397823751,0.9064877290548659,0.9368907391941765,ALLWARA
BG-1354_I,BG-0878_P,2.239247526105575e-05,8.839252792430354,47.88276816826828,0.0,1.0168716854437145,OneLayerCRMPSingleConstrained,861,0.8407076379730394,1.006256589856558,0.9171251397823751,0.9064877290548659,0.9368907391941765,ALLWARA
BG-1693_I,BG-0878_P,0.0004451665827493241,8.839252792430354,47.88276816826828,0.0,1.0168716854437145,OneLayerCRMPSingleConstrained,862,0.8407076379730394,1.006256589856558,0.9171251397823751,0.9064877290548659,0.9368907391941765,ALLWARA
BG-1729_I,BG-0878_P,9.735669884824697e-06,8.839252792430354,47.88276816826828,0.0,1.0168716854437145,OneLayerCRMPSingleConstrained,863,0.8407076379730394,1.006256589856558,0.9171251397823751,0.9064877290548659,0.9368907391941765,ALLWARA
BG-2060_I,BG-0878_P,0.2625006175057836,8.839252792430354,47.88276816826828,0.0,1.0168716854437145,OneLayerCRMPSingleConstrained,864,0.8407076379730394,1.006256589856558,0.9171251397823751,0.9064877290548659,0.9368907391941765,ALLWARA
BG-0727_I,BG-0917_P,6.110731781745653e-06,18.384516139435892,23.354002573571588,0.0,0.8961410614850771,OneLayerCRMPSingleConstrained,865,0.4807685107192936,0.9568966698982101,0.7102008817624967,0.8447002198078387,0.7974155882811622,ALLWARA
BG-1693_I,BG-0917_P,1.1015707713352105e-05,18.384516139435892,23.354002573571588,0.0,0.8961410614850771,OneLayerCRMPSingleConstrained,866,0.4807685107192936,0.9568966698982101,0.7102008817624967,0.8447002198078387,0.7974155882811622,ALLWARA
BG-1729_I,BG-0917_P,9.749391405576745e-06,18.384516139435892,23.354002573571588,0.0,0.8961410614850771,OneLayerCRMPSingleConstrained,867,0.4807685107192936,0.9568966698982101,0.7102008817624967,0.8447002198078387,0.7974155882811622,ALLWARA
BG-1924_I,BG-0917_P,7.435776897549005e-06,18.384516139435892,23.354002573571588,0.0,0.8961410614850771,OneLayerCRMPSingleConstrained,868,0.4807685107192936,0.9568966698982101,0.7102008817624967,0.8447002198078387,0.7974155882811622,ALLWARA
BG-1930_I,BG-0917_P,0.020360800801404656,18.384516139435892,23.354002573571588,0.0,0.8961410614850771,OneLayerCRMPSingleConstrained,869,0.4807685107192936,0.9568966698982101,0.7102008817624967,0.8447002198078387,0.7974155882811622,ALLWARA
BG-1277_I,BG-1070_P,3.498772344738629e-05,7.604574095855227,49.999972896329695,0.0,1.3801831807755767,OneLayerCRMPSingleConstrained,870,0.9323379180412746,0.9994260297558221,0.9656113064701194,0.9736881920236182,0.9754736594262706,ALLWARA
BG-1693_I,BG-1070_P,0.9572825373543872,7.604574095855227,49.999972896329695,0.0,1.3801831807755767,OneLayerCRMPSingleConstrained,871,0.9323379180412746,0.9994260297558221,0.9656113064701194,0.9736881920236182,0.9754736594262706,ALLWARA
BG-1924_I,BG-1070_P,7.435776897549005e-06,7.604574095855227,49.999972896329695,0.0,1.3801831807755767,OneLayerCRMPSingleConstrained,872,0.9323379180412746,0.9994260297558221,0.9656113064701194,0.9736881920236182,0.9754736594262706,ALLWARA
BG-1930_I,BG-1070_P,5.7818918975969924e-06,7.604574095855227,49.999972896329695,0.0,1.3801831807755767,OneLayerCRMPSingleConstrained,873,0.9323379180412746,0.9994260297558221,0.9656113064701194,0.9736881920236182,0.9754736594262706,ALLWARA
BG-1931_I,BG-1070_P,0.0021736229126749812,7.604574095855227,49.999972896329695,0.0,1.3801831807755767,OneLayerCRMPSingleConstrained,874,0.9323379180412746,0.9994260297558221,0.9656113064701194,0.9736881920236182,0.9754736594262706,ALLWARA
BG-1277_I,BG-1459_P,3.313972089877062e-05,5.102491978615665,18.260212324962545,0.0,1.4,OneLayerCRMPSingleConstrained,875,0.8346229397807107,0.9269493096667618,0.9331203940666036,1.0791185455274304,0.9290059671787574,ALLWARA
BG-1815_I,BG-1459_P,1.4650367747990663e-05,5.102491978615665,18.260212324962545,0.0,1.4,OneLayerCRMPSingleConstrained,876,0.8346229397807107,0.9269493096667618,0.9331203940666036,1.0791185455274304,0.9290059671787574,ALLWARA
BG-1818_I,BG-1459_P,6.73541253587687e-06,5.102491978615665,18.260212324962545,0.0,1.4,OneLayerCRMPSingleConstrained,877,0.8346229397807107,0.9269493096667618,0.9331203940666036,1.0791185455274304,0.9290059671787574,ALLWARA
BG-1924_I,BG-1459_P,4.0486947093228805e-05,5.102491978615665,18.260212324962545,0.0,1.4,OneLayerCRMPSingleConstrained,878,0.8346229397807107,0.9269493096667618,0.9331203940666036,1.0791185455274304,0.9290059671787574,ALLWARA
BG-1931_I,BG-1459_P,0.0026076552322755165,5.102491978615665,18.260212324962545,0.0,1.4,OneLayerCRMPSingleConstrained,879,0.8346229397807107,0.9269493096667618,0.9331203940666036,1.0791185455274304,0.9290059671787574,ALLWARA
BG-2061_I,BG-1459_P,1.4462231269843574e-05,5.102491978615665,18.260212324962545,0.0,1.4,OneLayerCRMPSingleConstrained,880,0.8346229397807107,0.9269493096667618,0.9331203940666036,1.0791185455274304,0.9290059671787574,ALLWARA
BG-2095_I,BG-1459_P,7.652140598428755e-06,5.102491978615665,18.260212324962545,0.0,1.4,OneLayerCRMPSingleConstrained,881,0.8346229397807107,0.9269493096667618,0.9331203940666036,1.0791185455274304,0.9290059671787574,ALLWARA
BG-2097_I,BG-1459_P,3.930802767955239e-06,5.102491978615665,18.260212324962545,0.0,1.4,OneLayerCRMPSingleConstrained,882,0.8346229397807107,0.9269493096667618,0.9331203940666036,1.0791185455274304,0.9290059671787574,ALLWARA
BG-2098_I,BG-1459_P,9.421166767646044e-06,5.102491978615665,18.260212324962545,0.0,1.4,OneLayerCRMPSingleConstrained,883,0.8346229397807107,0.9269493096667618,0.9331203940666036,1.0791185455274304,0.9290059671787574,ALLWARA
BG-1277_I,BG-2245_P,0.5530472924210649,2.6221927403260032,1.0,0.0,1.0000000149011612,OneLayerCRMPSingleConstrained,884,0.9418694839080292,0.8073338802114008,0.9924942673997921,0.8030537764631345,0.856444303917049,ALLWARA
BG-1815_I,BG-2245_P,5.741972406044879e-06,2.6221927403260032,1.0,0.0,1.0000000149011612,OneLayerCRMPSingleConstrained,885,0.9418694839080292,0.8073338802114008,0.9924942673997921,0.8030537764631345,0.856444303917049,ALLWARA
BG-1924_I,BG-2245_P,7.435776897549005e-06,2.6221927403260032,1.0,0.0,1.0000000149011612,OneLayerCRMPSingleConstrained,886,0.9418694839080292,0.8073338802114008,0.9924942673997921,0.8030537764631345,0.856444303917049,ALLWARA
BG-1931_I,BG-2245_P,0.0005224506154220063,2.6221927403260032,1.0,0.0,1.0000000149011612,OneLayerCRMPSingleConstrained,887,0.9418694839080292,0.8073338802114008,0.9924942673997921,0.8030537764631345,0.856444303917049,ALLWARA
BG-2095_I,BG-2245_P,7.652140598428755e-06,2.6221927403260032,1.0,0.0,1.0000000149011612,OneLayerCRMPSingleConstrained,888,0.9418694839080292,0.8073338802114008,0.9924942673997921,0.8030537764631345,0.856444303917049,ALLWARA
BG-2097_I,BG-2245_P,4.056545937580323e-06,2.6221927403260032,1.0,0.0,1.0000000149011612,OneLayerCRMPSingleConstrained,889,0.9418694839080292,0.8073338802114008,0.9924942673997921,0.8030537764631345,0.856444303917049,ALLWARA
BG-1277_I,BG-2096_P,3.319717567151846e-05,40.22829089334896,1.0,0.0,1.0000000149011612,OneLayerCRMPSingleConstrained,890,0.5871018725709561,0.4816493530996842,0.9879661450842054,0.494498962084641,0.6172107329141787,ALLWARA
BG-1815_I,BG-2096_P,5.741972406044879e-06,40.22829089334896,1.0,0.0,1.0000000149011612,OneLayerCRMPSingleConstrained,891,0.5871018725709561,0.4816493530996842,0.9879661450842054,0.494498962084641,0.6172107329141787,ALLWARA
BG-1816_I,BG-2096_P,5.758144279327482e-06,40.22829089334896,1.0,0.0,1.0000000149011612,OneLayerCRMPSingleConstrained,892,0.5871018725709561,0.4816493530996842,0.9879661450842054,0.494498962084641,0.6172107329141787,ALLWARA
BG-1818_I,BG-2096_P,6.73541253587687e-06,40.22829089334896,1.0,0.0,1.0000000149011612,OneLayerCRMPSingleConstrained,893,0.5871018725709561,0.4816493530996842,0.9879661450842054,0.494498962084641,0.6172107329141787,ALLWARA
BG-1924_I,BG-2096_P,7.44324745662898e-06,40.22829089334896,1.0,0.0,1.0000000149011612,OneLayerCRMPSingleConstrained,894,0.5871018725709561,0.4816493530996842,0.9879661450842054,0.494498962084641,0.6172107329141787,ALLWARA
BG-1931_I,BG-2096_P,6.085065122737592e-06,40.22829089334896,1.0,0.0,1.0000000149011612,OneLayerCRMPSingleConstrained,895,0.5871018725709561,0.4816493530996842,0.9879661450842054,0.494498962084641,0.6172107329141787,ALLWARA
BG-2061_I,BG-2096_P,0.953389725752573,40.22829089334896,1.0,0.0,1.0000000149011612,OneLayerCRMPSingleConstrained,896,0.5871018725709561,0.4816493530996842,0.9879661450842054,0.494498962084641,0.6172107329141787,ALLWARA
BG-2095_I,BG-2096_P,7.652140598428755e-06,40.22829089334896,1.0,0.0,1.0000000149011612,OneLayerCRMPSingleConstrained,897,0.5871018725709561,0.4816493530996842,0.9879661450842054,0.494498962084641,0.6172107329141787,ALLWARA
BG-2097_I,BG-2096_P,3.930802767955239e-06,40.22829089334896,1.0,0.0,1.0000000149011612,OneLayerCRMPSingleConstrained,898,0.5871018725709561,0.4816493530996842,0.9879661450842054,0.494498962084641,0.6172107329141787,ALLWARA
BG-2098_I,BG-2096_P,9.421166767646044e-06,40.22829089334896,1.0,0.0,1.0000000149011612,OneLayerCRMPSingleConstrained,899,0.5871018725709561,0.4816493530996842,0.9879661450842054,0.494498962084641,0.6172107329141787,ALLWARA
BG-0727_I,BG-0087_P,0.0029980921716314807,4.858688077393954,26.659921763012857,0.0,1.0350200446108013,OneLayerCRMPSingleConstrained,900,0.8370368374498068,0.9806483668482716,0.9159781448256816,0.9385399324891184,0.9389827481485592,ALLWARA
BG-1277_I,BG-0087_P,0.10076760922747746,4.858688077393954,26.659921763012857,0.0,1.0350200446108013,OneLayerCRMPSingleConstrained,901,0.8370368374498068,0.9806483668482716,0.9159781448256816,0.9385399324891184,0.9389827481485592,ALLWARA
BG-1693_I,BG-0087_P,1.1011957808161607e-05,4.858688077393954,26.659921763012857,0.0,1.0350200446108013,OneLayerCRMPSingleConstrained,902,0.8370368374498068,0.9806483668482716,0.9159781448256816,0.9385399324891184,0.9389827481485592,ALLWARA
BG-1924_I,BG-0087_P,7.435776897549005e-06,4.858688077393954,26.659921763012857,0.0,1.0350200446108013,OneLayerCRMPSingleConstrained,903,0.8370368374498068,0.9806483668482716,0.9159781448256816,0.9385399324891184,0.9389827481485592,ALLWARA
BG-1930_I,BG-0087_P,0.0046264895780353124,4.858688077393954,26.659921763012857,0.0,1.0350200446108013,OneLayerCRMPSingleConstrained,904,0.8370368374498068,0.9806483668482716,0.9159781448256816,0.9385399324891184,0.9389827481485592,ALLWARA
BG-2055_I,BG-0087_P,0.012581807481134424,4.858688077393954,26.659921763012857,0.0,1.0350200446108013,OneLayerCRMPSingleConstrained,905,0.8370368374498068,0.9806483668482716,0.9159781448256816,0.9385399324891184,0.9389827481485592,ALLWARA
BG-1278_I,BG-1817_P,0.00047770981914123985,0.5,1.0,0.0,1.0,OneLayerCRMPSingleConstrained,906,0.8468175857235496,0.7520007608537287,0.9685075344479466,0.8268462178853914,0.8235881173851549,ALLWARA
BG-1815_I,BG-1817_P,0.00015940740811875263,0.5,1.0,0.0,1.0,OneLayerCRMPSingleConstrained,907,0.8468175857235496,0.7520007608537287,0.9685075344479466,0.8268462178853914,0.8235881173851549,ALLWARA
BG-1816_I,BG-1817_P,6.632999638020203e-06,0.5,1.0,0.0,1.0,OneLayerCRMPSingleConstrained,908,0.8468175857235496,0.7520007608537287,0.9685075344479466,0.8268462178853914,0.8235881173851549,ALLWARA
BG-1818_I,BG-1817_P,6.73541253587687e-06,0.5,1.0,0.0,1.0,OneLayerCRMPSingleConstrained,909,0.8468175857235496,0.7520007608537287,0.9685075344479466,0.8268462178853914,0.8235881173851549,ALLWARA
BG-1931_I,BG-1817_P,6.085065122737592e-06,0.5,1.0,0.0,1.0,OneLayerCRMPSingleConstrained,910,0.8468175857235496,0.7520007608537287,0.9685075344479466,0.8268462178853914,0.8235881173851549,ALLWARA
BG-2095_I,BG-1817_P,0.3633563982886019,0.5,1.0,0.0,1.0,OneLayerCRMPSingleConstrained,911,0.8468175857235496,0.7520007608537287,0.9685075344479466,0.8268462178853914,0.8235881173851549,ALLWARA
BG-2097_I,BG-1817_P,4.165416144392897e-06,0.5,1.0,0.0,1.0,OneLayerCRMPSingleConstrained,912,0.8468175857235496,0.7520007608537287,0.9685075344479466,0.8268462178853914,0.8235881173851549,ALLWARA
BG-2098_I,BG-1817_P,0.8148133345782796,0.5,1.0,0.0,1.0,OneLayerCRMPSingleConstrained,913,0.8468175857235496,0.7520007608537287,0.9685075344479466,0.8268462178853914,0.8235881173851549,ALLWARA
BG-1277_I,BG-0247_P,3.45972750202553e-05,0.9066672202978571,1.0,0.0,1.0000000149011612,OneLayerCRMPSingleConstrained,914,-0.12185892899005868,0.5130811976621398,0.5891072048990674,0.6361623425052891,0.5573906370033268,ALLWARA
BG-1815_I,BG-0247_P,0.36773533934234803,0.9066672202978571,1.0,0.0,1.0000000149011612,OneLayerCRMPSingleConstrained,915,-0.12185892899005868,0.5130811976621398,0.5891072048990674,0.6361623425052891,0.5573906370033268,ALLWARA
BG-1924_I,BG-0247_P,7.459147272593435e-06,0.9066672202978571,1.0,0.0,1.0000000149011612,OneLayerCRMPSingleConstrained,916,-0.12185892899005868,0.5130811976621398,0.5891072048990674,0.6361623425052891,0.5573906370033268,ALLWARA
BG-1931_I,BG-0247_P,6.08535291336544e-06,0.9066672202978571,1.0,0.0,1.0000000149011612,OneLayerCRMPSingleConstrained,917,-0.12185892899005868,0.5130811976621398,0.5891072048990674,0.6361623425052891,0.5573906370033268,ALLWARA
BG-2059_I,BG-0247_P,6.275880851782483e-06,0.9066672202978571,1.0,0.0,1.0000000149011612,OneLayerCRMPSingleConstrained,918,-0.12185892899005868,0.5130811976621398,0.5891072048990674,0.6361623425052891,0.5573906370033268,ALLWARA
BG-2095_I,BG-0247_P,0.0004294123187815672,0.9066672202978571,1.0,0.0,1.0000000149011612,OneLayerCRMPSingleConstrained,919,-0.12185892899005868,0.5130811976621398,0.5891072048990674,0.6361623425052891,0.5573906370033268,ALLWARA
BG-2097_I,BG-0247_P,0.5344075584074621,0.9066672202978571,1.0,0.0,1.0000000149011612,OneLayerCRMPSingleConstrained,920,-0.12185892899005868,0.5130811976621398,0.5891072048990674,0.6361623425052891,0.5573906370033268,ALLWARA
BG-1815_I,BG-0063_P,0.5116686829267924,1.309861931296346,1.0,0.0,1.0000000149011612,OneLayerCRMPSingleConstrained,921,-0.07043200785970916,0.7783289228531175,0.8207525704329949,0.8654478377499154,0.8040895694735877,ALLWARA
BG-1816_I,BG-0063_P,0.0034808442290117456,1.309861931296346,1.0,0.0,1.0000000149011612,OneLayerCRMPSingleConstrained,922,-0.07043200785970916,0.7783289228531175,0.8207525704329949,0.8654478377499154,0.8040895694735877,ALLWARA
BG-1818_I,BG-0063_P,0.5884680308763606,1.309861931296346,1.0,0.0,1.0000000149011612,OneLayerCRMPSingleConstrained,923,-0.07043200785970916,0.7783289228531175,0.8207525704329949,0.8654478377499154,0.8040895694735877,ALLWARA
BG-2095_I,BG-0063_P,0.05330425715565178,1.309861931296346,1.0,0.0,1.0000000149011612,OneLayerCRMPSingleConstrained,924,-0.07043200785970916,0.7783289228531175,0.8207525704329949,0.8654478377499154,0.8040895694735877,ALLWARA
BG-2097_I,BG-0063_P,4.132998027837356e-06,1.309861931296346,1.0,0.0,1.0000000149011612,OneLayerCRMPSingleConstrained,925,-0.07043200785970916,0.7783289228531175,0.8207525704329949,0.8654478377499154,0.8040895694735877,ALLWARA
BG-2098_I,BG-0063_P,0.09433149839817465,1.309861931296346,1.0,0.0,1.0000000149011612,OneLayerCRMPSingleConstrained,926,-0.07043200785970916,0.7783289228531175,0.8207525704329949,0.8654478377499154,0.8040895694735877,ALLWARA
BG-1277_I,BG-1413_P,3.34697106084112e-05,1.4382414743675525,31.982073093211675,0.0,1.1407556232055025,OneLayerCRMPSingleConstrained,927,0.48468542604987674,0.9656951905918828,0.7520704559339749,0.9950510565874122,0.8320920054009293,ALLWARA
BG-1924_I,BG-1413_P,7.435776897549005e-06,1.4382414743675525,31.982073093211675,0.0,1.1407556232055025,OneLayerCRMPSingleConstrained,928,0.48468542604987674,0.9656951905918828,0.7520704559339749,0.9950510565874122,0.8320920054009293,ALLWARA
BG-1930_I,BG-1413_P,0.4596887197760452,1.4382414743675525,31.982073093211675,0.0,1.1407556232055025,OneLayerCRMPSingleConstrained,929,0.48468542604987674,0.9656951905918828,0.7520704559339749,0.9950510565874122,0.8320920054009293,ALLWARA
BG-1931_I,BG-1413_P,0.0009765999658523758,1.4382414743675525,31.982073093211675,0.0,1.1407556232055025,OneLayerCRMPSingleConstrained,930,0.48468542604987674,0.9656951905918828,0.7520704559339749,0.9950510565874122,0.8320920054009293,ALLWARA
BG-2055_I,BG-1413_P,5.382170658195024e-06,1.4382414743675525,31.982073093211675,0.0,1.1407556232055025,OneLayerCRMPSingleConstrained,931,0.48468542604987674,0.9656951905918828,0.7520704559339749,0.9950510565874122,0.8320920054009293,ALLWARA
BG-0727_I,BG-1594_P,0.9942782709563871,6.330145087107135,1.0,0.0,1.0000000149011612,OneLayerCRMPSingleConstrained,932,0.9845981993347009,0.9109780302733865,0.9980471156763906,0.911136402494766,0.9339878793009072,ALLWARA
BG-1277_I,BG-1594_P,0.33246316346931404,6.330145087107135,1.0,0.0,1.0000000149011612,OneLayerCRMPSingleConstrained,933,0.9845981993347009,0.9109780302733865,0.9980471156763906,0.911136402494766,0.9339878793009072,ALLWARA
BG-1930_I,BG-1594_P,5.7753984894339e-06,6.330145087107135,1.0,0.0,1.0000000149011612,OneLayerCRMPSingleConstrained,934,0.9845981993347009,0.9109780302733865,0.9980471156763906,0.911136402494766,0.9339878793009072,ALLWARA
BG-2055_I,BG-1594_P,0.034581750829287314,6.330145087107135,1.0,0.0,1.0000000149011612,OneLayerCRMPSingleConstrained,935,0.9845981993347009,0.9109780302733865,0.9980471156763906,0.911136402494766,0.9339878793009072,ALLWARA
BG-1277_I,BG-1575_P,3.448469338803777e-05,13.513974471487664,35.2714413699977,0.0,0.926310496075796,OneLayerCRMPSingleConstrained,936,-1.3146946620201705,0.964609393562067,-0.0033424223611304084,1.105084171448939,0.32569954879222673,ALLWARA
BG-1278_I,BG-1575_P,2.303934870433562e-05,13.513974471487664,35.2714413699977,0.0,0.926310496075796,OneLayerCRMPSingleConstrained,937,-1.3146946620201705,0.964609393562067,-0.0033424223611304084,1.105084171448939,0.32569954879222673,ALLWARA
BG-1815_I,BG-1575_P,5.741972406044879e-06,13.513974471487664,35.2714413699977,0.0,0.926310496075796,OneLayerCRMPSingleConstrained,938,-1.3146946620201705,0.964609393562067,-0.0033424223611304084,1.105084171448939,0.32569954879222673,ALLWARA
BG-1816_I,BG-1575_P,8.512776408610203e-06,13.513974471487664,35.2714413699977,0.0,0.926310496075796,OneLayerCRMPSingleConstrained,939,-1.3146946620201705,0.964609393562067,-0.0033424223611304084,1.105084171448939,0.32569954879222673,ALLWARA
BG-1924_I,BG-1575_P,0.2437583578205422,13.513974471487664,35.2714413699977,0.0,0.926310496075796,OneLayerCRMPSingleConstrained,940,-1.3146946620201705,0.964609393562067,-0.0033424223611304084,1.105084171448939,0.32569954879222673,ALLWARA
BG-1931_I,BG-1575_P,6.085065122737592e-06,13.513974471487664,35.2714413699977,0.0,0.926310496075796,OneLayerCRMPSingleConstrained,941,-1.3146946620201705,0.964609393562067,-0.0033424223611304084,1.105084171448939,0.32569954879222673,ALLWARA
BG-2059_I,BG-1575_P,6.334659029765897e-06,13.513974471487664,35.2714413699977,0.0,0.926310496075796,OneLayerCRMPSingleConstrained,942,-1.3146946620201705,0.964609393562067,-0.0033424223611304084,1.105084171448939,0.32569954879222673,ALLWARA
BG-2095_I,BG-1575_P,7.652140598428755e-06,13.513974471487664,35.2714413699977,0.0,0.926310496075796,OneLayerCRMPSingleConstrained,943,-1.3146946620201705,0.964609393562067,-0.0033424223611304084,1.105084171448939,0.32569954879222673,ALLWARA
BG-2097_I,BG-1575_P,3.9880894339755804e-06,13.513974471487664,35.2714413699977,0.0,0.926310496075796,OneLayerCRMPSingleConstrained,944,-1.3146946620201705,0.964609393562067,-0.0033424223611304084,1.105084171448939,0.32569954879222673,ALLWARA
BG-2098_I,BG-1575_P,0.04672967391715206,13.513974471487664,35.2714413699977,0.0,0.926310496075796,OneLayerCRMPSingleConstrained,945,-1.3146946620201705,0.964609393562067,-0.0033424223611304084,1.105084171448939,0.32569954879222673,ALLWARA
BG-1816_I,BG-0670_P,5.758144279327482e-06,49.96204443617803,50.0,0.0,1.313680771773329,OneLayerCRMPSingleConstrained,946,-3.9256395316176214,0.9644124449703277,0.44637868744698855,2.430541471986531,0.4142199605560136,ALLWARA
BG-1818_I,BG-0670_P,6.73541253587687e-06,49.96204443617803,50.0,0.0,1.313680771773329,OneLayerCRMPSingleConstrained,947,-3.9256395316176214,0.9644124449703277,0.44637868744698855,2.430541471986531,0.4142199605560136,ALLWARA
BG-2081_I,BG-0670_P,6.128643525723199e-06,49.96204443617803,50.0,0.0,1.313680771773329,OneLayerCRMPSingleConstrained,948,-3.9256395316176214,0.9644124449703277,0.44637868744698855,2.430541471986531,0.4142199605560136,ALLWARA
BG-2098_I,BG-0670_P,0.0005604285920856273,49.96204443617803,50.0,0.0,1.313680771773329,OneLayerCRMPSingleConstrained,949,-3.9256395316176214,0.9644124449703277,0.44637868744698855,2.430541471986531,0.4142199605560136,ALLWARA
BG-1815_I,BG-2202_P,0.1013424690438731,4.88115766542369,1.0,0.0,1.0,OneLayerCRMPSingleConstrained,950,0.6330193127682536,0.8478876673797462,0.8311343716082532,0.6512406510722183,0.8118311892721207,ALLWARA
BG-1816_I,BG-2202_P,0.7940098336289224,4.88115766542369,1.0,0.0,1.0,OneLayerCRMPSingleConstrained,951,0.6330193127682536,0.8478876673797462,0.8311343716082532,0.6512406510722183,0.8118311892721207,ALLWARA
BG-1818_I,BG-2202_P,6.741481752112557e-06,4.88115766542369,1.0,0.0,1.0,OneLayerCRMPSingleConstrained,952,0.6330193127682536,0.8478876673797462,0.8311343716082532,0.6512406510722183,0.8118311892721207,ALLWARA
BG-2081_I,BG-2202_P,6.1321653531801075e-06,4.88115766542369,1.0,0.0,1.0,OneLayerCRMPSingleConstrained,953,0.6330193127682536,0.8478876673797462,0.8311343716082532,0.6512406510722183,0.8118311892721207,ALLWARA
BG-2097_I,BG-2202_P,3.930802767955239e-06,4.88115766542369,1.0,0.0,1.0,OneLayerCRMPSingleConstrained,954,0.6330193127682536,0.8478876673797462,0.8311343716082532,0.6512406510722183,0.8118311892721207,ALLWARA
BG-2098_I,BG-2202_P,9.421166767646044e-06,4.88115766542369,1.0,0.0,1.0,OneLayerCRMPSingleConstrained,955,0.6330193127682536,0.8478876673797462,0.8311343716082532,0.6512406510722183,0.8118311892721207,ALLWARA
BG-0727_I,BG-0908_P,1.9320671868375518e-05,7.182091290872982,1.0,0.0,1.0,OneLayerCRMPSingleConstrained,956,-0.17564386657670306,0.007696627475200422,0.9912145198363145,0.007587278428520982,0.26404977987821765,ALLWARA
BG-0780_I,BG-0908_P,6.131843867248076e-06,7.182091290872982,1.0,0.0,1.0,OneLayerCRMPSingleConstrained,957,-0.17564386657670306,0.007696627475200422,0.9912145198363145,0.007587278428520982,0.26404977987821765,ALLWARA
BG-0781_I,BG-0908_P,0.006104295818495656,7.182091290872982,1.0,0.0,1.0,OneLayerCRMPSingleConstrained,958,-0.17564386657670306,0.007696627475200422,0.9912145198363145,0.007587278428520982,0.26404977987821765,ALLWARA
BG-1930_I,BG-0908_P,5.7787166067780545e-06,7.182091290872982,1.0,0.0,1.0,OneLayerCRMPSingleConstrained,959,-0.17564386657670306,0.007696627475200422,0.9912145198363145,0.007587278428520982,0.26404977987821765,ALLWARA
BG-2055_I,BG-0908_P,0.010446519490456396,7.182091290872982,1.0,0.0,1.0,OneLayerCRMPSingleConstrained,960,-0.17564386657670306,0.007696627475200422,0.9912145198363145,0.007587278428520982,0.26404977987821765,ALLWARA
BG-1277_I,BG-2092_P,3.630263193499487e-05,3.257910947231566,1.0,0.0,1.0,OneLayerCRMPSingleConstrained,961,0.8432032191178107,0.8394029316783617,0.9601447985430742,0.8468185207382748,0.8788909932937037,ALLWARA
BG-1278_I,BG-2092_P,0.6792834351830173,3.257910947231566,1.0,0.0,1.0,OneLayerCRMPSingleConstrained,962,0.8432032191178107,0.8394029316783617,0.9601447985430742,0.8468185207382748,0.8788909932937037,ALLWARA
BG-1815_I,BG-2092_P,0.0167342631676509,3.257910947231566,1.0,0.0,1.0,OneLayerCRMPSingleConstrained,963,0.8432032191178107,0.8394029316783617,0.9601447985430742,0.8468185207382748,0.8788909932937037,ALLWARA
BG-1816_I,BG-2092_P,0.00021231299602411703,3.257910947231566,1.0,0.0,1.0,OneLayerCRMPSingleConstrained,964,0.8432032191178107,0.8394029316783617,0.9601447985430742,0.8468185207382748,0.8788909932937037,ALLWARA
BG-1818_I,BG-2092_P,0.40876028042424123,3.257910947231566,1.0,0.0,1.0,OneLayerCRMPSingleConstrained,965,0.8432032191178107,0.8394029316783617,0.9601447985430742,0.8468185207382748,0.8788909932937037,ALLWARA
BG-1931_I,BG-2092_P,6.086459089783639e-06,3.257910947231566,1.0,0.0,1.0,OneLayerCRMPSingleConstrained,966,0.8432032191178107,0.8394029316783617,0.9601447985430742,0.8468185207382748,0.8788909932937037,ALLWARA
BG-2059_I,BG-2092_P,6.746512427764925e-06,3.257910947231566,1.0,0.0,1.0,OneLayerCRMPSingleConstrained,967,0.8432032191178107,0.8394029316783617,0.9601447985430742,0.8468185207382748,0.8788909932937037,ALLWARA
BG-2081_I,BG-2092_P,6.14543915869682e-06,3.257910947231566,1.0,0.0,1.0,OneLayerCRMPSingleConstrained,968,0.8432032191178107,0.8394029316783617,0.9601447985430742,0.8468185207382748,0.8788909932937037,ALLWARA
BG-2097_I,BG-2092_P,4.044402455470271e-06,3.257910947231566,1.0,0.0,1.0,OneLayerCRMPSingleConstrained,969,0.8432032191178107,0.8394029316783617,0.9601447985430742,0.8468185207382748,0.8788909932937037,ALLWARA
BG-2098_I,BG-2092_P,9.421166767646044e-06,3.257910947231566,1.0,0.0,1.0,OneLayerCRMPSingleConstrained,970,0.8432032191178107,0.8394029316783617,0.9601447985430742,0.8468185207382748,0.8788909932937037,ALLWARA
BG-1277_I,BG-2057_P,3.351627377995201e-05,4.7107214608618735,1.0,0.0,1.0000000149011612,OneLayerCRMPSingleConstrained,971,0.9745421913093817,0.8925581447421695,0.9960993699641535,0.894179927429284,0.9204932455381829,ALLWARA
BG-1930_I,BG-2057_P,0.5129766917929889,4.7107214608618735,1.0,0.0,1.0000000149011612,OneLayerCRMPSingleConstrained,972,0.9745421913093817,0.8925581447421695,0.9960993699641535,0.894179927429284,0.9204932455381829,ALLWARA
BG-2055_I,BG-2057_P,0.0251195580154832,4.7107214608618735,1.0,0.0,1.0000000149011612,OneLayerCRMPSingleConstrained,973,0.9745421913093817,0.8925581447421695,0.9960993699641535,0.894179927429284,0.9204932455381829,ALLWARA
BG-2059_I,BG-2057_P,0.9974771466228327,4.7107214608618735,1.0,0.0,1.0000000149011612,OneLayerCRMPSingleConstrained,974,0.9745421913093817,0.8925581447421695,0.9960993699641535,0.894179927429284,0.9204932455381829,ALLWARA
BG-1278_I,BG-0181_P,4.251107564711481e-06,12.776262232397531,50.0,0.0,1.316879441034251,OneLayerCRMPSingleConstrained,975,-4.425041861357439,0.9548048232858295,-0.3399648167776734,1.7528198257633805,0.06963958037954299,ALLWARA
BG-1815_I,BG-0181_P,5.741972406044879e-06,12.776262232397531,50.0,0.0,1.316879441034251,OneLayerCRMPSingleConstrained,976,-4.425041861357439,0.9548048232858295,-0.3399648167776734,1.7528198257633805,0.06963958037954299,ALLWARA
BG-1816_I,BG-0181_P,5.232998575887686e-05,12.776262232397531,50.0,0.0,1.316879441034251,OneLayerCRMPSingleConstrained,977,-4.425041861357439,0.9548048232858295,-0.3399648167776734,1.7528198257633805,0.06963958037954299,ALLWARA
BG-1818_I,BG-0181_P,7.272757257754989e-06,12.776262232397531,50.0,0.0,1.316879441034251,OneLayerCRMPSingleConstrained,978,-4.425041861357439,0.9548048232858295,-0.3399648167776734,1.7528198257633805,0.06963958037954299,ALLWARA
BG-2081_I,BG-0181_P,6.158689438830667e-06,12.776262232397531,50.0,0.0,1.316879441034251,OneLayerCRMPSingleConstrained,979,-4.425041861357439,0.9548048232858295,-0.3399648167776734,1.7528198257633805,0.06963958037954299,ALLWARA
BG-2097_I,BG-0181_P,3.940638999717789e-06,12.776262232397531,50.0,0.0,1.316879441034251,OneLayerCRMPSingleConstrained,980,-4.425041861357439,0.9548048232858295,-0.3399648167776734,1.7528198257633805,0.06963958037954299,ALLWARA
BG-2098_I,BG-0181_P,9.421166767646044e-06,12.776262232397531,50.0,0.0,1.316879441034251,OneLayerCRMPSingleConstrained,981,-4.425041861357439,0.9548048232858295,-0.3399648167776734,1.7528198257633805,0.06963958037954299,ALLWARA
BG-2081_I,BG-2086_P,6.128898224633603e-06,0.6352360303181024,1.0,0.0,1.0000000149011612,OneLayerCRMPSingleConstrained,982,0.6920153466294403,0.7583738248843044,0.8679913515988066,0.6781338529108898,0.7891112782688778,ALLWARA
BG-2084_I,BG-2086_P,0.32100564194654496,0.6352360303181024,1.0,0.0,1.0000000149011612,OneLayerCRMPSingleConstrained,983,0.6920153466294403,0.7583738248843044,0.8679913515988066,0.6781338529108898,0.7891112782688778,ALLWARA
BG-2087_I,BG-2086_P,5.044165178618274e-05,0.6352360303181024,1.0,0.0,1.0000000149011612,OneLayerCRMPSingleConstrained,984,0.6920153466294403,0.7583738248843044,0.8679913515988066,0.6781338529108898,0.7891112782688778,ALLWARA
BG-1278_I,BG-2094_P,4.25082734725301e-06,0.7242912768188376,1.0,0.0,1.0000000149011612,OneLayerCRMPSingleConstrained,985,0.6489017894740694,0.48167190917551833,0.9819067885923589,0.46497037249209117,0.6131256165786079,ALLWARA
BG-1811_I,BG-2094_P,0.3844911680057079,0.7242912768188376,1.0,0.0,1.0000000149011612,OneLayerCRMPSingleConstrained,986,0.6489017894740694,0.48167190917551833,0.9819067885923589,0.46497037249209117,0.6131256165786079,ALLWARA
BG-1816_I,BG-2094_P,5.758144279327482e-06,0.7242912768188376,1.0,0.0,1.0000000149011612,OneLayerCRMPSingleConstrained,987,0.6489017894740694,0.48167190917551833,0.9819067885923589,0.46497037249209117,0.6131256165786079,ALLWARA
BG-1818_I,BG-2094_P,6.738044684425172e-06,0.7242912768188376,1.0,0.0,1.0000000149011612,OneLayerCRMPSingleConstrained,988,0.6489017894740694,0.48167190917551833,0.9819067885923589,0.46497037249209117,0.6131256165786079,ALLWARA
BG-2081_I,BG-2094_P,6.1625229112165716e-06,0.7242912768188376,1.0,0.0,1.0000000149011612,OneLayerCRMPSingleConstrained,989,0.6489017894740694,0.48167190917551833,0.9819067885923589,0.46497037249209117,0.6131256165786079,ALLWARA
BG-2084_I,BG-2094_P,7.575599704488592e-06,0.7242912768188376,1.0,0.0,1.0000000149011612,OneLayerCRMPSingleConstrained,990,0.6489017894740694,0.48167190917551833,0.9819067885923589,0.46497037249209117,0.6131256165786079,ALLWARA
BG-2087_I,BG-2094_P,0.005448876407615376,0.7242912768188376,1.0,0.0,1.0000000149011612,OneLayerCRMPSingleConstrained,991,0.6489017894740694,0.48167190917551833,0.9819067885923589,0.46497037249209117,0.6131256165786079,ALLWARA
BG-1277_I,BG-2058_P,3.5270249281094837e-05,2.863428678684792,1.0,0.0,1.0000000149011612,OneLayerCRMPSingleConstrained,992,0.7617060913297665,0.7762408960526728,0.9304381282528313,0.838202373190043,0.83469424397723,ALLWARA
BG-1278_I,BG-2058_P,0.3184668963107503,2.863428678684792,1.0,0.0,1.0000000149011612,OneLayerCRMPSingleConstrained,993,0.7617060913297665,0.7762408960526728,0.9304381282528313,0.838202373190043,0.83469424397723,ALLWARA
BG-1931_I,BG-2058_P,0.9903735048222121,2.863428678684792,1.0,0.0,1.0000000149011612,OneLayerCRMPSingleConstrained,994,0.7617060913297665,0.7762408960526728,0.9304381282528313,0.838202373190043,0.83469424397723,ALLWARA
BG-2055_I,BG-2058_P,0.6486599182066727,2.863428678684792,1.0,0.0,1.0000000149011612,OneLayerCRMPSingleConstrained,995,0.7617060913297665,0.7762408960526728,0.9304381282528313,0.838202373190043,0.83469424397723,ALLWARA
BG-2056_I,BG-2058_P,1.8244793895706025e-05,2.863428678684792,1.0,0.0,1.0000000149011612,OneLayerCRMPSingleConstrained,996,0.7617060913297665,0.7762408960526728,0.9304381282528313,0.838202373190043,0.83469424397723,ALLWARA
BG-2059_I,BG-2058_P,6.423590100381603e-06,2.863428678684792,1.0,0.0,1.0000000149011612,OneLayerCRMPSingleConstrained,997,0.7617060913297665,0.7762408960526728,0.9304381282528313,0.838202373190043,0.83469424397723,ALLWARA
BG-1278_I,BG-2093_P,4.2571186903923805e-06,0.7696958062512792,1.0,0.0,1.0000000149011612,OneLayerCRMPSingleConstrained,998,0.7611609090633489,0.8154023245565203,0.9151937767015402,0.8550570394104435,0.8562236981883851,ALLWARA
BG-1811_I,BG-2093_P,0.2750021172192734,0.7696958062512792,1.0,0.0,1.0000000149011612,OneLayerCRMPSingleConstrained,999,0.7611609090633489,0.8154023245565203,0.9151937767015402,0.8550570394104435,0.8562236981883851,ALLWARA
BG-1815_I,BG-2093_P,5.7428538053016e-06,0.7696958062512792,1.0,0.0,1.0000000149011612,OneLayerCRMPSingleConstrained,1000,0.7611609090633489,0.8154023245565203,0.9151937767015402,0.8550570394104435,0.8562236981883851,ALLWARA
BG-1816_I,BG-2093_P,0.19988925775203195,0.7696958062512792,1.0,0.0,1.0000000149011612,OneLayerCRMPSingleConstrained,1001,0.7611609090633489,0.8154023245565203,0.9151937767015402,0.8550570394104435,0.8562236981883851,ALLWARA
BG-2081_I,BG-2093_P,6.140812209091238e-06,0.7696958062512792,1.0,0.0,1.0000000149011612,OneLayerCRMPSingleConstrained,1002,0.7611609090633489,0.8154023245565203,0.9151937767015402,0.8550570394104435,0.8562236981883851,ALLWARA
BG-2084_I,BG-2093_P,7.5465529096806994e-06,0.7696958062512792,1.0,0.0,1.0000000149011612,OneLayerCRMPSingleConstrained,1003,0.7611609090633489,0.8154023245565203,0.9151937767015402,0.8550570394104435,0.8562236981883851,ALLWARA
BG-2091_I,BG-2093_P,0.6343937604258274,0.7696958062512792,1.0,0.0,1.0000000149011612,OneLayerCRMPSingleConstrained,1004,0.7611609090633489,0.8154023245565203,0.9151937767015402,0.8550570394104435,0.8562236981883851,ALLWARA
BG-1932_I,BG-2090_P,6.117270749454933e-06,0.6784508752080733,1.0,0.0,1.0000000149011612,OneLayerCRMPSingleConstrained,1005,0.8140143557267654,0.7107588095355293,0.951400303056896,0.7361093082903741,0.7862854514100219,ALLWARA
BG-2040_I,BG-2090_P,4.372603290762469e-06,0.6784508752080733,1.0,0.0,1.0000000149011612,OneLayerCRMPSingleConstrained,1006,0.8140143557267654,0.7107588095355293,0.951400303056896,0.7361093082903741,0.7862854514100219,ALLWARA
BG-2084_I,BG-2090_P,7.558354628534328e-06,0.6784508752080733,1.0,0.0,1.0000000149011612,OneLayerCRMPSingleConstrained,1007,0.8140143557267654,0.7107588095355293,0.951400303056896,0.7361093082903741,0.7862854514100219,ALLWARA
BG-2087_I,BG-2090_P,0.00027924315977581767,0.6784508752080733,1.0,0.0,1.0000000149011612,OneLayerCRMPSingleConstrained,1008,0.8140143557267654,0.7107588095355293,0.951400303056896,0.7361093082903741,0.7862854514100219,ALLWARA
BG-2088_I,BG-2090_P,6.187295750088619e-06,0.6784508752080733,1.0,0.0,1.0000000149011612,OneLayerCRMPSingleConstrained,1009,0.8140143557267654,0.7107588095355293,0.951400303056896,0.7361093082903741,0.7862854514100219,ALLWARA
BG-2100_I,BG-2090_P,0.0032243409515791575,0.6784508752080733,1.0,0.0,1.0000000149011612,OneLayerCRMPSingleConstrained,1010,0.8140143557267654,0.7107588095355293,0.951400303056896,0.7361093082903741,0.7862854514100219,ALLWARA
BG-2101_I,BG-2090_P,0.6113120581016919,0.6784508752080733,1.0,0.0,1.0000000149011612,OneLayerCRMPSingleConstrained,1011,0.8140143557267654,0.7107588095355293,0.951400303056896,0.7361093082903741,0.7862854514100219,ALLWARA
BG-1811_I,BG-2083_P,0.14213164673800757,1.24032974340183,1.0,0.0,1.0000000149011612,OneLayerCRMPSingleConstrained,1012,0.9082695236942888,0.8501586990049427,0.9661625567811367,0.8602850443372768,0.8878801912909668,ALLWARA
BG-2081_I,BG-2083_P,6.170840296858422e-06,1.24032974340183,1.0,0.0,1.0000000149011612,OneLayerCRMPSingleConstrained,1013,0.9082695236942888,0.8501586990049427,0.9661625567811367,0.8602850443372768,0.8878801912909668,ALLWARA
BG-2084_I,BG-2083_P,7.587435698284959e-06,1.24032974340183,1.0,0.0,1.0000000149011612,OneLayerCRMPSingleConstrained,1014,0.9082695236942888,0.8501586990049427,0.9661625567811367,0.8602850443372768,0.8878801912909668,ALLWARA
BG-2087_I,BG-2083_P,0.1793895581762763,1.24032974340183,1.0,0.0,1.0000000149011612,OneLayerCRMPSingleConstrained,1015,0.9082695236942888,0.8501586990049427,0.9661625567811367,0.8602850443372768,0.8878801912909668,ALLWARA
BG-2088_I,BG-2083_P,0.9974587124242269,1.24032974340183,1.0,0.0,1.0000000149011612,OneLayerCRMPSingleConstrained,1016,0.9082695236942888,0.8501586990049427,0.9661625567811367,0.8602850443372768,0.8878801912909668,ALLWARA
BG-1431_I,BG-2102_P,0.5744488798270342,1.2198335198578154,1.0,0.0,1.0000000149011612,OneLayerCRMPSingleConstrained,1017,0.7038005425529812,0.629699201024366,0.9478323070982863,0.5895717825953674,0.7175553158204236,ALLWARA
BG-1932_I,BG-2102_P,6.120454901303796e-06,1.2198335198578154,1.0,0.0,1.0000000149011612,OneLayerCRMPSingleConstrained,1018,0.7038005425529812,0.629699201024366,0.9478323070982863,0.5895717825953674,0.7175553158204236,ALLWARA
BG-2040_I,BG-2102_P,4.374776033843664e-06,1.2198335198578154,1.0,0.0,1.0000000149011612,OneLayerCRMPSingleConstrained,1019,0.7038005425529812,0.629699201024366,0.9478323070982863,0.5895717825953674,0.7175553158204236,ALLWARA
BG-2101_I,BG-2102_P,8.644240489728814e-06,1.2198335198578154,1.0,0.0,1.0000000149011612,OneLayerCRMPSingleConstrained,1020,0.7038005425529812,0.629699201024366,0.9478323070982863,0.5895717825953674,0.7175553158204236,ALLWARA
BG-1302_I,BG-1929_P,8.353747542945191e-06,6.211058148639482,46.39308865378344,0.0,1.0987204382316178,OneLayerCRMPSingleConstrained,1021,0.4217843900393262,0.9795378340246407,0.6723331997938695,0.5075091730664946,0.7302637845068962,ALLWARA
BG-1431_I,BG-1929_P,3.5295359037888157e-06,6.211058148639482,46.39308865378344,0.0,1.0987204382316178,OneLayerCRMPSingleConstrained,1022,0.4217843900393262,0.9795378340246407,0.6723331997938695,0.5075091730664946,0.7302637845068962,ALLWARA
BG-1932_I,BG-1929_P,6.1174849358375025e-06,6.211058148639482,46.39308865378344,0.0,1.0987204382316178,OneLayerCRMPSingleConstrained,1023,0.4217843900393262,0.9795378340246407,0.6723331997938695,0.5075091730664946,0.7302637845068962,ALLWARA
BG-2040_I,BG-1929_P,0.6309405649935135,6.211058148639482,46.39308865378344,0.0,1.0987204382316178,OneLayerCRMPSingleConstrained,1024,0.4217843900393262,0.9795378340246407,0.6723331997938695,0.5075091730664946,0.7302637845068962,ALLWARA
BG-2088_I,BG-1929_P,6.416380398919051e-06,6.211058148639482,46.39308865378344,0.0,1.0987204382316178,OneLayerCRMPSingleConstrained,1025,0.4217843900393262,0.9795378340246407,0.6723331997938695,0.5075091730664946,0.7302637845068962,ALLWARA
BG-2100_I,BG-1929_P,0.004041580781497523,6.211058148639482,46.39308865378344,0.0,1.0987204382316178,OneLayerCRMPSingleConstrained,1026,0.4217843900393262,0.9795378340246407,0.6723331997938695,0.5075091730664946,0.7302637845068962,ALLWARA
BG-2101_I,BG-1929_P,8.609603719740685e-06,6.211058148639482,46.39308865378344,0.0,1.0987204382316178,OneLayerCRMPSingleConstrained,1027,0.4217843900393262,0.9795378340246407,0.6723331997938695,0.5075091730664946,0.7302637845068962,ALLWARA
BG-1277_I,BG-0246_P,4.345180923635742e-05,9.170872234293977,50.0,0.0,1.102792269327794,OneLayerCRMPSingleConstrained,1028,-4.368356134878684,0.9676504718637975,0.5960784606410242,2.7219038762234127,0.39140745012507494,ALLWARA
BG-1278_I,BG-0246_P,4.25082734725301e-06,9.170872234293977,50.0,0.0,1.102792269327794,OneLayerCRMPSingleConstrained,1029,-4.368356134878684,0.9676504718637975,0.5960784606410242,2.7219038762234127,0.39140745012507494,ALLWARA
BG-2055_I,BG-0246_P,0.05065700084509277,9.170872234293977,50.0,0.0,1.102792269327794,OneLayerCRMPSingleConstrained,1030,-4.368356134878684,0.9676504718637975,0.5960784606410242,2.7219038762234127,0.39140745012507494,ALLWARA
BG-2056_I,BG-0246_P,1.819679738800267e-05,9.170872234293977,50.0,0.0,1.102792269327794,OneLayerCRMPSingleConstrained,1031,-4.368356134878684,0.9676504718637975,0.5960784606410242,2.7219038762234127,0.39140745012507494,ALLWARA
BG-2059_I,BG-0246_P,6.1303321138125675e-06,9.170872234293977,50.0,0.0,1.102792269327794,OneLayerCRMPSingleConstrained,1032,-4.368356134878684,0.9676504718637975,0.5960784606410242,2.7219038762234127,0.39140745012507494,ALLWARA
BG-1137_I,BG-0245_P,6.501260600818967e-06,28.842347868257573,50.0,0.0,1.189706621758334,OneLayerCRMPSingleConstrained,1033,-11.174226908709628,0.9576969522019042,-0.5988278765519421,2.746160273557167,-0.2066588694020337,ALLWARA
BG-1278_I,BG-0245_P,4.25082734725301e-06,28.842347868257573,50.0,0.0,1.189706621758334,OneLayerCRMPSingleConstrained,1034,-11.174226908709628,0.9576969522019042,-0.5988278765519421,2.746160273557167,-0.2066588694020337,ALLWARA
BG-1811_I,BG-0245_P,1.452599737002527e-05,28.842347868257573,50.0,0.0,1.189706621758334,OneLayerCRMPSingleConstrained,1035,-11.174226908709628,0.9576969522019042,-0.5988278765519421,2.746160273557167,-0.2066588694020337,ALLWARA
BG-2059_I,BG-0245_P,6.128713692964857e-06,28.842347868257573,50.0,0.0,1.189706621758334,OneLayerCRMPSingleConstrained,1036,-11.174226908709628,0.9576969522019042,-0.5988278765519421,2.746160273557167,-0.2066588694020337,ALLWARA
BG-2081_I,BG-0245_P,6.128643525723199e-06,28.842347868257573,50.0,0.0,1.189706621758334,OneLayerCRMPSingleConstrained,1037,-11.174226908709628,0.9576969522019042,-0.5988278765519421,2.746160273557167,-0.2066588694020337,ALLWARA
BG-2091_I,BG-0245_P,1.362063940286217e-05,28.842347868257573,50.0,0.0,1.189706621758334,OneLayerCRMPSingleConstrained,1038,-11.174226908709628,0.9576969522019042,-0.5988278765519421,2.746160273557167,-0.2066588694020337,ALLWARA
BG-1278_I,BG-0056_P,4.25082734725301e-06,2.59011897549324,1.0,0.0,1.0000000149011612,OneLayerCRMPSingleConstrained,1039,0.8763997639070121,0.8320163638480786,0.9801256969266593,0.8338154366560181,0.8749488049587473,ALLWARA
BG-1811_I,BG-0056_P,1.452599737002527e-05,2.59011897549324,1.0,0.0,1.0000000149011612,OneLayerCRMPSingleConstrained,1040,0.8763997639070121,0.8320163638480786,0.9801256969266593,0.8338154366560181,0.8749488049587473,ALLWARA
BG-1812_I,BG-0056_P,0.7460671469458752,2.59011897549324,1.0,0.0,1.0000000149011612,OneLayerCRMPSingleConstrained,1041,0.8763997639070121,0.8320163638480786,0.9801256969266593,0.8338154366560181,0.8749488049587473,ALLWARA
BG-2081_I,BG-0056_P,6.133371518555147e-06,2.59011897549324,1.0,0.0,1.0000000149011612,OneLayerCRMPSingleConstrained,1042,0.8763997639070121,0.8320163638480786,0.9801256969266593,0.8338154366560181,0.8749488049587473,ALLWARA
BG-2084_I,BG-0056_P,7.537795386806662e-06,2.59011897549324,1.0,0.0,1.0000000149011612,OneLayerCRMPSingleConstrained,1043,0.8763997639070121,0.8320163638480786,0.9801256969266593,0.8338154366560181,0.8749488049587473,ALLWARA
BG-2087_I,BG-0056_P,8.350162547358358e-05,2.59011897549324,1.0,0.0,1.0000000149011612,OneLayerCRMPSingleConstrained,1044,0.8763997639070121,0.8320163638480786,0.9801256969266593,0.8338154366560181,0.8749488049587473,ALLWARA
BG-2091_I,BG-0056_P,2.5852465115090074e-05,2.59011897549324,1.0,0.0,1.0000000149011612,OneLayerCRMPSingleConstrained,1045,0.8763997639070121,0.8320163638480786,0.9801256969266593,0.8338154366560181,0.8749488049587473,ALLWARA
BG-1302_I,BG-0192_P,0.48519858995950077,0.5,1.0,0.0,1.0,OneLayerCRMPSingleConstrained,1046,0.8837857750819874,0.9658696723642504,0.94082184118086,0.9160044562553211,0.9470316573557133,ALLWARA
BG-1431_I,BG-0192_P,3.5295359037888157e-06,0.5,1.0,0.0,1.0,OneLayerCRMPSingleConstrained,1047,0.8837857750819874,0.9658696723642504,0.94082184118086,0.9160044562553211,0.9470316573557133,ALLWARA
BG-1932_I,BG-0192_P,6.116493282024879e-06,0.5,1.0,0.0,1.0,OneLayerCRMPSingleConstrained,1048,0.8837857750819874,0.9658696723642504,0.94082184118086,0.9160044562553211,0.9470316573557133,ALLWARA
BG-2040_I,BG-0192_P,7.361348487734325e-05,0.5,1.0,0.0,1.0,OneLayerCRMPSingleConstrained,1049,0.8837857750819874,0.9658696723642504,0.94082184118086,0.9160044562553211,0.9470316573557133,ALLWARA
BG-2084_I,BG-0192_P,7.533763025077001e-06,0.5,1.0,0.0,1.0,OneLayerCRMPSingleConstrained,1050,0.8837857750819874,0.9658696723642504,0.94082184118086,0.9160044562553211,0.9470316573557133,ALLWARA
BG-2087_I,BG-0192_P,3.8852557698535946e-05,0.5,1.0,0.0,1.0,OneLayerCRMPSingleConstrained,1051,0.8837857750819874,0.9658696723642504,0.94082184118086,0.9160044562553211,0.9470316573557133,ALLWARA
BG-2088_I,BG-0192_P,6.128598142811786e-06,0.5,1.0,0.0,1.0,OneLayerCRMPSingleConstrained,1052,0.8837857750819874,0.9658696723642504,0.94082184118086,0.9160044562553211,0.9470316573557133,ALLWARA
BG-2101_I,BG-0192_P,8.59329658768293e-06,0.5,1.0,0.0,1.0,OneLayerCRMPSingleConstrained,1053,0.8837857750819874,0.9658696723642504,0.94082184118086,0.9160044562553211,0.9470316573557133,ALLWARA
BG-1302_I,BG-2089_P,8.358312736039815e-06,1.0605176569851213,1.0,0.0,1.0000000149011612,OneLayerCRMPSingleConstrained,1054,0.7702681222235089,0.704804949594072,0.9275936120856163,0.7190526127737087,0.7775918061386611,ALLWARA
BG-1769_I,BG-2089_P,6.206730165423697e-06,1.0605176569851213,1.0,0.0,1.0000000149011612,OneLayerCRMPSingleConstrained,1055,0.7702681222235089,0.704804949594072,0.9275936120856163,0.7190526127737087,0.7775918061386611,ALLWARA
BG-1932_I,BG-2089_P,0.0020530452136280743,1.0605176569851213,1.0,0.0,1.0000000149011612,OneLayerCRMPSingleConstrained,1056,0.7702681222235089,0.704804949594072,0.9275936120856163,0.7190526127737087,0.7775918061386611,ALLWARA
BG-2040_I,BG-2089_P,4.3725648335216165e-06,1.0605176569851213,1.0,0.0,1.0000000149011612,OneLayerCRMPSingleConstrained,1057,0.7702681222235089,0.704804949594072,0.9275936120856163,0.7190526127737087,0.7775918061386611,ALLWARA
BG-2084_I,BG-2089_P,7.58261048648194e-06,1.0605176569851213,1.0,0.0,1.0000000149011612,OneLayerCRMPSingleConstrained,1058,0.7702681222235089,0.704804949594072,0.9275936120856163,0.7190526127737087,0.7775918061386611,ALLWARA
BG-2087_I,BG-2089_P,0.6879503971954064,1.0605176569851213,1.0,0.0,1.0000000149011612,OneLayerCRMPSingleConstrained,1059,0.7702681222235089,0.704804949594072,0.9275936120856163,0.7190526127737087,0.7775918061386611,ALLWARA
BG-2088_I,BG-2089_P,6.401924161032891e-06,1.0605176569851213,1.0,0.0,1.0000000149011612,OneLayerCRMPSingleConstrained,1060,0.7702681222235089,0.704804949594072,0.9275936120856163,0.7190526127737087,0.7775918061386611,ALLWARA
BG-0779_I,BG-2054_P,0.9975151492627019,1.2828990401164726,1.0,0.0,1.0,OneLayerCRMPSingleConstrained,1061,0.6537914534320689,0.7141596465823737,0.8382231814059687,0.7329557147284308,0.7640430843692769,ALLWARA
BG-0780_I,BG-2054_P,0.9975212601612371,1.2828990401164726,1.0,0.0,1.0,OneLayerCRMPSingleConstrained,1062,0.6537914534320689,0.7141596465823737,0.8382231814059687,0.7329557147284308,0.7640430843692769,ALLWARA
BG-2055_I,BG-2054_P,0.21577674034620742,1.2828990401164726,1.0,0.0,1.0,OneLayerCRMPSingleConstrained,1063,0.6537914534320689,0.7141596465823737,0.8382231814059687,0.7329557147284308,0.7640430843692769,ALLWARA
BG-2056_I,BG-2054_P,1.8144645278170962e-05,1.2828990401164726,1.0,0.0,1.0,OneLayerCRMPSingleConstrained,1064,0.6537914534320689,0.7141596465823737,0.8382231814059687,0.7329557147284308,0.7640430843692769,ALLWARA
BG-2059_I,BG-2054_P,6.128711406442583e-06,1.2828990401164726,1.0,0.0,1.0,OneLayerCRMPSingleConstrained,1065,0.6537914534320689,0.7141596465823737,0.8382231814059687,0.7329557147284308,0.7640430843692769,ALLWARA
BG-1301_I,BG-1029_P,0.0008571049300916956,2.9441595090701793,31.93791822128689,0.0,1.372793181913436,OneLayerCRMPSingleConstrained,1066,0.46977342648864195,0.9109154601885479,0.7090277607023461,0.5769583176955487,0.7559368295490135,ALLWARA
BG-1302_I,BG-1029_P,8.360982473715133e-06,2.9441595090701793,31.93791822128689,0.0,1.372793181913436,OneLayerCRMPSingleConstrained,1067,0.46977342648864195,0.9109154601885479,0.7090277607023461,0.5769583176955487,0.7559368295490135,ALLWARA
BG-1431_I,BG-1029_P,3.5295359037888157e-06,2.9441595090701793,31.93791822128689,0.0,1.372793181913436,OneLayerCRMPSingleConstrained,1068,0.46977342648864195,0.9109154601885479,0.7090277607023461,0.5769583176955487,0.7559368295490135,ALLWARA
BG-1932_I,BG-1029_P,6.117968679675135e-06,2.9441595090701793,31.93791822128689,0.0,1.372793181913436,OneLayerCRMPSingleConstrained,1069,0.46977342648864195,0.9109154601885479,0.7090277607023461,0.5769583176955487,0.7559368295490135,ALLWARA
BG-2040_I,BG-1029_P,0.3670955272104987,2.9441595090701793,31.93791822128689,0.0,1.372793181913436,OneLayerCRMPSingleConstrained,1070,0.46977342648864195,0.9109154601885479,0.7090277607023461,0.5769583176955487,0.7559368295490135,ALLWARA
BG-2088_I,BG-1029_P,6.128667608578469e-06,2.9441595090701793,31.93791822128689,0.0,1.372793181913436,OneLayerCRMPSingleConstrained,1071,0.46977342648864195,0.9109154601885479,0.7090277607023461,0.5769583176955487,0.7559368295490135,ALLWARA
BG-2101_I,BG-1029_P,0.3851780961968263,2.9441595090701793,31.93791822128689,0.0,1.372793181913436,OneLayerCRMPSingleConstrained,1072,0.46977342648864195,0.9109154601885479,0.7090277607023461,0.5769583176955487,0.7559368295490135,ALLWARA
BG-1137_I,BG-1415_P,0.44580733464396166,5.508174515222863,0.9122618263473965,0.0,1.2311757291401475,OneLayerCRMPSingleConstrained,1073,0.263721249781513,0.8640349914964854,0.6228259738496084,0.48820460506067775,0.6861059399717073,ALLWARA
BG-1278_I,BG-1415_P,4.25082734725301e-06,5.508174515222863,0.9122618263473965,0.0,1.2311757291401475,OneLayerCRMPSingleConstrained,1074,0.263721249781513,0.8640349914964854,0.6228259738496084,0.48820460506067775,0.6861059399717073,ALLWARA
BG-2056_I,BG-1415_P,1.8213745096148415e-05,5.508174515222863,0.9122618263473965,0.0,1.2311757291401475,OneLayerCRMPSingleConstrained,1075,0.263721249781513,0.8640349914964854,0.6228259738496084,0.48820460506067775,0.6861059399717073,ALLWARA
BG-2059_I,BG-1415_P,6.1863291781718995e-06,5.508174515222863,0.9122618263473965,0.0,1.2311757291401475,OneLayerCRMPSingleConstrained,1076,0.263721249781513,0.8640349914964854,0.6228259738496084,0.48820460506067775,0.6861059399717073,ALLWARA
BG-2091_I,BG-1415_P,3.384608861375055e-05,5.508174515222863,0.9122618263473965,0.0,1.2311757291401475,OneLayerCRMPSingleConstrained,1077,0.263721249781513,0.8640349914964854,0.6228259738496084,0.48820460506067775,0.6861059399717073,ALLWARA
BG-1769_I,BG-2082_P,6.158481253777788e-06,41.339009132047096,1.0,0.0,1.0000000149011612,OneLayerCRMPSingleConstrained,1078,0.5850702333129663,0.5150596971624207,0.9470752939718222,0.508390504016494,0.6377105515267065,ALLWARA
BG-1811_I,BG-2082_P,1.452599737002527e-05,41.339009132047096,1.0,0.0,1.0000000149011612,OneLayerCRMPSingleConstrained,1079,0.5850702333129663,0.5150596971624207,0.9470752939718222,0.508390504016494,0.6377105515267065,ALLWARA
BG-1812_I,BG-2082_P,4.583994980677179e-06,41.339009132047096,1.0,0.0,1.0000000149011612,OneLayerCRMPSingleConstrained,1080,0.5850702333129663,0.5150596971624207,0.9470752939718222,0.508390504016494,0.6377105515267065,ALLWARA
BG-1814_I,BG-2082_P,6.7431409855182425e-06,41.339009132047096,1.0,0.0,1.0000000149011612,OneLayerCRMPSingleConstrained,1081,0.5850702333129663,0.5150596971624207,0.9470752939718222,0.508390504016494,0.6377105515267065,ALLWARA
BG-2081_I,BG-2082_P,0.997466098710508,41.339009132047096,1.0,0.0,1.0000000149011612,OneLayerCRMPSingleConstrained,1082,0.5850702333129663,0.5150596971624207,0.9470752939718222,0.508390504016494,0.6377105515267065,ALLWARA
BG-2084_I,BG-2082_P,0.6758869346334784,41.339009132047096,1.0,0.0,1.0000000149011612,OneLayerCRMPSingleConstrained,1083,0.5850702333129663,0.5150596971624207,0.9470752939718222,0.508390504016494,0.6377105515267065,ALLWARA
BG-2087_I,BG-2082_P,5.822657876468699e-05,41.339009132047096,1.0,0.0,1.0000000149011612,OneLayerCRMPSingleConstrained,1084,0.5850702333129663,0.5150596971624207,0.9470752939718222,0.508390504016494,0.6377105515267065,ALLWARA
BG-2088_I,BG-2082_P,6.128598142811786e-06,41.339009132047096,1.0,0.0,1.0000000149011612,OneLayerCRMPSingleConstrained,1085,0.5850702333129663,0.5150596971624207,0.9470752939718222,0.508390504016494,0.6377105515267065,ALLWARA
BG-2091_I,BG-2082_P,1.384244453332178e-05,41.339009132047096,1.0,0.0,1.0000000149011612,OneLayerCRMPSingleConstrained,1086,0.5850702333129663,0.5150596971624207,0.9470752939718222,0.508390504016494,0.6377105515267065,ALLWARA
BG-1301_I,BG-2038_P,0.8809752739123022,1.2584040486282186,1.0,0.0,1.0000000149011612,OneLayerCRMPSingleConstrained,1087,0.6960984180950001,0.9681716411708747,0.844183592972273,0.9544345244134101,0.8923481074820473,ALLWARA
BG-1302_I,BG-2038_P,0.0007534159931327523,1.2584040486282186,1.0,0.0,1.0000000149011612,OneLayerCRMPSingleConstrained,1088,0.6960984180950001,0.9681716411708747,0.844183592972273,0.9544345244134101,0.8923481074820473,ALLWARA
BG-1431_I,BG-2038_P,3.5295359037888157e-06,1.2584040486282186,1.0,0.0,1.0000000149011612,OneLayerCRMPSingleConstrained,1089,0.6960984180950001,0.9681716411708747,0.844183592972273,0.9544345244134101,0.8923481074820473,ALLWARA
BG-1932_I,BG-2038_P,6.116493282024879e-06,1.2584040486282186,1.0,0.0,1.0000000149011612,OneLayerCRMPSingleConstrained,1090,0.6960984180950001,0.9681716411708747,0.844183592972273,0.9544345244134101,0.8923481074820473,ALLWARA
BG-2040_I,BG-2038_P,0.00010003506636600361,1.2584040486282186,1.0,0.0,1.0000000149011612,OneLayerCRMPSingleConstrained,1091,0.6960984180950001,0.9681716411708747,0.844183592972273,0.9544345244134101,0.8923481074820473,ALLWARA
BG-2087_I,BG-2038_P,3.8852557698535946e-05,1.2584040486282186,1.0,0.0,1.0000000149011612,OneLayerCRMPSingleConstrained,1092,0.6960984180950001,0.9681716411708747,0.844183592972273,0.9544345244134101,0.8923481074820473,ALLWARA
BG-2088_I,BG-2038_P,6.128598142811786e-06,1.2584040486282186,1.0,0.0,1.0000000149011612,OneLayerCRMPSingleConstrained,1093,0.6960984180950001,0.9681716411708747,0.844183592972273,0.9544345244134101,0.8923481074820473,ALLWARA
BG-2101_I,BG-2038_P,8.59329658768293e-06,1.2584040486282186,1.0,0.0,1.0000000149011612,OneLayerCRMPSingleConstrained,1094,0.6960984180950001,0.9681716411708747,0.844183592972273,0.9544345244134101,0.8923481074820473,ALLWARA
BG-1301_I,BG-1419_P,0.0006237476749273646,4.432292361855135,47.7618966025004,0.0,1.198537426859949,OneLayerCRMPSingleConstrained,1095,0.8623239927826137,0.9933620372893608,0.9371134733133152,0.8119991227270235,0.926966562521067,ALLWARA
BG-1431_I,BG-1419_P,3.5295359037888157e-06,4.432292361855135,47.7618966025004,0.0,1.198537426859949,OneLayerCRMPSingleConstrained,1096,0.8623239927826137,0.9933620372893608,0.9371134733133152,0.8119991227270235,0.926966562521067,ALLWARA
BG-1932_I,BG-1419_P,0.9954426791153679,4.432292361855135,47.7618966025004,0.0,1.198537426859949,OneLayerCRMPSingleConstrained,1097,0.8623239927826137,0.9933620372893608,0.9371134733133152,0.8119991227270235,0.926966562521067,ALLWARA
BG-2040_I,BG-1419_P,4.3725647678204175e-06,4.432292361855135,47.7618966025004,0.0,1.198537426859949,OneLayerCRMPSingleConstrained,1098,0.8623239927826137,0.9933620372893608,0.9371134733133152,0.8119991227270235,0.926966562521067,ALLWARA
BG-2101_I,BG-1419_P,8.621989602686967e-06,4.432292361855135,47.7618966025004,0.0,1.198537426859949,OneLayerCRMPSingleConstrained,1099,0.8623239927826137,0.9933620372893608,0.9371134733133152,0.8119991227270235,0.926966562521067,ALLWARA
BG-1137_I,BG-1938_P,0.5482794859988688,35.62708789769546,1.0,0.0,1.0,OneLayerCRMPSingleConstrained,1100,0.5579785462498513,0.43553690469711975,0.9991527028282379,0.43501787203430714,0.5813125661854696,ALLWARA
BG-1278_I,BG-1938_P,4.25082734725301e-06,35.62708789769546,1.0,0.0,1.0,OneLayerCRMPSingleConstrained,1101,0.5579785462498513,0.43553690469711975,0.9991527028282379,0.43501787203430714,0.5813125661854696,ALLWARA
BG-1811_I,BG-1938_P,1.452599737002527e-05,35.62708789769546,1.0,0.0,1.0,OneLayerCRMPSingleConstrained,1102,0.5579785462498513,0.43553690469711975,0.9991527028282379,0.43501787203430714,0.5813125661854696,ALLWARA
BG-1812_I,BG-1938_P,4.647283024756339e-06,35.62708789769546,1.0,0.0,1.0,OneLayerCRMPSingleConstrained,1103,0.5579785462498513,0.43553690469711975,0.9991527028282379,0.43501787203430714,0.5813125661854696,ALLWARA
BG-2091_I,BG-1938_P,3.8919969004761e-05,35.62708789769546,1.0,0.0,1.0,OneLayerCRMPSingleConstrained,1104,0.5579785462498513,0.43553690469711975,0.9991527028282379,0.43501787203430714,0.5813125661854696,ALLWARA
BG-1302_I,BG-2085_P,8.359163073678182e-06,3.8130096713126598,1.0,0.0,1.0000000149011612,OneLayerCRMPSingleConstrained,1105,0.5766207086552619,0.480634149662019,0.9834283616204037,0.4691461130993046,0.6131052307320467,ALLWARA
BG-1769_I,BG-2085_P,6.202058341953535e-06,3.8130096713126598,1.0,0.0,1.0000000149011612,OneLayerCRMPSingleConstrained,1106,0.5766207086552619,0.480634149662019,0.9834283616204037,0.4691461130993046,0.6131052307320467,ALLWARA
BG-1811_I,BG-2085_P,0.1923878060985626,3.8130096713126598,1.0,0.0,1.0000000149011612,OneLayerCRMPSingleConstrained,1107,0.5766207086552619,0.480634149662019,0.9834283616204037,0.4691461130993046,0.6131052307320467,ALLWARA
BG-1814_I,BG-2085_P,6.745976964484998e-06,3.8130096713126598,1.0,0.0,1.0000000149011612,OneLayerCRMPSingleConstrained,1108,0.5766207086552619,0.480634149662019,0.9834283616204037,0.4691461130993046,0.6131052307320467,ALLWARA
BG-2034_I,BG-2085_P,0.0015996563413648414,3.8130096713126598,1.0,0.0,1.0000000149011612,OneLayerCRMPSingleConstrained,1109,0.5766207086552619,0.480634149662019,0.9834283616204037,0.4691461130993046,0.6131052307320467,ALLWARA
BG-2084_I,BG-2085_P,7.579568526025164e-06,3.8130096713126598,1.0,0.0,1.0000000149011612,OneLayerCRMPSingleConstrained,1110,0.5766207086552619,0.480634149662019,0.9834283616204037,0.4691461130993046,0.6131052307320467,ALLWARA
BG-2087_I,BG-2085_P,0.11098780961307735,3.8130096713126598,1.0,0.0,1.0000000149011612,OneLayerCRMPSingleConstrained,1111,0.5766207086552619,0.480634149662019,0.9834283616204037,0.4691461130993046,0.6131052307320467,ALLWARA
BG-2088_I,BG-2085_P,6.265255764653299e-06,3.8130096713126598,1.0,0.0,1.0000000149011612,OneLayerCRMPSingleConstrained,1112,0.5766207086552619,0.480634149662019,0.9834283616204037,0.4691461130993046,0.6131052307320467,ALLWARA
BG-1137_I,BG-0244_P,5.691353753749873e-05,25.233315062335638,50.0,2.548667811283343e-15,1.4,OneLayerCRMPSingleConstrained,1113,-9.74265860156695,0.9296558921201663,-0.4065631835646376,2.594576025377554,-0.07087954381605965,ALLWARA
BG-1808_I,BG-0244_P,4.487538835095023e-05,25.233315062335638,50.0,2.548667811283343e-15,1.4,OneLayerCRMPSingleConstrained,1114,-9.74265860156695,0.9296558921201663,-0.4065631835646376,2.594576025377554,-0.07087954381605965,ALLWARA
BG-1811_I,BG-0244_P,1.452599737002527e-05,25.233315062335638,50.0,2.548667811283343e-15,1.4,OneLayerCRMPSingleConstrained,1115,-9.74265860156695,0.9296558921201663,-0.4065631835646376,2.594576025377554,-0.07087954381605965,ALLWARA
BG-1812_I,BG-0244_P,4.583994980677179e-06,25.233315062335638,50.0,2.548667811283343e-15,1.4,OneLayerCRMPSingleConstrained,1116,-9.74265860156695,0.9296558921201663,-0.4065631835646376,2.594576025377554,-0.07087954381605965,ALLWARA
BG-1814_I,BG-0244_P,6.7431409855182425e-06,25.233315062335638,50.0,2.548667811283343e-15,1.4,OneLayerCRMPSingleConstrained,1117,-9.74265860156695,0.9296558921201663,-0.4065631835646376,2.594576025377554,-0.07087954381605965,ALLWARA
BG-2091_I,BG-0244_P,1.5723748423845073e-05,25.233315062335638,50.0,2.548667811283343e-15,1.4,OneLayerCRMPSingleConstrained,1118,-9.74265860156695,0.9296558921201663,-0.4065631835646376,2.594576025377554,-0.07087954381605965,ALLWARA
BG-0749_I,BG-2080_P,0.21616078985616466,49.7036327606542,1.0,0.0,1.0000000149011612,OneLayerCRMPSingleConstrained,1119,0.9163379892397854,0.7498734823217869,0.9941815824931088,0.7449290132808958,0.8137882151977566,ALLWARA
BG-0779_I,BG-2080_P,6.128944902731927e-06,49.7036327606542,1.0,0.0,1.0000000149011612,OneLayerCRMPSingleConstrained,1120,0.9163379892397854,0.7498734823217869,0.9941815824931088,0.7449290132808958,0.8137882151977566,ALLWARA
BG-1137_I,BG-2080_P,6.501260600818967e-06,49.7036327606542,1.0,0.0,1.0000000149011612,OneLayerCRMPSingleConstrained,1121,0.9163379892397854,0.7498734823217869,0.9941815824931088,0.7449290132808958,0.8137882151977566,ALLWARA
BG-2051_I,BG-2080_P,1.0267639306646039e-05,49.7036327606542,1.0,0.0,1.0000000149011612,OneLayerCRMPSingleConstrained,1122,0.9163379892397854,0.7498734823217869,0.9941815824931088,0.7449290132808958,0.8137882151977566,ALLWARA
BG-2056_I,BG-2080_P,0.2799604397568717,49.7036327606542,1.0,0.0,1.0000000149011612,OneLayerCRMPSingleConstrained,1123,0.9163379892397854,0.7498734823217869,0.9941815824931088,0.7449290132808958,0.8137882151977566,ALLWARA
BG-1301_I,BG-1416_P,0.00033600085294150706,49.943303432845255,23.94918247749426,0.0,1.4,OneLayerCRMPSingleConstrained,1124,-0.8895648361700053,0.7955442737035151,0.33818325676483757,1.1204486039437618,0.5337786125047252,ALLWARA
BG-1302_I,BG-1416_P,8.317788519327966e-06,49.943303432845255,23.94918247749426,0.0,1.4,OneLayerCRMPSingleConstrained,1125,-0.8895648361700053,0.7955442737035151,0.33818325676483757,1.1204486039437618,0.5337786125047252,ALLWARA
BG-1431_I,BG-1416_P,3.5295359037888157e-06,49.943303432845255,23.94918247749426,0.0,1.4,OneLayerCRMPSingleConstrained,1126,-0.8895648361700053,0.7955442737035151,0.33818325676483757,1.1204486039437618,0.5337786125047252,ALLWARA
BG-2040_I,BG-1416_P,4.3725647678204175e-06,49.943303432845255,23.94918247749426,0.0,1.4,OneLayerCRMPSingleConstrained,1127,-0.8895648361700053,0.7955442737035151,0.33818325676483757,1.1204486039437618,0.5337786125047252,ALLWARA
BG-1301_I,BG-2039_P,0.0008532107369699867,1.9641066653397012,1.0,0.0,1.0000000149011612,OneLayerCRMPSingleConstrained,1128,0.3112937728014573,0.6923293020086856,0.7908735379900843,0.45920960265840205,0.6974719246622727,ALLWARA
BG-1302_I,BG-2039_P,8.369098166187678e-06,1.9641066653397012,1.0,0.0,1.0000000149011612,OneLayerCRMPSingleConstrained,1129,0.3112937728014573,0.6923293020086856,0.7908735379900843,0.45920960265840205,0.6974719246622727,ALLWARA
BG-1431_I,BG-2039_P,0.42410249701038455,1.9641066653397012,1.0,0.0,1.0000000149011612,OneLayerCRMPSingleConstrained,1130,0.3112937728014573,0.6923293020086856,0.7908735379900843,0.45920960265840205,0.6974719246622727,ALLWARA
BG-2040_I,BG-2039_P,4.375642300095269e-06,1.9641066653397012,1.0,0.0,1.0000000149011612,OneLayerCRMPSingleConstrained,1131,0.3112937728014573,0.6923293020086856,0.7908735379900843,0.45920960265840205,0.6974719246622727,ALLWARA
BG-1137_I,BG-2052_P,8.922610883023064e-06,44.03864115801377,1.0,0.0,1.0000000149011612,OneLayerCRMPSingleConstrained,1132,-0.1557818419528616,0.0016154821573291657,0.6611672715967342,0.002640937831057067,0.22560786524115184,ALLWARA
BG-1808_I,BG-2052_P,4.466738146523455e-05,44.03864115801377,1.0,0.0,1.0000000149011612,OneLayerCRMPSingleConstrained,1133,-0.1557818419528616,0.0016154821573291657,0.6611672715967342,0.002640937831057067,0.22560786524115184,ALLWARA
BG-2051_I,BG-2052_P,0.09375970773484857,44.03864115801377,1.0,0.0,1.0000000149011612,OneLayerCRMPSingleConstrained,1134,-0.1557818419528616,0.0016154821573291657,0.6611672715967342,0.002640937831057067,0.22560786524115184,ALLWARA
BG-2056_I,BG-2052_P,0.01205474104418048,44.03864115801377,1.0,0.0,1.0000000149011612,OneLayerCRMPSingleConstrained,1135,-0.1557818419528616,0.0016154821573291657,0.6611672715967342,0.002640937831057067,0.22560786524115184,ALLWARA
BG-2091_I,BG-2052_P,6.4799064157637676e-06,44.03864115801377,1.0,0.0,1.0000000149011612,OneLayerCRMPSingleConstrained,1136,-0.1557818419528616,0.0016154821573291657,0.6611672715967342,0.002640937831057067,0.22560786524115184,ALLWARA
BG-0749_I,BG-1923_P,0.18205282592291955,2.5245469399110254,28.467541147598517,0.0,1.0019920722363902,OneLayerCRMPSingleConstrained,1137,0.43192273217761457,0.9951313602116809,0.6582347866467587,0.632245371581468,0.7429074664782659,ALLWARA
BG-0779_I,BG-1923_P,6.128944902731927e-06,2.5245469399110254,28.467541147598517,0.0,1.0019920722363902,OneLayerCRMPSingleConstrained,1138,0.43192273217761457,0.9951313602116809,0.6582347866467587,0.632245371581468,0.7429074664782659,ALLWARA
BG-2051_I,BG-1923_P,1.0266745634405388e-05,2.5245469399110254,28.467541147598517,0.0,1.0019920722363902,OneLayerCRMPSingleConstrained,1139,0.43192273217761457,0.9951313602116809,0.6582347866467587,0.632245371581468,0.7429074664782659,ALLWARA
BG-2056_I,BG-1923_P,1.8144645278170962e-05,2.5245469399110254,28.467541147598517,0.0,1.0019920722363902,OneLayerCRMPSingleConstrained,1140,0.43192273217761457,0.9951313602116809,0.6582347866467587,0.632245371581468,0.7429074664782659,ALLWARA
BG-1281_I,BG-1813_P,4.507709289411771e-06,5.101145378183701,1.0,0.0,1.0000000149011612,OneLayerCRMPSingleConstrained,1141,0.9606853606110554,0.8564771966828818,0.9939273670176892,0.8509882207760718,0.8927316290360854,ALLWARA
BG-1282_I,BG-1813_P,0.8341018780693408,5.101145378183701,1.0,0.0,1.0000000149011612,OneLayerCRMPSingleConstrained,1142,0.9606853606110554,0.8564771966828818,0.9939273670176892,0.8509882207760718,0.8927316290360854,ALLWARA
BG-1769_I,BG-1813_P,6.203513456377637e-06,5.101145378183701,1.0,0.0,1.0000000149011612,OneLayerCRMPSingleConstrained,1143,0.9606853606110554,0.8564771966828818,0.9939273670176892,0.8509882207760718,0.8927316290360854,ALLWARA
BG-1808_I,BG-1813_P,4.5745799266176596e-05,5.101145378183701,1.0,0.0,1.0000000149011612,OneLayerCRMPSingleConstrained,1144,0.9606853606110554,0.8564771966828818,0.9939273670176892,0.8509882207760718,0.8927316290360854,ALLWARA
BG-1811_I,BG-1813_P,3.9868858277952295e-05,5.101145378183701,1.0,0.0,1.0000000149011612,OneLayerCRMPSingleConstrained,1145,0.9606853606110554,0.8564771966828818,0.9939273670176892,0.8509882207760718,0.8927316290360854,ALLWARA
BG-1812_I,BG-1813_P,4.728315406061642e-06,5.101145378183701,1.0,0.0,1.0000000149011612,OneLayerCRMPSingleConstrained,1146,0.9606853606110554,0.8564771966828818,0.9939273670176892,0.8509882207760718,0.8927316290360854,ALLWARA
BG-1814_I,BG-1813_P,6.744996383091531e-06,5.101145378183701,1.0,0.0,1.0000000149011612,OneLayerCRMPSingleConstrained,1147,0.9606853606110554,0.8564771966828818,0.9939273670176892,0.8509882207760718,0.8927316290360854,ALLWARA
BG-2034_I,BG-1813_P,0.1930858250761586,5.101145378183701,1.0,0.0,1.0000000149011612,OneLayerCRMPSingleConstrained,1148,0.9606853606110554,0.8564771966828818,0.9939273670176892,0.8509882207760718,0.8927316290360854,ALLWARA
BG-2084_I,BG-1813_P,7.584811944364869e-06,5.101145378183701,1.0,0.0,1.0000000149011612,OneLayerCRMPSingleConstrained,1149,0.9606853606110554,0.8564771966828818,0.9939273670176892,0.8509882207760718,0.8927316290360854,ALLWARA
BG-2088_I,BG-1813_P,6.254137091788946e-06,5.101145378183701,1.0,0.0,1.0000000149011612,OneLayerCRMPSingleConstrained,1150,0.9606853606110554,0.8564771966828818,0.9939273670176892,0.8509882207760718,0.8927316290360854,ALLWARA
BG-1301_I,BG-2037ST1_P,0.001127624652689233,0.7289640394496139,1.0,0.0,1.0,OneLayerCRMPSingleConstrained,1151,-0.017938035952497655,0.837944735265272,0.39389956680682336,0.4623526856211869,0.5460888817827716,ALLWARA
BG-1302_I,BG-2037ST1_P,8.363642386693465e-06,0.7289640394496139,1.0,0.0,1.0,OneLayerCRMPSingleConstrained,1152,-0.017938035952497655,0.837944735265272,0.39389956680682336,0.4623526856211869,0.5460888817827716,ALLWARA
BG-1769_I,BG-2037ST1_P,6.205882213780157e-06,0.7289640394496139,1.0,0.0,1.0,OneLayerCRMPSingleConstrained,1153,-0.017938035952497655,0.837944735265272,0.39389956680682336,0.4623526856211869,0.5460888817827716,ALLWARA
BG-1814_I,BG-2037ST1_P,0.4938827327690859,0.7289640394496139,1.0,0.0,1.0,OneLayerCRMPSingleConstrained,1154,-0.017938035952497655,0.837944735265272,0.39389956680682336,0.4623526856211869,0.5460888817827716,ALLWARA
BG-2034_I,BG-2037ST1_P,0.0022662974474971695,0.7289640394496139,1.0,0.0,1.0,OneLayerCRMPSingleConstrained,1155,-0.017938035952497655,0.837944735265272,0.39389956680682336,0.4623526856211869,0.5460888817827716,ALLWARA
BG-2035_I,BG-2037ST1_P,0.3123560755767763,0.7289640394496139,1.0,0.0,1.0,OneLayerCRMPSingleConstrained,1156,-0.017938035952497655,0.837944735265272,0.39389956680682336,0.4623526856211869,0.5460888817827716,ALLWARA
BG-2088_I,BG-2037ST1_P,6.128598142811786e-06,0.7289640394496139,1.0,0.0,1.0,OneLayerCRMPSingleConstrained,1157,-0.017938035952497655,0.837944735265272,0.39389956680682336,0.4623526856211869,0.5460888817827716,ALLWARA
BG-1281_I,BG-0965_P,0.6849361357734683,3.345227539167051,1.0,0.0,1.0000000149011612,OneLayerCRMPSingleConstrained,1158,0.8873329372572571,0.9161700165056605,0.9501720174499576,0.8761841037631476,0.923759132310523,ALLWARA
BG-1282_I,BG-0965_P,6.3796637496794515e-06,3.345227539167051,1.0,0.0,1.0000000149011612,OneLayerCRMPSingleConstrained,1159,0.8873329372572571,0.9161700165056605,0.9501720174499576,0.8761841037631476,0.923759132310523,ALLWARA
BG-1301_I,BG-0965_P,0.0012144432347679312,3.345227539167051,1.0,0.0,1.0000000149011612,OneLayerCRMPSingleConstrained,1160,0.8873329372572571,0.9161700165056605,0.9501720174499576,0.8761841037631476,0.923759132310523,ALLWARA
BG-1302_I,BG-0965_P,8.361353628587112e-06,3.345227539167051,1.0,0.0,1.0000000149011612,OneLayerCRMPSingleConstrained,1161,0.8873329372572571,0.9161700165056605,0.9501720174499576,0.8761841037631476,0.923759132310523,ALLWARA
BG-1769_I,BG-0965_P,6.384588355881692e-06,3.345227539167051,1.0,0.0,1.0000000149011612,OneLayerCRMPSingleConstrained,1162,0.8873329372572571,0.9161700165056605,0.9501720174499576,0.8761841037631476,0.923759132310523,ALLWARA
BG-1814_I,BG-0965_P,0.49806798443845873,3.345227539167051,1.0,0.0,1.0000000149011612,OneLayerCRMPSingleConstrained,1163,0.8873329372572571,0.9161700165056605,0.9501720174499576,0.8761841037631476,0.923759132310523,ALLWARA
BG-2034_I,BG-0965_P,0.2370691408005154,3.345227539167051,1.0,0.0,1.0000000149011612,OneLayerCRMPSingleConstrained,1164,0.8873329372572571,0.9161700165056605,0.9501720174499576,0.8761841037631476,0.923759132310523,ALLWARA
BG-2035_I,BG-0965_P,0.3505555497988523,3.345227539167051,1.0,0.0,1.0000000149011612,OneLayerCRMPSingleConstrained,1165,0.8873329372572571,0.9161700165056605,0.9501720174499576,0.8761841037631476,0.923759132310523,ALLWARA
BG-2088_I,BG-0965_P,6.666567870357074e-06,3.345227539167051,1.0,0.0,1.0000000149011612,OneLayerCRMPSingleConstrained,1166,0.8873329372572571,0.9161700165056605,0.9501720174499576,0.8761841037631476,0.923759132310523,ALLWARA
BG-1137_I,BG-1807_P,0.002690999454605461,2.3175024478694755,1.0,0.0,1.0,OneLayerCRMPSingleConstrained,1167,0.7124221145992525,0.6605369542704138,0.9745557358215744,0.6626033351786955,0.7479468162445297,ALLWARA
BG-1279_I,BG-1807_P,4.3152143089744034e-06,2.3175024478694755,1.0,0.0,1.0,OneLayerCRMPSingleConstrained,1168,0.7124221145992525,0.6605369542704138,0.9745557358215744,0.6626033351786955,0.7479468162445297,ALLWARA
BG-1808_I,BG-1807_P,4.5439290980972996e-05,2.3175024478694755,1.0,0.0,1.0,OneLayerCRMPSingleConstrained,1169,0.7124221145992525,0.6605369542704138,0.9745557358215744,0.6626033351786955,0.7479468162445297,ALLWARA
BG-1811_I,BG-1807_P,1.4557500052197903e-05,2.3175024478694755,1.0,0.0,1.0,OneLayerCRMPSingleConstrained,1170,0.7124221145992525,0.6605369542704138,0.9745557358215744,0.6626033351786955,0.7479468162445297,ALLWARA
BG-1812_I,BG-1807_P,4.687628087074424e-06,2.3175024478694755,1.0,0.0,1.0,OneLayerCRMPSingleConstrained,1171,0.7124221145992525,0.6605369542704138,0.9745557358215744,0.6626033351786955,0.7479468162445297,ALLWARA
BG-1814_I,BG-1807_P,0.003160432430331078,2.3175024478694755,1.0,0.0,1.0,OneLayerCRMPSingleConstrained,1172,0.7124221145992525,0.6605369542704138,0.9745557358215744,0.6626033351786955,0.7479468162445297,ALLWARA
BG-2051_I,BG-1807_P,1.0315659430169651e-05,2.3175024478694755,1.0,0.0,1.0,OneLayerCRMPSingleConstrained,1173,0.7124221145992525,0.6605369542704138,0.9745557358215744,0.6626033351786955,0.7479468162445297,ALLWARA
BG-2053_I,BG-1807_P,6.520997106456011e-06,2.3175024478694755,1.0,0.0,1.0,OneLayerCRMPSingleConstrained,1174,0.7124221145992525,0.6605369542704138,0.9745557358215744,0.6626033351786955,0.7479468162445297,ALLWARA
BG-2091_I,BG-1807_P,0.36284377348540575,2.3175024478694755,1.0,0.0,1.0,OneLayerCRMPSingleConstrained,1175,0.7124221145992525,0.6605369542704138,0.9745557358215744,0.6626033351786955,0.7479468162445297,ALLWARA
BG-0749_I,BG-0879_P,5.293190221270001e-05,12.37964025640652,38.57291298332529,0.0,1.3361878995501855,OneLayerCRMPSingleConstrained,1176,0.524804319834384,0.9926153480926366,0.7323178551004971,0.8344480047670083,0.8128918360563373,ALLWARA
BG-1137_I,BG-0879_P,6.501260600818967e-06,12.37964025640652,38.57291298332529,0.0,1.3361878995501855,OneLayerCRMPSingleConstrained,1177,0.524804319834384,0.9926153480926366,0.7323178551004971,0.8344480047670083,0.8128918360563373,ALLWARA
BG-2051_I,BG-0879_P,1.0268358298415462e-05,12.37964025640652,38.57291298332529,0.0,1.3361878995501855,OneLayerCRMPSingleConstrained,1178,0.524804319834384,0.9926153480926366,0.7323178551004971,0.8344480047670083,0.8128918360563373,ALLWARA
BG-2056_I,BG-0879_P,0.7005738022190856,12.37964025640652,38.57291298332529,0.0,1.3361878995501855,OneLayerCRMPSingleConstrained,1179,0.524804319834384,0.9926153480926366,0.7323178551004971,0.8344480047670083,0.8128918360563373,ALLWARA
BG-1137_I,BG-0069_P,6.501260600818967e-06,6.233046435249321,37.74620826783307,0.0,1.0845774541405435,OneLayerCRMPSingleConstrained,1180,0.5982908387434727,1.0006054974484169,0.795919431959747,0.9833525363544036,0.8629968102559662,ALLWARA
BG-1279_I,BG-0069_P,4.3152143089744034e-06,6.233046435249321,37.74620826783307,0.0,1.0845774541405435,OneLayerCRMPSingleConstrained,1181,0.5982908387434727,1.0006054974484169,0.795919431959747,0.9833525363544036,0.8629968102559662,ALLWARA
BG-1281_I,BG-0069_P,4.5037580124633945e-06,6.233046435249321,37.74620826783307,0.0,1.0845774541405435,OneLayerCRMPSingleConstrained,1182,0.5982908387434727,1.0006054974484169,0.795919431959747,0.9833525363544036,0.8629968102559662,ALLWARA
BG-1282_I,BG-0069_P,6.21807850033977e-06,6.233046435249321,37.74620826783307,0.0,1.0845774541405435,OneLayerCRMPSingleConstrained,1183,0.5982908387434727,1.0006054974484169,0.795919431959747,0.9833525363544036,0.8629968102559662,ALLWARA
BG-1769_I,BG-0069_P,0.9974022127668456,6.233046435249321,37.74620826783307,0.0,1.0845774541405435,OneLayerCRMPSingleConstrained,1184,0.5982908387434727,1.0006054974484169,0.795919431959747,0.9833525363544036,0.8629968102559662,ALLWARA
BG-1808_I,BG-0069_P,4.466738146523455e-05,6.233046435249321,37.74620826783307,0.0,1.0845774541405435,OneLayerCRMPSingleConstrained,1185,0.5982908387434727,1.0006054974484169,0.795919431959747,0.9833525363544036,0.8629968102559662,ALLWARA
BG-1812_I,BG-0069_P,1.126268598993551e-05,6.233046435249321,37.74620826783307,0.0,1.0845774541405435,OneLayerCRMPSingleConstrained,1186,0.5982908387434727,1.0006054974484169,0.795919431959747,0.9833525363544036,0.8629968102559662,ALLWARA
BG-1814_I,BG-0069_P,9.177372871945674e-05,6.233046435249321,37.74620826783307,0.0,1.0845774541405435,OneLayerCRMPSingleConstrained,1187,0.5982908387434727,1.0006054974484169,0.795919431959747,0.9833525363544036,0.8629968102559662,ALLWARA
BG-1281_I,BG-0243_P,0.006298596033574309,0.6049688111967675,44.67304025692989,0.0,1.4,OneLayerCRMPSingleConstrained,1188,0.82338689271441,0.9237723718287824,0.9299246009619369,0.7997288382013735,0.9060031936396449,ALLWARA
BG-1282_I,BG-0243_P,6.337087559250638e-06,0.6049688111967675,44.67304025692989,0.0,1.4,OneLayerCRMPSingleConstrained,1189,0.82338689271441,0.9237723718287824,0.9299246009619369,0.7997288382013735,0.9060031936396449,ALLWARA
BG-1302_I,BG-0243_P,8.361150059113913e-06,0.6049688111967675,44.67304025692989,0.0,1.4,OneLayerCRMPSingleConstrained,1190,0.82338689271441,0.9237723718287824,0.9299246009619369,0.7997288382013735,0.9060031936396449,ALLWARA
BG-1769_I,BG-0243_P,6.211732304427216e-06,0.6049688111967675,44.67304025692989,0.0,1.4,OneLayerCRMPSingleConstrained,1191,0.82338689271441,0.9237723718287824,0.9299246009619369,0.7997288382013735,0.9060031936396449,ALLWARA
BG-1812_I,BG-0243_P,4.707145702253316e-06,0.6049688111967675,44.67304025692989,0.0,1.4,OneLayerCRMPSingleConstrained,1192,0.82338689271441,0.9237723718287824,0.9299246009619369,0.7997288382013735,0.9060031936396449,ALLWARA
BG-1814_I,BG-0243_P,0.0020362325051096735,0.6049688111967675,44.67304025692989,0.0,1.4,OneLayerCRMPSingleConstrained,1193,0.82338689271441,0.9237723718287824,0.9299246009619369,0.7997288382013735,0.9060031936396449,ALLWARA
BG-2034_I,BG-0243_P,0.15796899404455686,0.6049688111967675,44.67304025692989,0.0,1.4,OneLayerCRMPSingleConstrained,1194,0.82338689271441,0.9237723718287824,0.9299246009619369,0.7997288382013735,0.9060031936396449,ALLWARA
BG-2035_I,BG-0243_P,0.32532728363898594,0.6049688111967675,44.67304025692989,0.0,1.4,OneLayerCRMPSingleConstrained,1195,0.82338689271441,0.9237723718287824,0.9299246009619369,0.7997288382013735,0.9060031936396449,ALLWARA
BG-1282_I,BG-0242_P,6.21807850033977e-06,3.812396656889648,37.911213593696175,0.0,1.2157738143372834,OneLayerCRMPSingleConstrained,1196,0.7943151571416069,0.9512940396953746,0.9009681102428077,1.0090792853713526,0.9259118300035705,ALLWARA
BG-1301_I,BG-0242_P,0.00033195683933012185,3.812396656889648,37.911213593696175,0.0,1.2157738143372834,OneLayerCRMPSingleConstrained,1197,0.7943151571416069,0.9512940396953746,0.9009681102428077,1.0090792853713526,0.9259118300035705,ALLWARA
BG-1302_I,BG-0242_P,8.317950586572419e-06,3.812396656889648,37.911213593696175,0.0,1.2157738143372834,OneLayerCRMPSingleConstrained,1198,0.7943151571416069,0.9512940396953746,0.9009681102428077,1.0090792853713526,0.9259118300035705,ALLWARA
BG-1769_I,BG-0242_P,6.479735489459332e-05,3.812396656889648,37.911213593696175,0.0,1.2157738143372834,OneLayerCRMPSingleConstrained,1199,0.7943151571416069,0.9512940396953746,0.9009681102428077,1.0090792853713526,0.9259118300035705,ALLWARA
BG-2034_I,BG-0242_P,1.4873219635474822e-05,3.812396656889648,37.911213593696175,0.0,1.2157738143372834,OneLayerCRMPSingleConstrained,1200,0.7943151571416069,0.9512940396953746,0.9009681102428077,1.0090792853713526,0.9259118300035705,ALLWARA
BG-2035_I,BG-0242_P,1.053665703754309e-05,3.812396656889648,37.911213593696175,0.0,1.2157738143372834,OneLayerCRMPSingleConstrained,1201,0.7943151571416069,0.9512940396953746,0.9009681102428077,1.0090792853713526,0.9259118300035705,ALLWARA
BG-1301_I,BG-0083_P,0.00029403211760063193,12.142493042834795,50.0,0.0,0.8844764275923916,OneLayerCRMPSingleConstrained,1202,0.902420753352339,1.0032672935102598,0.9515323882594833,0.8991219718848023,0.9543980184283478,ALLWARA
BG-1302_I,BG-0083_P,0.5105969204165154,12.142493042834795,50.0,0.0,0.8844764275923916,OneLayerCRMPSingleConstrained,1203,0.902420753352339,1.0032672935102598,0.9515323882594833,0.8991219718848023,0.9543980184283478,ALLWARA
BG-1431_I,BG-0083_P,3.5295359037888157e-06,12.142493042834795,50.0,0.0,0.8844764275923916,OneLayerCRMPSingleConstrained,1204,0.902420753352339,1.0032672935102598,0.9515323882594833,0.8991219718848023,0.9543980184283478,ALLWARA
BG-1137_I,BG-1420_P,0.0005010417307692392,1.992166229599559,1.0,0.0,1.0,OneLayerCRMPSingleConstrained,1205,0.6687471942809957,0.8878382806349681,0.865097487699466,0.975447119272903,0.8820559158017578,ALLWARA
BG-1279_I,BG-1420_P,4.3152143089744034e-06,1.992166229599559,1.0,0.0,1.0,OneLayerCRMPSingleConstrained,1206,0.6687471942809957,0.8878382806349681,0.865097487699466,0.975447119272903,0.8820559158017578,ALLWARA
BG-1808_I,BG-1420_P,0.62896561481754,1.992166229599559,1.0,0.0,1.0,OneLayerCRMPSingleConstrained,1207,0.6687471942809957,0.8878382806349681,0.865097487699466,0.975447119272903,0.8820559158017578,ALLWARA
BG-1812_I,BG-1420_P,0.2520397524465415,1.992166229599559,1.0,0.0,1.0,OneLayerCRMPSingleConstrained,1208,0.6687471942809957,0.8878382806349681,0.865097487699466,0.975447119272903,0.8820559158017578,ALLWARA
BG-2051_I,BG-1420_P,1.0271643426833359e-05,1.992166229599559,1.0,0.0,1.0,OneLayerCRMPSingleConstrained,1209,0.6687471942809957,0.8878382806349681,0.865097487699466,0.975447119272903,0.8820559158017578,ALLWARA
BG-2053_I,BG-1420_P,0.0038110579760072395,1.992166229599559,1.0,0.0,1.0,OneLayerCRMPSingleConstrained,1210,0.6687471942809957,0.8878382806349681,0.865097487699466,0.975447119272903,0.8820559158017578,ALLWARA
BG-0749_I,BG-2048_P,0.5806085930935474,0.5,1.0,0.0,1.0000000149011612,OneLayerCRMPSingleConstrained,1211,0.551573439476033,0.976936744938298,0.743476635475539,0.7656315314853026,0.8119996661443436,ALLWARA
BG-0761_I,BG-2048_P,6.0113774710746675e-06,0.5,1.0,0.0,1.0000000149011612,OneLayerCRMPSingleConstrained,1212,0.551573439476033,0.976936744938298,0.743476635475539,0.7656315314853026,0.8119996661443436,ALLWARA
BG-2051_I,BG-2048_P,1.026673257840809e-05,0.5,1.0,0.0,1.0000000149011612,OneLayerCRMPSingleConstrained,1213,0.551573439476033,0.976936744938298,0.743476635475539,0.7656315314853026,0.8119996661443436,ALLWARA
BG-2053_I,BG-2048_P,6.104328480722559e-06,0.5,1.0,0.0,1.0000000149011612,OneLayerCRMPSingleConstrained,1214,0.551573439476033,0.976936744938298,0.743476635475539,0.7656315314853026,0.8119996661443436,ALLWARA
BG-1281_I,BG-1441_P,1.0502277366395306e-05,6.548262772481144,1.0,0.0,1.0000000149011612,OneLayerCRMPSingleConstrained,1215,0.9433677082795322,0.9332731817096243,0.97708645029518,0.9144024440209855,0.945478731428804,ALLWARA
BG-1282_I,BG-1441_P,0.16193916710106254,6.548262772481144,1.0,0.0,1.0000000149011612,OneLayerCRMPSingleConstrained,1216,0.9433677082795322,0.9332731817096243,0.97708645029518,0.9144024440209855,0.945478731428804,ALLWARA
BG-1300_I,BG-1441_P,0.9974381178520519,6.548262772481144,1.0,0.0,1.0000000149011612,OneLayerCRMPSingleConstrained,1217,0.9433677082795322,0.9332731817096243,0.97708645029518,0.9144024440209855,0.945478731428804,ALLWARA
BG-1302_I,BG-1441_P,8.359218546187573e-06,6.548262772481144,1.0,0.0,1.0000000149011612,OneLayerCRMPSingleConstrained,1218,0.9433677082795322,0.9332731817096243,0.97708645029518,0.9144024440209855,0.945478731428804,ALLWARA
BG-1769_I,BG-1441_P,6.2269353370804175e-06,6.548262772481144,1.0,0.0,1.0000000149011612,OneLayerCRMPSingleConstrained,1219,0.9433677082795322,0.9332731817096243,0.97708645029518,0.9144024440209855,0.945478731428804,ALLWARA
BG-1814_I,BG-1441_P,6.745922474055659e-06,6.548262772481144,1.0,0.0,1.0000000149011612,OneLayerCRMPSingleConstrained,1220,0.9433677082795322,0.9332731817096243,0.97708645029518,0.9144024440209855,0.945478731428804,ALLWARA
BG-2034_I,BG-1441_P,0.009999725472099234,6.548262772481144,1.0,0.0,1.0000000149011612,OneLayerCRMPSingleConstrained,1221,0.9433677082795322,0.9332731817096243,0.97708645029518,0.9144024440209855,0.945478731428804,ALLWARA
BG-2035_I,BG-1441_P,0.00722508617371441,6.548262772481144,1.0,0.0,1.0000000149011612,OneLayerCRMPSingleConstrained,1222,0.9433677082795322,0.9332731817096243,0.97708645029518,0.9144024440209855,0.945478731428804,ALLWARA
BG-1282_I,BG-2036_P,0.0010021799571050584,8.462128885589737,28.680824697839977,0.0,1.378994311071927,OneLayerCRMPSingleConstrained,1223,-0.4480322223206201,0.9367867193304055,-0.6368383739762156,0.24020749074177147,-0.12480423511420113,ALLWARA
BG-1300_I,BG-2036_P,4.97441469194813e-05,8.462128885589737,28.680824697839977,0.0,1.378994311071927,OneLayerCRMPSingleConstrained,1224,-0.4480322223206201,0.9367867193304055,-0.6368383739762156,0.24020749074177147,-0.12480423511420113,ALLWARA
BG-1301_I,BG-2036_P,0.0010555366091287443,8.462128885589737,28.680824697839977,0.0,1.378994311071927,OneLayerCRMPSingleConstrained,1225,-0.4480322223206201,0.9367867193304055,-0.6368383739762156,0.24020749074177147,-0.12480423511420113,ALLWARA
BG-1302_I,BG-2036_P,8.360485174601483e-06,8.462128885589737,28.680824697839977,0.0,1.378994311071927,OneLayerCRMPSingleConstrained,1226,-0.4480322223206201,0.9367867193304055,-0.6368383739762156,0.24020749074177147,-0.12480423511420113,ALLWARA
BG-2034_I,BG-2036_P,0.3954031243977109,8.462128885589737,28.680824697839977,0.0,1.378994311071927,OneLayerCRMPSingleConstrained,1227,-0.4480322223206201,0.9367867193304055,-0.6368383739762156,0.24020749074177147,-0.12480423511420113,ALLWARA
BG-2035_I,BG-2036_P,1.053665703754309e-05,8.462128885589737,28.680824697839977,0.0,1.378994311071927,OneLayerCRMPSingleConstrained,1228,-0.4480322223206201,0.9367867193304055,-0.6368383739762156,0.24020749074177147,-0.12480423511420113,ALLWARA
BG-1137_I,BG-1417_P,6.501260600818967e-06,8.151356958329131,50.0,0.0,1.1991912793539559,OneLayerCRMPSingleConstrained,1229,-1.0680780608435003,0.9770026647691437,-0.28370637924184205,0.7573881029733872,0.13531509857743595,ALLWARA
BG-1279_I,BG-1417_P,4.3152143089744034e-06,8.151356958329131,50.0,0.0,1.1991912793539559,OneLayerCRMPSingleConstrained,1230,-1.0680780608435003,0.9770026647691437,-0.28370637924184205,0.7573881029733872,0.13531509857743595,ALLWARA
BG-1808_I,BG-1417_P,0.3526512657988637,8.151356958329131,50.0,0.0,1.1991912793539559,OneLayerCRMPSingleConstrained,1231,-1.0680780608435003,0.9770026647691437,-0.28370637924184205,0.7573881029733872,0.13531509857743595,ALLWARA
BG-1812_I,BG-1417_P,4.583994980677179e-06,8.151356958329131,50.0,0.0,1.1991912793539559,OneLayerCRMPSingleConstrained,1232,-1.0680780608435003,0.9770026647691437,-0.28370637924184205,0.7573881029733872,0.13531509857743595,ALLWARA
BG-2044_I,BG-1417_P,3.7913631533419006e-05,8.151356958329131,50.0,0.0,1.1991912793539559,OneLayerCRMPSingleConstrained,1233,-1.0680780608435003,0.9770026647691437,-0.28370637924184205,0.7573881029733872,0.13531509857743595,ALLWARA
BG-2051_I,BG-1417_P,1.0280294478230546e-05,8.151356958329131,50.0,0.0,1.1991912793539559,OneLayerCRMPSingleConstrained,1234,-1.0680780608435003,0.9770026647691437,-0.28370637924184205,0.7573881029733872,0.13531509857743595,ALLWARA
BG-2053_I,BG-1417_P,6.104761813192402e-06,8.151356958329131,50.0,0.0,1.1991912793539559,OneLayerCRMPSingleConstrained,1235,-1.0680780608435003,0.9770026647691437,-0.28370637924184205,0.7573881029733872,0.13531509857743595,ALLWARA
BG-1279_I,BG-1443_P,4.3152143089744034e-06,3.8000199948557176,30.03842608545667,0.0,1.4,OneLayerCRMPSingleConstrained,1236,0.21015394594490733,0.8081786267191733,0.5586518861434323,0.620834902547652,0.6556321215675796,ALLWARA
BG-1281_I,BG-1443_P,4.153416203539595e-05,3.8000199948557176,30.03842608545667,0.0,1.4,OneLayerCRMPSingleConstrained,1237,0.21015394594490733,0.8081786267191733,0.5586518861434323,0.620834902547652,0.6556321215675796,ALLWARA
BG-1282_I,BG-1443_P,6.218304261933146e-06,3.8000199948557176,30.03842608545667,0.0,1.4,OneLayerCRMPSingleConstrained,1238,0.21015394594490733,0.8081786267191733,0.5586518861434323,0.620834902547652,0.6556321215675796,ALLWARA
BG-1300_I,BG-1443_P,6.1286975439189845e-06,3.8000199948557176,30.03842608545667,0.0,1.4,OneLayerCRMPSingleConstrained,1239,0.21015394594490733,0.8081786267191733,0.5586518861434323,0.620834902547652,0.6556321215675796,ALLWARA
BG-1808_I,BG-1443_P,4.4978897909520197e-05,3.8000199948557176,30.03842608545667,0.0,1.4,OneLayerCRMPSingleConstrained,1240,0.21015394594490733,0.8081786267191733,0.5586518861434323,0.620834902547652,0.6556321215675796,ALLWARA
BG-1814_I,BG-1443_P,6.743718363405109e-06,3.8000199948557176,30.03842608545667,0.0,1.4,OneLayerCRMPSingleConstrained,1241,0.21015394594490733,0.8081786267191733,0.5586518861434323,0.620834902547652,0.6556321215675796,ALLWARA
BG-1281_I,BG-0065_P,4.5037580124633945e-06,0.8149555295929071,26.83950021361638,0.0,1.259525168612455,OneLayerCRMPSingleConstrained,1242,0.7565032510631847,0.9630727186864606,0.8853326972380371,1.0324182612300652,0.9185408638722525,ALLWARA
BG-1282_I,BG-0065_P,6.21807850033977e-06,0.8149555295929071,26.83950021361638,0.0,1.259525168612455,OneLayerCRMPSingleConstrained,1243,0.7565032510631847,0.9630727186864606,0.8853326972380371,1.0324182612300652,0.9185408638722525,ALLWARA
BG-1300_I,BG-0065_P,6.128471605387017e-06,0.8149555295929071,26.83950021361638,0.0,1.259525168612455,OneLayerCRMPSingleConstrained,1244,0.7565032510631847,0.9630727186864606,0.8853326972380371,1.0324182612300652,0.9185408638722525,ALLWARA
BG-2034_I,BG-0065_P,8.300348112406634e-06,0.8149555295929071,26.83950021361638,0.0,1.259525168612455,OneLayerCRMPSingleConstrained,1245,0.7565032510631847,0.9630727186864606,0.8853326972380371,1.0324182612300652,0.9185408638722525,ALLWARA
BG-2035_I,BG-0065_P,0.0002302095047268005,0.8149555295929071,26.83950021361638,0.0,1.259525168612455,OneLayerCRMPSingleConstrained,1246,0.7565032510631847,0.9630727186864606,0.8853326972380371,1.0324182612300652,0.9185408638722525,ALLWARA
BG-0761_I,BG-2049_P,0.9783804864456568,1.733812995430293,1.0,0.0,1.0,OneLayerCRMPSingleConstrained,1247,0.3868950486416409,0.8211164910366778,0.7392349294717191,0.9741588309256877,0.7877130340649587,ALLWARA
BG-2044_I,BG-2049_P,0.012946497052664648,1.733812995430293,1.0,0.0,1.0,OneLayerCRMPSingleConstrained,1248,0.3868950486416409,0.8211164910366778,0.7392349294717191,0.9741588309256877,0.7877130340649587,ALLWARA
BG-2051_I,BG-2049_P,0.9020161800421369,1.733812995430293,1.0,0.0,1.0,OneLayerCRMPSingleConstrained,1249,0.3868950486416409,0.8211164910366778,0.7392349294717191,0.9741588309256877,0.7877130340649587,ALLWARA
BG-2053_I,BG-2049_P,9.480719031697107e-05,1.733812995430293,1.0,0.0,1.0,OneLayerCRMPSingleConstrained,1250,0.3868950486416409,0.8211164910366778,0.7392349294717191,0.9741588309256877,0.7877130340649587,ALLWARA
BG-1279_I,BG-1442_P,4.3152143089744034e-06,3.935304270072723,13.022761072191425,0.0,1.4,OneLayerCRMPSingleConstrained,1251,0.6920943752742379,0.7773885095696716,0.8977548734170805,0.6762090759489066,0.8063804504666631,ALLWARA
BG-1281_I,BG-1442_P,0.3068277422485091,3.935304270072723,13.022761072191425,0.0,1.4,OneLayerCRMPSingleConstrained,1252,0.6920943752742379,0.7773885095696716,0.8977548734170805,0.6762090759489066,0.8063804504666631,ALLWARA
BG-1282_I,BG-1442_P,6.306450095176221e-06,3.935304270072723,13.022761072191425,0.0,1.4,OneLayerCRMPSingleConstrained,1253,0.6920943752742379,0.7773885095696716,0.8977548734170805,0.6762090759489066,0.8063804504666631,ALLWARA
BG-1808_I,BG-1442_P,4.5192530394310026e-05,3.935304270072723,13.022761072191425,0.0,1.4,OneLayerCRMPSingleConstrained,1254,0.6920943752742379,0.7773885095696716,0.8977548734170805,0.6762090759489066,0.8063804504666631,ALLWARA
BG-2044_I,BG-1442_P,5.447394559251452e-05,3.935304270072723,13.022761072191425,0.0,1.4,OneLayerCRMPSingleConstrained,1255,0.6920943752742379,0.7773885095696716,0.8977548734170805,0.6762090759489066,0.8063804504666631,ALLWARA
BG-2053_I,BG-1442_P,6.187382425000021e-06,3.935304270072723,13.022761072191425,0.0,1.4,OneLayerCRMPSingleConstrained,1256,0.6920943752742379,0.7773885095696716,0.8977548734170805,0.6762090759489066,0.8063804504666631,ALLWARA
BG-1282_I,BG-0991_P,6.21807850033977e-06,17.83655449376391,37.66955010853032,0.0,1.3807709243766073,OneLayerCRMPSingleConstrained,1257,-2.5246216387046423,0.9241384419865009,-0.1274269174750911,1.4094687733282631,0.23100886790722697,ALLWARA
BG-1300_I,BG-0991_P,6.128471605387017e-06,17.83655449376391,37.66955010853032,0.0,1.3807709243766073,OneLayerCRMPSingleConstrained,1258,-2.5246216387046423,0.9241384419865009,-0.1274269174750911,1.4094687733282631,0.23100886790722697,ALLWARA
BG-2034_I,BG-0991_P,1.763083254706899e-05,17.83655449376391,37.66955010853032,0.0,1.3807709243766073,OneLayerCRMPSingleConstrained,1259,-2.5246216387046423,0.9241384419865009,-0.1274269174750911,1.4094687733282631,0.23100886790722697,ALLWARA
BG-2035_I,BG-0991_P,2.3394499728918223e-05,17.83655449376391,37.66955010853032,0.0,1.3807709243766073,OneLayerCRMPSingleConstrained,1260,-2.5246216387046423,0.9241384419865009,-0.1274269174750911,1.4094687733282631,0.23100886790722697,ALLWARA
BG-0761_I,BG-2050_P,0.019188339416487107,0.8783053747884473,1.0,0.0,1.0,OneLayerCRMPSingleConstrained,1261,0.5399427701148604,0.5715341759617287,0.8532234072725473,0.835969032215486,0.6917834128686512,ALLWARA
BG-1279_I,BG-2050_P,4.315281523279799e-06,0.8783053747884473,1.0,0.0,1.0,OneLayerCRMPSingleConstrained,1262,0.5399427701148604,0.5715341759617287,0.8532234072725473,0.835969032215486,0.6917834128686512,ALLWARA
BG-2044_I,BG-2050_P,4.288418362172814e-05,0.8783053747884473,1.0,0.0,1.0,OneLayerCRMPSingleConstrained,1263,0.5399427701148604,0.5715341759617287,0.8532234072725473,0.835969032215486,0.6917834128686512,ALLWARA
BG-2051_I,BG-2050_P,1.0279612641658822e-05,0.8783053747884473,1.0,0.0,1.0,OneLayerCRMPSingleConstrained,1264,0.5399427701148604,0.5715341759617287,0.8532234072725473,0.835969032215486,0.6917834128686512,ALLWARA
BG-2053_I,BG-2050_P,0.9935087086330852,0.8783053747884473,1.0,0.0,1.0,OneLayerCRMPSingleConstrained,1265,0.5399427701148604,0.5715341759617287,0.8532234072725473,0.835969032215486,0.6917834128686512,ALLWARA
BG-1279_I,BG-1068_P,0.5613954903142399,1.2595609398583782,1.0,0.0,1.0,OneLayerCRMPSingleConstrained,1266,0.76288498309298,0.8971858028734755,0.8822322536830504,0.8269424740077913,0.881708448011873,ALLWARA
BG-1808_I,BG-1068_P,4.744490076474446e-05,1.2595609398583782,1.0,0.0,1.0,OneLayerCRMPSingleConstrained,1267,0.76288498309298,0.8971858028734755,0.8822322536830504,0.8269424740077913,0.881708448011873,ALLWARA
BG-2044_I,BG-1068_P,0.9747223044000386,1.2595609398583782,1.0,0.0,1.0,OneLayerCRMPSingleConstrained,1268,0.76288498309298,0.8971858028734755,0.8822322536830504,0.8269424740077913,0.881708448011873,ALLWARA
BG-2053_I,BG-1068_P,6.944506538574068e-06,1.2595609398583782,1.0,0.0,1.0,OneLayerCRMPSingleConstrained,1269,0.76288498309298,0.8971858028734755,0.8822322536830504,0.8269424740077913,0.881708448011873,ALLWARA
BG-1281_I,BG-1395_P,3.5126790795458e-05,1.1087390521291443,35.11542163204098,0.0,1.3139529464714546,OneLayerCRMPSingleConstrained,1270,0.8748797614171543,0.9634221568620872,0.9396895815030023,1.0117037794506092,0.9525386875455388,ALLWARA
BG-1282_I,BG-1395_P,0.00039188653427445945,1.1087390521291443,35.11542163204098,0.0,1.3139529464714546,OneLayerCRMPSingleConstrained,1271,0.8748797614171543,0.9634221568620872,0.9396895815030023,1.0117037794506092,0.9525386875455388,ALLWARA
BG-1300_I,BG-1395_P,6.397452841963342e-06,1.1087390521291443,35.11542163204098,0.0,1.3139529464714546,OneLayerCRMPSingleConstrained,1272,0.8748797614171543,0.9634221568620872,0.9396895815030023,1.0117037794506092,0.9525386875455388,ALLWARA
BG-2035_I,BG-1395_P,1.053665703754309e-05,1.1087390521291443,35.11542163204098,0.0,1.3139529464714546,OneLayerCRMPSingleConstrained,1273,0.8748797614171543,0.9634221568620872,0.9396895815030023,1.0117037794506092,0.9525386875455388,ALLWARA
BG-2047_I,BG-1395_P,6.128869775721583e-06,1.1087390521291443,35.11542163204098,0.0,1.3139529464714546,OneLayerCRMPSingleConstrained,1274,0.8748797614171543,0.9634221568620872,0.9396895815030023,1.0117037794506092,0.9525386875455388,ALLWARA
BG-1279_I,BG-0990_P,4.31530633160117e-06,4.858645032306918,1.0,0.0,1.0000000149011612,OneLayerCRMPSingleConstrained,1275,-0.6942156042233154,0.00015846358847476703,0.9866663415699494,0.00015640785259629007,0.2584434486519439,ALLWARA
BG-1281_I,BG-0990_P,1.9901827785287935e-05,4.858645032306918,1.0,0.0,1.0000000149011612,OneLayerCRMPSingleConstrained,1276,-0.6942156042233154,0.00015846358847476703,0.9866663415699494,0.00015640785259629007,0.2584434486519439,ALLWARA
BG-1282_I,BG-0990_P,6.222611314619702e-06,4.858645032306918,1.0,0.0,1.0000000149011612,OneLayerCRMPSingleConstrained,1277,-0.6942156042233154,0.00015846358847476703,0.9866663415699494,0.00015640785259629007,0.2584434486519439,ALLWARA
BG-1300_I,BG-0990_P,8.8243995493576e-06,4.858645032306918,1.0,0.0,1.0000000149011612,OneLayerCRMPSingleConstrained,1278,-0.6942156042233154,0.00015846358847476703,0.9866663415699494,0.00015640785259629007,0.2584434486519439,ALLWARA
BG-2047_I,BG-0990_P,6.128869775721583e-06,4.858645032306918,1.0,0.0,1.0000000149011612,OneLayerCRMPSingleConstrained,1279,-0.6942156042233154,0.00015846358847476703,0.9866663415699494,0.00015640785259629007,0.2584434486519439,ALLWARA
BG-1279_I,BG-2045_P,0.43682910610971926,1.1979949392301052,1.0,0.0,1.0000000149011612,OneLayerCRMPSingleConstrained,1280,0.24349730755901067,0.8400284669676812,0.6058959180522963,0.5809499241871212,0.685406118847288,ALLWARA
BG-2044_I,BG-2045_P,0.0004747521837026541,1.1979949392301052,1.0,0.0,1.0000000149011612,OneLayerCRMPSingleConstrained,1281,0.24349730755901067,0.8400284669676812,0.6058959180522963,0.5809499241871212,0.685406118847288,ALLWARA
BG-2047_I,BG-2045_P,6.128869775721583e-06,1.1979949392301052,1.0,0.0,1.0000000149011612,OneLayerCRMPSingleConstrained,1282,0.24349730755901067,0.8400284669676812,0.6058959180522963,0.5809499241871212,0.685406118847288,ALLWARA
BG-1300_I,BG-0912_P,6.128602166851473e-06,1.3595926700587022,50.0,1.4234935453553003e-15,1.4,OneLayerCRMPSingleConstrained,1283,-2.081237871782784,0.8674008081758701,-0.46764593224859907,0.8965414932468142,0.010921856517301154,ALLWARA
BG-2047_I,BG-0912_P,6.128869775721583e-06,1.3595926700587022,50.0,1.4234935453553003e-15,1.4,OneLayerCRMPSingleConstrained,1284,-2.081237871782784,0.8674008081758701,-0.46764593224859907,0.8965414932468142,0.010921856517301154,ALLWARA
BG-0740_I,BG-1922_P,0.6386282426027021,0.5,23.087440828003633,0.0,0.048096138371278616,OneLayerCRMPSingleConstrained,1285,0.3869083606252175,0.9998946595391285,0.6220341614827519,0.6178132129576106,0.7191212756345275,ALLWARA
BG-2044_I,BG-1922_P,2.898204774595724e-05,0.5,23.087440828003633,0.0,0.048096138371278616,OneLayerCRMPSingleConstrained,1286,0.3869083606252175,0.9998946595391285,0.6220341614827519,0.6178132129576106,0.7191212756345275,ALLWARA
BG-2053_I,BG-1922_P,9.090235016545786e-05,0.5,23.087440828003633,0.0,0.048096138371278616,OneLayerCRMPSingleConstrained,1287,0.3869083606252175,0.9998946595391285,0.6220341614827519,0.6178132129576106,0.7191212756345275,ALLWARA
BG-2047_I,BG-2046_P,0.9975029219818036,0.525600743859676,1.0,0.0,1.0000000149011612,OneLayerCRMPSingleConstrained,1288,-4.85002799933914,0.22781931045892148,0.4660226486291208,0.5085280613176005,0.3513227769252558,ALLWARA
BG-0740_I,BG-0760_P,0.0008942140125954056,6.772576064275124,23.732836240877987,0.0,0.9821516187761231,OneLayerCRMPSingleConstrained,1289,0.9329106040379004,1.0009371606405648,0.965895707122436,0.959762321506013,0.973814153531082,ALLWARA
BG-0842_I,BG-0760_P,0.9321740815042299,6.772576064275124,23.732836240877987,0.0,0.9821516187761231,OneLayerCRMPSingleConstrained,1290,0.9329106040379004,1.0009371606405648,0.965895707122436,0.959762321506013,0.973814153531082,ALLWARA
