DATE,LIQUID_VOLUME_sim,CUM_WATER_INJECTED_sim,LIQUID_VOLUME,PRIMARY_SUPPORT,WATER_VOLUME,NAME,TRAIN,ID,SUBZONE
2023-04-01,882.1431299162084,34.36923551964292,722.24,847.7738943965655,8.72,BG-2016_P,True,0,ALLWARA
2023-05-01,893.8664123736298,104.74343875827958,723.63,823.4922091349931,9.06,BG-2016_P,True,1,ALLWARA
2023-06-01,894.163750082582,199.00119623097856,709.58,799.9059926098831,8.75,BG-2016_P,True,2,ALLWARA
2023-07-01,892.5186050150407,314.5244758314549,705.79,776.9953254145645,8.79,BG-2016_P,True,3,ALLWARA
2023-08-01,889.7764500118961,449.5600671753225,715.59,754.7408586680285,8.3,BG-2016_P,True,4,ALLWARA
2023-09-01,886.1693551584763,602.6056246596931,690.57,733.1237976741056,8.11,BG-2016_P,True,5,ALLWARA
2023-10-01,881.2347922266971,771.7145308377214,698.13,712.1258860486688,8.96,BG-2016_P,True,6,ALLWARA
2023-11-01,876.039658761304,956.024799297563,737.57,691.7293903014623,2.99,BG-2016_P,True,7,ALLWARA
2023-12-01,869.8487437710071,1153.9564582090381,766.2,671.9170848595319,1.35,BG-2016_P,True,8,ALLWARA
2024-01-01,862.9050999566919,1364.1893206461195,854.3,652.6722375196105,123.63,BG-2016_P,True,9,ALLWARA
2024-02-01,855.3562027265646,1585.5669280555123,872.71,633.9785953171718,160.73,BG-2016_P,True,10,ALLWARA
2024-03-01,847.2059226180547,1816.9524798733496,875.83,615.8203708002176,90.18,BG-2016_P,True,11,ALLWARA
2024-04-01,838.7902734234871,2057.560524600628,910.79,598.1822286962084,85.01,BG-2016_P,True,12,ALLWARA
2024-05-01,830.1281453707721,2306.639397010525,959.85,581.0492729608752,83.09,BG-2016_P,True,13,ALLWARA
2024-06-01,824.0756937091903,2566.3080565217406,897.56,564.4070341979748,81.66,BG-2016_P,True,14,ALLWARA
2024-07-01,813.1320952896074,2831.1986943719826,890.52,548.2414574393655,80.67,BG-2016_P,True,15,ALLWARA
2024-08-01,798.2746218776749,3096.934425974576,891.75,532.5388902750816,82.65,BG-2016_P,True,16,ALLWARA
2024-09-01,783.9671445836836,3363.6154992348756,809.25,517.2860713233837,72.35,BG-2016_P,True,17,ALLWARA
2024-10-01,770.643920797087,3631.789301000918,789.1,502.4701190310449,71.34,BG-2016_P,True,18,ALLWARA
2024-11-01,758.6628720395641,3902.373652246065,783.33,488.0785207944171,36.07,BG-2016_P,True,19,ALLWARA
2024-12-01,746.6514677451502,4174.925997599127,792.06,474.0991223920877,5.2,BG-2016_P,True,20,ALLWARA
2025-01-01,734.7539120975318,4449.159791976455,814.39,460.52011772020336,3.3,BG-2016_P,True,21,ALLWARA
2025-02-01,723.4845953094773,4725.3143484641405,819.65,447.33003882179185,3.24,BG-2016_P,True,22,ALLWARA
2025-03-01,712.7437296774326,5003.540331939914,807.02,434.5177462016597,3.33,BG-2016_P,True,23,ALLWARA
2025-04-01,702.3710892196966,5283.839001740921,791.39,422.07241941868944,5.38,BG-2016_P,True,24,ALLWARA
2025-05-01,691.9441350712721,5565.7995888646055,797.41,409.9835479475881,9.64,BG-2016_P,True,25,ALLWARA
2025-06-01,665.4429543976069,5833.001620959841,744.3,398.2409223023716,7.98,BG-2016_P,True,26,ALLWARA
2025-07-01,647.5334046164792,6093.700400162233,741.59,386.83462541408693,6.27,BG-2016_P,True,27,ALLWARA
2025-08-01,630.2629667257122,6348.208342632453,734.73,375.75502425549143,6.2,BG-2016_P,True,28,ALLWARA
2025-09-01,613.8494862826028,6597.065067209441,737.87,364.99276170561575,6.5,BG-2016_P,True,29,ALLWARA
2025-10-01,598.9287810395612,6841.455099601663,717.94,354.5387486473388,6.57,BG-2016_P,True,30,ALLWARA
2025-11-01,584.981858642764,7082.052801953125,751.35,344.38415629130253,6.85,BG-2016_P,True,31,ALLWARA
2025-12-01,571.7378820577488,7319.270275291192,697.11,334.52040871968177,5.62,BG-2016_P,True,32,ALLWARA
2026-01-01,558.9528808433995,7553.283980491077,734.03,324.939175643514,8.09,BG-2016_P,True,33,ALLWARA
2026-02-01,546.8579353726689,7784.509550496275,750.44,315.6323653674713,9.13,BG-2016_P,True,34,ALLWARA
2026-03-01,525.860358690281,8003.777791230423,851.06,306.5921179561332,39.34,BG-2016_P,True,35,ALLWARA
2023-04-01,0.0,0.0,0.0,0.0,0.0,BG-2031_P,True,0,ALLWARA
2023-05-01,0.0,0.0,0.0,0.0,0.0,BG-2031_P,True,1,ALLWARA
2023-06-01,0.0,0.0,0.0,0.0,0.0,BG-2031_P,True,2,ALLWARA
2023-07-01,0.0,0.0,0.0,0.0,0.0,BG-2031_P,True,3,ALLWARA
2023-08-01,0.0,0.0,0.0,0.0,0.0,BG-2031_P,True,4,ALLWARA
2023-09-01,0.0,0.0,0.0,0.0,0.0,BG-2031_P,True,5,ALLWARA
2023-10-01,0.0,0.0,0.0,0.0,0.0,BG-2031_P,True,6,ALLWARA
2023-11-01,0.0,0.0,0.0,0.0,0.0,BG-2031_P,True,7,ALLWARA
2023-12-01,0.0,0.0,0.0,0.0,0.0,BG-2031_P,True,8,ALLWARA
2024-01-01,0.0,0.0,0.0,0.0,0.0,BG-2031_P,True,9,ALLWARA
2024-02-01,0.0,0.0,0.0,0.0,0.0,BG-2031_P,True,10,ALLWARA
2024-03-01,0.0,0.0,0.0,0.0,0.0,BG-2031_P,True,11,ALLWARA
2024-04-01,0.0,0.0,0.0,0.0,0.0,BG-2031_P,True,12,ALLWARA
2024-05-01,0.0,0.0,0.0,0.0,0.0,BG-2031_P,True,13,ALLWARA
2024-06-01,0.0,0.0,0.0,0.0,0.0,BG-2031_P,True,14,ALLWARA
2024-07-01,0.0,0.0,0.0,0.0,0.0,BG-2031_P,True,15,ALLWARA
2024-08-01,0.0,0.0,0.0,0.0,0.0,BG-2031_P,True,16,ALLWARA
2024-09-01,0.0,0.0,0.0,0.0,0.0,BG-2031_P,True,17,ALLWARA
2024-10-01,0.0,0.0,0.0,0.0,0.0,BG-2031_P,True,18,ALLWARA
2024-11-01,0.0,0.0,0.0,0.0,0.0,BG-2031_P,True,19,ALLWARA
2024-12-01,0.0,0.0,0.0,0.0,0.0,BG-2031_P,True,20,ALLWARA
2025-01-01,0.0,0.0,0.0,0.0,0.0,BG-2031_P,True,21,ALLWARA
2025-02-01,0.0,0.0,0.0,0.0,0.0,BG-2031_P,True,22,ALLWARA
2025-03-01,0.0,0.0,0.0,0.0,0.0,BG-2031_P,True,23,ALLWARA
2025-04-01,0.0,0.0,0.0,0.0,0.0,BG-2031_P,True,24,ALLWARA
2025-05-01,0.0,0.0,0.0,0.0,0.0,BG-2031_P,True,25,ALLWARA
2025-06-01,0.0,0.0,0.0,0.0,0.0,BG-2031_P,True,26,ALLWARA
2025-07-01,0.0,0.0,0.0,0.0,0.0,BG-2031_P,True,27,ALLWARA
2025-08-01,0.0,0.0,0.0,0.0,0.0,BG-2031_P,True,28,ALLWARA
2025-09-01,0.0,0.0,0.0,0.0,0.0,BG-2031_P,True,29,ALLWARA
2025-10-01,0.0,0.0,0.0,0.0,0.0,BG-2031_P,True,30,ALLWARA
2025-11-01,0.0,0.0,0.0,0.0,0.0,BG-2031_P,True,31,ALLWARA
2025-12-01,316.0389985939094,316.0389985939094,1403.89,0.0,705.89,BG-2031_P,True,32,ALLWARA
2026-01-01,321.09109715022583,637.1300957441352,1439.39,0.0,724.83,BG-2031_P,True,33,ALLWARA
2026-02-01,326.0381665284446,963.1682622725798,1719.88,0.0,1137.09,BG-2031_P,True,34,ALLWARA
2026-03-01,328.47376580915613,1291.642028081736,1622.91,0.0,1068.64,BG-2031_P,True,35,ALLWARA
2023-04-01,1392.4503068668328,52.95106898674016,1516.64,1339.4992378800926,172.99,BG-1632_P,True,0,ALLWARA
2023-05-01,1419.3334224242176,159.9420857326363,1500.18,1312.3424056783215,289.54,BG-1632_P,True,1,ALLWARA
2023-06-01,1427.7465327648317,301.9524709598211,1258.01,1285.736147537647,524.42,BG-1632_P,True,2,ALLWARA
2023-07-01,1434.2351492901175,476.5183190583115,1172.04,1259.669301191627,413.72,BG-1632_P,True,3,ALLWARA
2023-08-01,1439.6085178443418,681.9959062265052,1079.01,1234.1309306761482,400.29,BG-1632_P,True,4,ALLWARA
2023-09-01,1444.3418937976767,917.2274782827793,1060.04,1209.1103217414025,392.11,BG-1632_P,True,5,ALLWARA
2023-10-01,1447.518185287397,1180.148686213297,1254.52,1184.5969773568795,431.81,BG-1632_P,True,6,ALLWARA
2023-11-01,1450.5252092683181,1470.0932821741235,1307.72,1160.5806133074916,363.46,BG-1632_P,True,7,ALLWARA
2023-12-01,1452.2956413969848,1785.337769692127,1557.46,1137.0511538789813,196.61,BG-1632_P,True,8,ALLWARA
2024-01-01,1453.0335193664623,2124.372561427786,1541.45,1113.9987276308032,204.21,BG-1632_P,True,9,ALLWARA
2024-02-01,1452.903468425589,2485.8623665986697,1493.74,1091.4136632547052,208.35,BG-1632_P,True,10,ALLWARA
2024-03-01,1451.8451581743993,2868.4210392557966,1499.44,1069.2864855172727,217.39,BG-1632_P,True,11,ALLWARA
2024-04-01,1450.3107093203012,3271.123837291365,1548.82,1047.6079112847328,258.79,BG-1632_P,True,12,ALLWARA
2024-05-01,1448.2473898892686,3693.0023815522813,1594.81,1026.3688456283521,247.09,BG-1632_P,True,13,ALLWARA
2024-06-01,1449.0351808856444,4136.4771844291345,1557.39,1005.5603780087911,283.16,BG-1632_P,True,14,ALLWARA
2024-07-01,1443.0648638497714,4594.368269741087,1591.46,985.1737785378187,291.39,BG-1632_P,True,15,ALLWARA
2024-08-01,1430.078410610554,5059.246186035825,1568.26,965.2004943158153,293.07,BG-1632_P,True,16,ALLWARA
2024-09-01,1417.57369861947,5531.187738811767,1564.14,945.6321458435278,267.37,BG-1632_P,True,17,ALLWARA
2024-10-01,1405.3189185446909,6010.0461338498835,1114.97,926.4605235065749,82.3,BG-1632_P,True,18,ALLWARA
2024-11-01,1394.307944608776,6496.6764943274375,1098.59,907.6775841312221,76.53,BG-1632_P,True,19,ALLWARA
2024-12-01,1383.5503465595375,6990.951393276989,1099.75,889.2754476099865,75.4,BG-1632_P,True,20,ALLWARA
2025-01-01,1372.5345485634984,7492.239548244835,1130.61,871.2463935956526,77.88,BG-1632_P,True,21,ALLWARA
2025-02-01,1361.8708473474596,8000.52753732998,1306.67,853.582858262314,173.75,BG-1632_P,True,22,ALLWARA
2025-03-01,1351.6639189557327,8515.914025153632,1413.81,836.2774311320801,248.01,BG-1632_P,True,23,ALLWARA
2025-04-01,1341.7613364888466,9038.352509676359,1396.24,819.3228519661195,252.77,BG-1632_P,True,24,ALLWARA
2025-05-01,1331.6763308501181,9567.316832807745,1409.99,802.7120077187319,256.93,BG-1632_P,True,25,ALLWARA
2025-06-01,1301.6951354063053,10082.574038660874,1387.86,786.4379295531751,253.97,BG-1632_P,True,26,ALLWARA
2025-07-01,1283.0399715828296,10595.120220325713,1408.59,770.4937899179904,214.81,BG-1632_P,True,27,ALLWARA
2025-08-01,1255.0112737808754,11095.258594423984,1394.61,754.8728996826035,212.25,BG-1632_P,True,28,ALLWARA
2025-09-01,1228.0269520456236,11583.71684113861,1409.65,739.5687053309975,222.38,BG-1632_P,True,29,ALLWARA
2025-10-01,1202.4306036242363,12061.572658550564,1379.61,724.5747862122821,224.83,BG-1632_P,True,30,ALLWARA
2025-11-01,1177.8797586057542,12529.567565309315,1451.82,709.8848518470023,235.97,BG-1632_P,True,31,ALLWARA
2025-12-01,1154.2299052162746,12988.30473123753,1361.18,695.4927392880596,233.51,BG-1632_P,True,32,ALLWARA
2026-01-01,1131.0043964510232,13437.916717153414,1394.25,681.3924105351391,239.79,BG-1632_P,True,33,ALLWARA
2026-02-01,1107.8087927479585,13878.147559899819,1424.61,667.5779500015531,252.12,BG-1632_P,True,34,ALLWARA
2026-03-01,1081.2586087979826,14305.362606665356,1341.53,654.0435620324445,265.67,BG-1632_P,True,35,ALLWARA
2023-04-01,1801.5526017713573,2.650671870139409,1430.04,1798.901929901218,0.0,BG-1949_P,True,0,ALLWARA
2023-05-01,1718.3269831410996,6.996487661562293,1432.16,1713.9811673496768,0.0,BG-1949_P,True,1,ALLWARA
2023-06-01,1638.4620323286936,12.389260794632182,1404.62,1633.0692591956238,0.0,BG-1949_P,True,2,ALLWARA
2023-07-01,1561.8938527626535,18.306154105866863,1396.93,1555.976959451419,0.0,BG-1949_P,True,3,ALLWARA
2023-08-01,1488.9006575610404,24.682855802237416,1417.56,1482.52395586467,0.0,BG-1949_P,True,4,ALLWARA
2023-09-01,1419.0917295828322,31.236137201671106,1320.59,1412.5384481833985,26.18,BG-1949_P,True,5,ALLWARA
2023-10-01,1352.4705317409562,37.84992261258755,1324.87,1345.8567463300396,38.8,BG-1949_P,True,6,ALLWARA
2023-11-01,1289.016510762664,44.54354583080973,1364.58,1282.3228875444418,31.18,BG-1949_P,True,7,ALLWARA
2023-12-01,1228.4896831248916,51.24495735530311,1418.62,1221.7882716003983,34.32,BG-1949_P,True,8,ALLWARA
2024-01-01,1169.9692978363175,57.10294194910965,1395.93,1164.111313242511,35.65,BG-1949_P,True,9,ALLWARA
2024-02-01,1114.7293340205472,62.67516493919118,1270.96,1109.1571110304656,82.45,BG-1949_P,True,10,ALLWARA
2024-03-01,1062.890598746995,68.76863187000949,1255.77,1056.7971318161767,64.75,BG-1949_P,True,11,ALLWARA
2024-04-01,1013.3288346984181,75.18855645260784,1312.89,1006.9089101158197,61.04,BG-1949_P,True,12,ALLWARA
2024-05-01,965.9851681583996,81.79796293739993,1388.79,959.3757616736075,59.67,BG-1949_P,True,13,ALLWARA
2024-06-01,921.1761737271918,88.88762611723241,1295.51,914.0865105473594,58.64,BG-1949_P,True,14,ALLWARA
2024-07-01,877.9961640431396,95.94856108282688,1279.96,870.9352290775452,57.68,BG-1949_P,True,15,ALLWARA
2024-08-01,838.2340310641999,104.36160201541908,914.96,829.8209901316078,40.93,BG-1949_P,True,16,ALLWARA
2024-09-01,799.7930652608185,113.5070362321487,382.47,790.6476310440888,10.55,BG-1949_P,True,17,ALLWARA
2024-10-01,0.0,113.5070362321487,0.0,0.0,0.0,BG-1949_P,True,18,ALLWARA
2024-11-01,0.0,113.5070362321487,0.0,0.0,0.0,BG-1949_P,True,19,ALLWARA
2024-12-01,0.0,113.5070362321487,0.0,0.0,0.0,BG-1949_P,True,20,ALLWARA
2025-01-01,0.0,113.5070362321487,0.0,0.0,0.0,BG-1949_P,True,21,ALLWARA
2025-02-01,0.0,113.5070362321487,0.0,0.0,0.0,BG-1949_P,True,22,ALLWARA
2025-03-01,0.0,113.5070362321487,0.0,0.0,0.0,BG-1949_P,True,23,ALLWARA
2025-04-01,0.0,113.5070362321487,0.0,0.0,0.0,BG-1949_P,True,24,ALLWARA
2025-05-01,0.0,113.5070362321487,0.0,0.0,0.0,BG-1949_P,True,25,ALLWARA
2025-06-01,0.0,113.5070362321487,0.0,0.0,0.0,BG-1949_P,True,26,ALLWARA
2025-07-01,0.0,113.5070362321487,0.0,0.0,0.0,BG-1949_P,True,27,ALLWARA
2025-08-01,0.0,113.5070362321487,0.0,0.0,0.0,BG-1949_P,True,28,ALLWARA
2025-09-01,0.0,113.5070362321487,0.0,0.0,0.0,BG-1949_P,True,29,ALLWARA
2025-10-01,0.0,113.5070362321487,0.0,0.0,0.0,BG-1949_P,True,30,ALLWARA
2025-11-01,0.0,113.5070362321487,0.0,0.0,0.0,BG-1949_P,True,31,ALLWARA
2025-12-01,0.0,113.5070362321487,0.0,0.0,0.0,BG-1949_P,True,32,ALLWARA
2026-01-01,0.0,113.5070362321487,0.0,0.0,0.0,BG-1949_P,True,33,ALLWARA
2026-02-01,0.0,113.5070362321487,0.0,0.0,0.0,BG-1949_P,True,34,ALLWARA
2026-03-01,0.0,113.5070362321487,0.0,0.0,0.0,BG-1949_P,True,35,ALLWARA
2023-04-01,2473.7942956995,279.41540223119756,2325.92,2194.378893468302,180.05,BG-1798_P,True,0,ALLWARA
2023-05-01,2743.432337191654,871.9204593128759,3002.27,2150.9272801099755,1117.26,BG-1798_P,True,1,ALLWARA
2023-06-01,2931.811173766622,1695.3955667363919,2928.17,2108.336066343106,1079.41,BG-1798_P,True,2,ALLWARA
2023-07-01,3101.024511625449,2729.8318632475457,2923.23,2066.588215114295,1084.58,BG-1798_P,True,3,ALLWARA
2023-08-01,3252.6062825898907,3956.7711191110284,2889.9,2025.6670267264076,1024.11,BG-1798_P,True,4,ALLWARA
2023-09-01,3386.4153644837565,5357.630351436321,2806.38,1985.5561321584646,1002.58,BG-1798_P,True,5,ALLWARA
2023-10-01,3500.8392195390607,6912.230084457562,2945.45,1946.2394865178194,1113.89,BG-1798_P,True,6,ALLWARA
2023-11-01,3605.009537157243,8609.538258992818,2849.93,1907.7013626219873,913.04,BG-1798_P,True,7,ALLWARA
2023-12-01,3694.2081933685777,10433.820107653833,3432.43,1869.9263447075612,1277.62,BG-1798_P,True,8,ALLWARA
2024-01-01,3770.3035195278208,12371.224304917952,4204.31,1832.8993222637018,1988.45,BG-1798_P,True,9,ALLWARA
2024-02-01,3834.9036744726827,14409.522495402904,4156.18,1796.6054839877318,2243.39,BG-1798_P,True,10,ALLWARA
2024-03-01,3889.0331668622084,16537.525350404696,4240.2,1761.0303118604154,2080.74,BG-1798_P,True,11,ALLWARA
2024-04-01,3935.4177275379607,18746.783502604096,4242.81,1726.1595753385607,1829.41,BG-1798_P,True,12,ALLWARA
2024-05-01,3974.9794194449305,21029.783596386416,4350.72,1691.9793256626094,1788.23,BG-1798_P,True,13,ALLWARA
2024-06-01,4040.2511943686886,23411.558900478158,4148.04,1658.4758902769483,1871.82,BG-1798_P,True,14,ALLWARA
2024-07-01,4053.700795513172,25839.623828630625,4113.56,1625.6358673607044,1979.06,BG-1798_P,True,15,ALLWARA
2024-08-01,4063.347167067861,28309.524875231647,4160.44,1593.446120466839,2027.68,BG-1798_P,True,16,ALLWARA
2024-09-01,4080.334126496578,30827.965228460835,4205.59,1561.8937732673917,1987.37,BG-1798_P,True,17,ALLWARA
2024-10-01,4101.657041947544,33398.6560660056,4329.4,1530.9662044027793,2105.97,BG-1798_P,True,18,ALLWARA
2024-11-01,4203.649726501808,36101.654750074325,4372.02,1500.6510424330831,2191.25,BG-1798_P,True,19,ALLWARA
2024-12-01,4365.893418321582,38996.6120075066,4345.8,1470.9361608893075,2154.88,BG-1798_P,True,20,ALLWARA
2025-01-01,4506.9556317132265,42061.757965797195,4476.99,1441.8096734226312,2225.6,BG-1798_P,True,21,ALLWARA
2025-02-01,4636.951528606716,45285.4495653542,4452.55,1413.2599290497092,2186.77,BG-1798_P,True,22,ALLWARA
2025-03-01,4754.622296044422,48654.7963539065,4474.71,1385.275507492124,2243.93,BG-1798_P,True,23,ALLWARA
2025-04-01,4859.428871917933,52156.380011216315,4822.16,1357.8452146081222,2659.86,BG-1798_P,True,24,ALLWARA
2025-05-01,4950.044678187796,55775.466611489304,5023.35,1330.9580779148075,2793.45,BG-1798_P,True,25,ALLWARA
2025-06-01,4851.574936372973,59322.438205663275,4978.05,1304.6033421990037,2610.7,BG-1798_P,True,26,ALLWARA
2025-07-01,4816.313394716872,62859.98113516512,5098.93,1278.7704652150223,2965.44,BG-1798_P,True,27,ALLWARA
2025-08-01,4866.620604079899,66473.1526257774,5014.86,1253.4491134676273,3088.03,BG-1798_P,True,28,ALLWARA
2025-09-01,4912.490997491891,70157.01446519079,5169.74,1228.6291580784966,3235.09,BG-1798_P,True,29,ALLWARA
2025-10-01,4964.657040411257,73917.37083486751,5077.02,1204.3006707345382,3167.05,BG-1798_P,True,30,ALLWARA
2025-11-01,5011.852157479749,77748.76907263084,5042.05,1180.45391971643,2886.35,BG-1798_P,True,31,ALLWARA
2025-12-01,5054.751811915333,81646.44151854036,4856.32,1157.0793660058034,2856.68,BG-1798_P,True,32,ALLWARA
2026-01-01,5051.350432357376,85563.62429142823,4981.29,1134.16765946951,2933.84,BG-1798_P,True,33,ALLWARA
2026-02-01,4942.013295141321,89393.92795145011,5164.2,1111.7096351194418,3084.77,BG-1798_P,True,34,ALLWARA
2026-03-01,4641.790000525203,92946.0216425289,4840.51,1089.696309446414,2822.09,BG-1798_P,True,35,ALLWARA
2023-04-01,1717.1782389233877,68.11307012366598,1544.25,1649.0651687997217,540.73,BG-1516_P,True,0,ALLWARA
2023-05-01,1708.6480439701286,160.34962343992655,1448.22,1616.411490653868,711.57,BG-1516_P,True,1,ALLWARA
2023-06-01,1685.533587126635,261.4788119098455,1493.4,1584.404398656716,712.52,BG-1516_P,True,2,ALLWARA
2023-07-01,1704.4303754712485,412.87809783639375,1398.48,1553.0310895447003,629.39,BG-1516_P,True,3,ALLWARA
2023-08-01,1720.7716170082922,611.3707012688259,1328.02,1522.27901357586,623.37,BG-1516_P,True,4,ALLWARA
2023-09-01,1729.4271208163966,848.6619525754481,1582.61,1492.1358695097742,776.6,BG-1516_P,True,5,ALLWARA
2023-10-01,1734.6407178731674,1120.7130707617132,1767.84,1462.5895996869024,934.08,BG-1516_P,True,6,ALLWARA
2023-11-01,1731.2121999885537,1418.296885544907,1806.62,1433.62838520536,953.92,BG-1516_P,True,7,ALLWARA
2023-12-01,1728.7060993256346,1741.7623436773415,1818.17,1405.2406411932,918.66,BG-1516_P,True,8,ALLWARA
2024-01-01,1723.1075231591421,2087.454854662175,1755.12,1377.4150121743087,1066.59,BG-1516_P,True,9,ALLWARA
2024-02-01,1713.780704877533,2451.095192013642,1796.58,1350.1403675260658,1125.3,BG-1516_P,True,10,ALLWARA
2024-03-01,1702.2255741621839,2829.9149691488815,1778.79,1323.4057970269444,1179.55,BG-1516_P,True,11,ALLWARA
2024-04-01,1689.6946897842936,3222.409052440895,1804.95,1297.20060649228,1030.42,BG-1516_P,True,12,ALLWARA
2024-05-01,1676.1389896639437,3627.0337286083873,1846.92,1271.5143134964512,843.43,BG-1516_P,True,13,ALLWARA
2024-06-01,1668.7777802458497,4049.474865674466,1804.78,1246.3366431797713,1030.83,BG-1516_P,True,14,ALLWARA
2024-07-01,1652.920732400757,4480.738073936816,1795.38,1221.6575241384069,999.4,BG-1516_P,True,15,ALLWARA
2024-08-01,1651.8236674410232,4935.094656982158,1816.99,1197.4670843956817,997.58,BG-1516_P,True,16,ALLWARA
2024-09-01,1650.7479380741431,5412.086947603146,1780.09,1173.7556474531555,1032.67,BG-1516_P,True,17,ALLWARA
2024-10-01,1642.0531902382963,5903.626409421548,1723.79,1150.5137284198947,1132.03,BG-1516_P,True,18,ALLWARA
2024-11-01,1642.180033484781,6418.074412687939,1694.12,1127.7320302183894,1182.69,BG-1516_P,True,19,ALLWARA
2024-12-01,1654.7403835890923,6967.413356411433,1728.04,1105.4014398655988,1069.09,BG-1516_P,True,20,ALLWARA
2025-01-01,1661.6956690057852,7545.596000589581,1654.57,1083.513024827637,880.11,BG-1516_P,True,21,ALLWARA
2025-02-01,1666.4074237613322,8149.9453949042745,1653.83,1062.0580294466392,804.81,BG-1516_P,True,22,ALLWARA
2025-03-01,1668.751681311048,8777.66920477694,1678.22,1041.0278714383828,845.15,BG-1516_P,True,23,ALLWARA
2025-04-01,1669.358084468035,9426.613150785717,1692.88,1020.4141384592582,920.42,BG-1516_P,True,24,ALLWARA
2025-05-01,1667.132821186823,10093.53738723132,1704.46,1000.2085847412204,1124.75,BG-1516_P,True,25,ALLWARA
2025-06-01,1651.4820852941925,10764.61634473214,1824.03,980.4031277933716,1049.32,BG-1516_P,True,26,ALLWARA
2025-07-01,1634.112406365387,11437.73890592867,1814.28,960.9898451688562,982.98,BG-1516_P,True,27,ALLWARA
2025-08-01,1627.0837114913527,12122.861646124245,1816.21,941.9609712957772,988.26,BG-1516_P,True,28,ALLWARA
2025-09-01,1621.68274126386,12821.235493017242,1737.84,923.3088943708632,960.59,BG-1516_P,True,29,ALLWARA
2025-10-01,1615.3623435638551,13531.571683266451,1775.36,905.0261533146472,1000.34,BG-1516_P,True,30,ALLWARA
2025-11-01,1608.8920583086037,14253.35830678812,1554.13,887.1054347869333,1164.58,BG-1516_P,True,31,ALLWARA
2025-12-01,1600.5903183326088,14984.409054859365,1548.04,869.5395702613644,1162.71,BG-1516_P,True,32,ALLWARA
2026-01-01,1584.8282340497128,15716.915755751163,1539.5,852.3215331579155,1126.44,BG-1516_P,True,33,ALLWARA
2026-02-01,1547.5335457376539,16429.00486545665,1577.85,835.4444360321685,1135.38,BG-1516_P,True,34,ALLWARA
2026-03-01,1470.4226530157262,17080.52599065213,1510.7,818.901527820242,1080.78,BG-1516_P,True,35,ALLWARA
2023-04-01,3837.4105298057066,384.7407894498456,5274.68,3452.669740355861,4621.52,BG-0976_P,True,0,ALLWARA
2023-05-01,3339.592319587025,752.9794298380639,5156.79,2971.3536791988067,4508.34,BG-0976_P,True,1,ALLWARA
2023-06-01,2890.539709926703,1086.3841251721753,5293.21,2557.1350145925912,4621.51,BG-0976_P,True,2,ALLWARA
2023-07-01,0.0,1086.3841251721753,0.0,0.0,0.0,BG-0976_P,True,3,ALLWARA
2023-08-01,0.0,1086.3841251721753,0.0,0.0,0.0,BG-0976_P,True,4,ALLWARA
2023-09-01,1952.5995981359538,1409.1188887200155,986.47,1629.8648345881138,470.75,BG-0976_P,True,5,ALLWARA
2023-10-01,1713.4679341171227,1719.931707508617,1062.1,1402.6551153285216,511.66,BG-0976_P,True,6,ALLWARA
2023-11-01,1511.1338037734852,2023.9461656742417,1151.43,1207.1193456078604,491.89,BG-0976_P,True,7,ALLWARA
2023-12-01,1360.8706495585525,2345.9747658816477,1174.96,1038.8420493511462,469.22,BG-0976_P,True,8,ALLWARA
2024-01-01,1219.5903443284938,2671.5418245865917,1006.61,894.0232856235498,425.48,BG-0976_P,True,9,ALLWARA
2024-02-01,1093.4233382946268,2995.572322327305,855.22,769.3928405539139,417.69,BG-0976_P,True,10,ALLWARA
2024-03-01,983.2611984817273,3316.697139559471,825.27,662.1363812495613,368.88,BG-0976_P,True,11,ALLWARA
2024-04-01,894.2035501673631,3641.068785574169,834.7,569.8319041526651,367.51,BG-0976_P,True,12,ALLWARA
2024-05-01,818.7514246323865,3969.42516745498,844.5,490.39504275157543,369.29,BG-0976_P,True,13,ALLWARA
2024-06-01,781.5156074486245,4328.908775286241,829.83,422.03199961736414,406.55,BG-0976_P,True,14,ALLWARA
2024-07-01,693.4886755219534,4659.19841090424,840.36,363.1990399039543,488.87,BG-0976_P,True,15,ALLWARA
2024-08-01,839.6359359612165,5186.266715248058,1049.27,312.5676316173982,525.6,BG-0976_P,True,16,ALLWARA
2024-09-01,1235.69760362958,6152.969873405686,1037.14,268.9944454719521,519.09,BG-0976_P,True,17,ALLWARA
2024-10-01,1395.68848616668,7317.162822685381,1033.09,231.49553688698506,512.64,BG-0976_P,True,18,ALLWARA
2024-11-01,1359.052008691435,8476.99070425936,1009.32,199.22412711745488,517.29,BG-0976_P,True,19,ALLWARA
2024-12-01,1329.274980694251,9634.814203169371,925.43,171.4514817842402,457.45,BG-0976_P,True,20,ALLWARA
2025-01-01,1303.317647503832,10790.58139565888,852.6,147.55045501432232,409.88,BG-0976_P,True,21,ALLWARA
2025-02-01,1291.091649147186,11954.691717211996,866.92,126.98132759407127,465.05,BG-0976_P,True,22,ALLWARA
2025-03-01,1275.782273958737,13121.194371829757,1034.72,109.2796193409753,714.06,BG-0976_P,True,23,ALLWARA
2025-04-01,1265.963879623172,14293.112650973115,1315.66,94.04560047981444,728.74,BG-0976_P,True,24,ALLWARA
2025-05-01,1249.315747208203,15461.493133006099,1311.68,80.93526517521947,759.5,BG-0976_P,True,25,ALLWARA
2025-06-01,1241.0029979961816,16632.84356761215,1333.83,69.6525633901297,804.21,BG-0976_P,True,26,ALLWARA
2025-07-01,1212.0918867370847,17784.992738694782,1313.8,59.94271565445436,791.59,BG-0976_P,True,27,ALLWARA
2025-08-01,1012.9605143787776,18746.366793291665,1315.95,51.586459781894234,795.85,BG-0976_P,True,28,ALLWARA
2025-09-01,1007.5006107397718,19709.472304413837,1261.65,44.395099617600316,773.46,BG-0976_P,True,29,ALLWARA
2025-10-01,1016.804919346121,20688.070979749617,1293.87,38.20624401034027,803.53,BG-0976_P,True,30,ALLWARA
2025-11-01,1013.5331485942988,21668.723988554815,1308.49,32.88013978909873,813.3,BG-0976_P,True,31,ALLWARA
2025-12-01,1013.0495891484792,22653.477061765792,1286.52,28.29651593750172,802.46,BG-0976_P,True,32,ALLWARA
2026-01-01,1002.0561131568777,23631.18130721964,825.42,24.35186770303073,495.69,BG-0976_P,True,33,ALLWARA
2026-02-01,1004.5509622999123,24614.775150207206,915.79,20.957119312345558,536.61,BG-0976_P,True,34,ALLWARA
2026-03-01,808.3417109357149,25405.08124862942,884.02,18.03561251350041,517.19,BG-0976_P,True,35,ALLWARA
2023-04-01,2471.8444487656006,515.5713464648459,2337.51,1956.2731023007548,1365.9,BG-1518_P,True,0,ALLWARA
2023-05-01,2711.137146552316,1331.215497296642,2379.42,1895.49299572052,1118.66,BG-1518_P,True,1,ALLWARA
2023-06-01,2806.840336483297,2301.4545470782086,2484.4,1836.6012867017303,1088.71,BG-1518_P,True,2,ALLWARA
2023-07-01,2833.1192514812333,3355.0344945736433,2474.64,1779.5393039857988,1113.73,BG-1518_P,True,3,ALLWARA
2023-08-01,2846.3010224411855,4477.085317823636,2583.22,1724.2501991911938,1532.77,BG-1518_P,True,4,ALLWARA
2023-09-01,2830.493051339212,5636.89947898499,3057.55,1670.6788901778575,1535.28,BG-1518_P,True,5,ALLWARA
2023-10-01,2804.0509933788344,6822.1784661925685,3267.61,1618.7720061712566,1439.36,BG-1518_P,True,6,ALLWARA
2023-11-01,2770.9194576789305,8024.620089280108,3351.15,1568.4778345913915,1489.97,BG-1518_P,True,7,ALLWARA
2023-12-01,2723.516405874064,9228.39022562038,3037.8,1519.7462695337924,2164.66,BG-1518_P,True,8,ALLWARA
2024-01-01,2674.5730605465296,10430.434524315733,3338.08,1472.5287618511777,1611.7,BG-1518_P,True,9,ALLWARA
2024-02-01,2636.664675890075,11640.320929419766,3422.59,1426.7782707860424,1600.21,BG-1518_P,True,10,ALLWARA
2024-03-01,2596.999255012349,12854.870967326127,3304.34,1382.4492171059871,1677.44,BG-1518_P,True,11,ALLWARA
2024-04-01,2557.890507021089,14073.264036652112,3324.22,1339.497437695105,1726.58,BG-1518_P,True,12,ALLWARA
2024-05-01,2516.6351580145874,15292.019053110518,3312.1,1297.880141556182,1941.89,BG-1518_P,True,13,ALLWARA
2024-06-01,2549.688680894982,16584.15186682562,2287.42,1257.5558671798806,1812.78,BG-1518_P,True,14,ALLWARA
2024-07-01,2481.8552625805187,17847.522688167708,2164.0,1218.4844412384314,1701.74,BG-1518_P,True,15,ALLWARA
2024-08-01,2436.3259424199114,19103.221692024927,2167.4,1180.626938562691,1730.66,BG-1518_P,True,16,ALLWARA
2024-09-01,2402.777001295314,20362.05304995756,2138.99,1143.9456433626794,1717.78,BG-1518_P,True,17,ALLWARA
2024-10-01,2253.778426347403,21507.42746465199,1975.68,1108.4040116529727,1565.41,BG-1518_P,True,18,ALLWARA
2024-11-01,2014.3972024139339,22447.85803222041,1263.53,1073.966634845514,878.3,BG-1518_P,True,19,ALLWARA
2024-12-01,1861.5119983690201,23268.770826115862,1440.26,1040.5992044735704,1039.89,BG-1518_P,True,20,ALLWARA
2025-01-01,1760.0243475616953,24020.526695665863,1512.85,1008.2684780116947,1077.58,BG-1518_P,True,21,ALLWARA
2025-02-01,1692.2675025921162,24735.851952500343,1492.3,976.9422457576358,1063.87,BG-1518_P,True,22,ALLWARA
2025-03-01,1641.9088984398581,25431.171552196993,1542.92,946.589298743209,1018.3,BG-1518_P,True,23,ALLWARA
2025-04-01,1603.8782603262046,26117.870414881043,1533.16,917.1793976421527,1045.68,BG-1518_P,True,24,ALLWARA
2025-05-01,1569.5819989824154,26798.76917121946,1405.76,888.6832426439969,1100.55,BG-1518_P,True,25,ALLWARA
2025-06-01,1543.7018631658875,27481.39859012142,1477.39,861.0724442639317,1184.49,BG-1518_P,True,26,ALLWARA
2025-07-01,1502.5975789043055,28149.67667396613,1474.81,834.3194950595937,1162.11,BG-1518_P,True,27,ALLWARA
2025-08-01,0.0,28149.67667396613,0.0,0.0,0.0,BG-1518_P,True,28,ALLWARA
2025-09-01,1367.2868882222974,28733.68220114295,1047.0,783.2813610454743,790.03,BG-1518_P,True,29,ALLWARA
2025-10-01,1333.551892101405,29308.288764090677,1078.95,758.9453291536777,799.33,BG-1518_P,True,30,ALLWARA
2025-11-01,1303.9616874195694,29876.885049893415,1078.45,735.3654016168322,799.43,BG-1518_P,True,31,ALLWARA
2025-12-01,1278.3448414342874,30442.71180455312,1076.94,712.5180867745833,820.79,BG-1518_P,True,32,ALLWARA
2026-01-01,1253.850045355182,31006.181227071433,1056.78,690.3806228368687,920.14,BG-1518_P,True,33,ALLWARA
2026-02-01,1231.9396475553715,31569.18991941947,1073.87,668.9309552073321,927.5,BG-1518_P,True,34,ALLWARA
2026-03-01,1023.832850267933,31944.87505517612,1098.62,648.1477145112847,948.91,BG-1518_P,True,35,ALLWARA
2023-04-01,710.4939319089979,260.6011798640004,607.12,449.89275204499745,331.81,BG-1584_P,True,0,ALLWARA
2023-05-01,888.257326922314,735.4101770711629,1123.52,413.4483297151515,660.37,BG-1584_P,True,1,ALLWARA
2023-06-01,1026.5545106595532,1382.0085302526522,1273.9,379.95615747806403,428.49,BG-1584_P,True,2,ALLWARA
2023-07-01,1128.3314215686,2161.162869149379,1228.48,349.1770826718732,388.98,BG-1584_P,True,3,ALLWARA
2023-08-01,1216.5741145117086,3056.845658007866,1132.69,320.89132565322166,592.89,BG-1584_P,True,4,ALLWARA
2023-09-01,1286.440666534769,4048.389414093774,1096.46,294.896910448861,737.51,BG-1584_P,True,5,ALLWARA
2023-10-01,1334.94003821184,5112.321229770289,1091.58,271.0082225353244,539.24,BG-1584_P,True,6,ALLWARA
2023-11-01,1373.2890556429325,6236.555601964809,920.78,249.05468344841245,482.31,BG-1584_P,True,7,ALLWARA
2023-12-01,1405.0139685338584,7412.690037740196,927.76,228.87953275847158,463.25,BG-1584_P,True,8,ALLWARA
2024-01-01,1422.9155702669989,8625.266899293103,893.68,210.338708714093,542.48,BG-1584_P,True,9,ALLWARA
2024-02-01,1440.3317200711024,9872.298799802797,1332.72,193.2998195614086,483.13,BG-1584_P,True,10,ALLWARA
2024-03-01,1454.4818918815236,11149.139493490686,2229.31,177.6411981936334,254.66,BG-1584_P,True,11,ALLWARA
2024-04-01,1465.9510468215308,12451.839506931687,2275.1,163.25103338052898,253.71,BG-1584_P,True,12,ALLWARA
2024-05-01,1473.8324062010597,13775.645341758462,2247.14,150.02657137428466,527.67,BG-1584_P,True,13,ALLWARA
2024-06-01,1517.807017991667,15155.578977559288,2199.21,137.87338219084043,357.41,BG-1584_P,True,14,ALLWARA
2024-07-01,1518.621187306365,16547.49547953816,2216.64,126.70468532749402,93.18,BG-1584_P,True,15,ALLWARA
2024-08-01,1577.1354943573895,18008.190243793506,1403.19,116.44073010204161,632.12,BG-1584_P,True,16,ALLWARA
2024-09-01,1628.0297950949905,19529.211812699767,1387.17,107.00822618873124,624.33,BG-1584_P,True,17,ALLWARA
2024-10-01,1640.752642440706,21071.624634855732,1351.45,98.33982028473983,757.7,BG-1584_P,True,18,ALLWARA
2024-11-01,1629.5085742470687,22610.75959393252,1313.46,90.37361517028236,834.62,BG-1584_P,True,19,ALLWARA
2024-12-01,1633.3909504149292,24161.097816619273,1606.99,83.05272772817632,550.26,BG-1584_P,True,20,ALLWARA
2025-01-01,1635.619291724431,25720.392225576827,1678.1,76.32488276687626,514.06,BG-1584_P,True,21,ALLWARA
2025-02-01,1642.3051092757491,27292.555295105925,1373.97,70.1420397466495,724.6,BG-1584_P,True,22,ALLWARA
2025-03-01,1648.2196890696548,28876.31493443207,1398.19,64.4600497435119,747.49,BG-1584_P,True,23,ALLWARA
2025-04-01,1653.4141443712658,30470.490738601882,1525.95,59.23834020145542,568.74,BG-1584_P,True,24,ALLWARA
2025-05-01,1656.4768013944877,32072.527914774444,1594.08,54.439625221924004,332.92,BG-1584_P,True,25,ALLWARA
2025-06-01,1660.076898303547,33682.575173756144,1486.81,50.02963932184468,331.6,BG-1584_P,True,26,ALLWARA
2025-07-01,1586.7970409131667,35223.39532191021,1463.4,45.97689275909763,331.96,BG-1584_P,True,27,ALLWARA
2025-08-01,1438.0593897068075,36619.20226493871,1453.65,42.2524466783148,438.97,BG-1584_P,True,28,ALLWARA
2025-09-01,1372.2622923664333,37952.63485083372,1370.06,38.8297064714226,729.82,BG-1584_P,True,29,ALLWARA
2025-10-01,1319.3474404943797,39236.29805945069,1385.68,35.68423187740883,679.77,BG-1584_P,True,30,ALLWARA
2025-11-01,1276.8935042312698,40480.398001216636,1326.95,32.793562465321095,393.28,BG-1584_P,True,31,ALLWARA
2025-12-01,1243.211348327782,41693.47229229007,1316.14,30.13705725434849,392.63,BG-1584_P,True,32,ALLWARA
2026-01-01,1210.6571425034203,42876.4336874677,1370.85,27.69574732578496,380.53,BG-1584_P,True,33,ALLWARA
2026-02-01,1164.5165838899745,44015.49807098324,1444.85,25.452200374442533,383.67,BG-1584_P,True,34,ALLWARA
2026-03-01,982.9186461100521,44975.026320860954,1374.24,23.390396232336084,365.0,BG-1584_P,True,35,ALLWARA
2023-04-01,0.0,0.0,0.0,0.0,0.0,BG-2201_P,True,0,ALLWARA
2023-05-01,0.0,0.0,0.0,0.0,0.0,BG-2201_P,True,1,ALLWARA
2023-06-01,0.0,0.0,0.0,0.0,0.0,BG-2201_P,True,2,ALLWARA
2023-07-01,0.0,0.0,0.0,0.0,0.0,BG-2201_P,True,3,ALLWARA
2023-08-01,0.0,0.0,0.0,0.0,0.0,BG-2201_P,True,4,ALLWARA
2023-09-01,0.0,0.0,0.0,0.0,0.0,BG-2201_P,True,5,ALLWARA
2023-10-01,0.0,0.0,0.0,0.0,0.0,BG-2201_P,True,6,ALLWARA
2023-11-01,0.0,0.0,0.0,0.0,0.0,BG-2201_P,True,7,ALLWARA
2023-12-01,0.0,0.0,0.0,0.0,0.0,BG-2201_P,True,8,ALLWARA
2024-01-01,0.0,0.0,0.0,0.0,0.0,BG-2201_P,True,9,ALLWARA
2024-02-01,0.0,0.0,0.0,0.0,0.0,BG-2201_P,True,10,ALLWARA
2024-03-01,0.0,0.0,0.0,0.0,0.0,BG-2201_P,True,11,ALLWARA
2024-04-01,0.0,0.0,0.0,0.0,0.0,BG-2201_P,True,12,ALLWARA
2024-05-01,0.0,0.0,0.0,0.0,0.0,BG-2201_P,True,13,ALLWARA
2024-06-01,0.0,0.0,0.0,0.0,0.0,BG-2201_P,True,14,ALLWARA
2024-07-01,0.0,0.0,0.0,0.0,0.0,BG-2201_P,True,15,ALLWARA
2024-08-01,872.9407501203366,872.9407501203366,1157.18,0.0,355.22,BG-2201_P,True,16,ALLWARA
2024-09-01,922.0089059247729,1794.9496560451094,1058.25,0.0,304.38,BG-2201_P,True,17,ALLWARA
2024-10-01,972.0666482559308,2767.0163043010402,1240.06,0.0,358.13,BG-2201_P,True,18,ALLWARA
2024-11-01,1032.6580956486052,3799.6743999496457,1045.88,0.0,288.85,BG-2201_P,True,19,ALLWARA
2024-12-01,1036.7847014791503,4836.459101428796,973.47,0.0,267.8,BG-2201_P,True,20,ALLWARA
2025-01-01,1039.3490201249745,5875.80812155377,345.85,0.0,118.34,BG-2201_P,True,21,ALLWARA
2025-02-01,1059.1311771871062,6934.939298740876,345.33,0.0,116.31,BG-2201_P,True,22,ALLWARA
2025-03-01,1068.6123862734955,8003.551685014372,427.26,0.0,184.5,BG-2201_P,True,23,ALLWARA
2025-04-01,1071.2017948133991,9074.753479827772,1290.6,0.0,843.85,BG-2201_P,True,24,ALLWARA
2025-05-01,1070.5849110622103,10145.338390889981,1305.88,0.0,872.23,BG-2201_P,True,25,ALLWARA
2025-06-01,1075.0291273989308,11220.367518288913,1288.62,0.0,862.18,BG-2201_P,True,26,ALLWARA
2025-07-01,1063.3382949927716,12283.705813281684,1116.82,0.0,725.81,BG-2201_P,True,27,ALLWARA
2025-08-01,947.4759627576797,13231.181776039364,870.07,0.0,552.71,BG-2201_P,True,28,ALLWARA
2025-09-01,945.6054084994566,14176.787184538822,883.08,0.0,673.7,BG-2201_P,True,29,ALLWARA
2025-10-01,0.0,14176.787184538822,0.0,0.0,0.0,BG-2201_P,True,30,ALLWARA
2025-11-01,0.0,14176.787184538822,0.0,0.0,0.0,BG-2201_P,True,31,ALLWARA
2025-12-01,0.0,14176.787184538822,0.0,0.0,0.0,BG-2201_P,True,32,ALLWARA
2026-01-01,0.0,14176.787184538822,0.0,0.0,0.0,BG-2201_P,True,33,ALLWARA
2026-02-01,0.0,14176.787184538822,0.0,0.0,0.0,BG-2201_P,True,34,ALLWARA
2026-03-01,0.0,14176.787184538822,0.0,0.0,0.0,BG-2201_P,True,35,ALLWARA
2023-04-01,1216.6562433402917,0.03421960739259736,952.61,1216.6220237328992,21.87,BG-1806_P,True,0,ALLWARA
2023-05-01,1132.1763337065627,0.10977014870456075,943.3,1132.1007831652507,107.04,BG-1806_P,True,1,ALLWARA
2023-06-01,1053.5648915379936,0.22325423071110687,976.64,1053.451407455987,123.7,BG-1806_P,True,2,ALLWARA
2023-07-01,980.4134577593705,0.3707459440090297,937.94,980.2659660460727,101.12,BG-1806_P,True,3,ALLWARA
2023-08-01,912.346584355683,0.5524621461626602,854.23,912.1648681535294,85.9,BG-1806_P,True,4,ALLWARA
2023-09-01,849.0083466675532,0.7659148630275141,844.35,848.7948939506883,84.55,BG-1806_P,True,5,ALLWARA
2023-10-01,790.0712435072813,1.00979585068738,852.32,789.8273625196215,351.38,BG-1806_P,True,6,ALLWARA
2023-11-01,735.2311442975464,1.2845130647508607,820.54,734.9564270834829,525.25,BG-1806_P,True,7,ALLWARA
2023-12-01,684.2020826755518,1.589107068656541,818.72,683.8974886716461,497.82,BG-1806_P,True,8,ALLWARA
2024-01-01,636.6928329399042,1.8962200177661859,822.96,636.3857199907945,500.12,BG-1806_P,True,9,ALLWARA
2024-02-01,592.4786047087127,2.200132880746968,862.5,592.1746918457319,476.2,BG-1806_P,True,10,ALLWARA
2024-03-01,551.3681447164447,2.5331826116220024,863.15,551.0350949855697,396.62,BG-1806_P,True,11,ALLWARA
2024-04-01,0.0,2.5331826116220024,0.0,0.0,0.0,BG-1806_P,True,12,ALLWARA
2024-05-01,0.0,2.5331826116220024,0.0,0.0,0.0,BG-1806_P,True,13,ALLWARA
2024-06-01,0.0,2.5331826116220024,0.0,0.0,0.0,BG-1806_P,True,14,ALLWARA
2024-07-01,0.0,2.5331826116220024,0.0,0.0,0.0,BG-1806_P,True,15,ALLWARA
2024-08-01,0.0,2.5331826116220024,0.0,0.0,0.0,BG-1806_P,True,16,ALLWARA
2024-09-01,0.0,2.5331826116220024,0.0,0.0,0.0,BG-1806_P,True,17,ALLWARA
2024-10-01,0.0,2.5331826116220024,0.0,0.0,0.0,BG-1806_P,True,18,ALLWARA
2024-11-01,0.0,2.5331826116220024,0.0,0.0,0.0,BG-1806_P,True,19,ALLWARA
2024-12-01,0.0,2.5331826116220024,0.0,0.0,0.0,BG-1806_P,True,20,ALLWARA
2025-01-01,0.0,2.5331826116220024,0.0,0.0,0.0,BG-1806_P,True,21,ALLWARA
2025-02-01,0.0,2.5331826116220024,0.0,0.0,0.0,BG-1806_P,True,22,ALLWARA
2025-03-01,0.0,2.5331826116220024,0.0,0.0,0.0,BG-1806_P,True,23,ALLWARA
2025-04-01,0.0,2.5331826116220024,0.0,0.0,0.0,BG-1806_P,True,24,ALLWARA
2025-05-01,0.0,2.5331826116220024,0.0,0.0,0.0,BG-1806_P,True,25,ALLWARA
2025-06-01,0.0,2.5331826116220024,0.0,0.0,0.0,BG-1806_P,True,26,ALLWARA
2025-07-01,0.0,2.5331826116220024,0.0,0.0,0.0,BG-1806_P,True,27,ALLWARA
2025-08-01,0.0,2.5331826116220024,0.0,0.0,0.0,BG-1806_P,True,28,ALLWARA
2025-09-01,0.0,2.5331826116220024,0.0,0.0,0.0,BG-1806_P,True,29,ALLWARA
2025-10-01,0.0,2.5331826116220024,0.0,0.0,0.0,BG-1806_P,True,30,ALLWARA
2025-11-01,0.0,2.5331826116220024,0.0,0.0,0.0,BG-1806_P,True,31,ALLWARA
2025-12-01,0.0,2.5331826116220024,0.0,0.0,0.0,BG-1806_P,True,32,ALLWARA
2026-01-01,0.0,2.5331826116220024,0.0,0.0,0.0,BG-1806_P,True,33,ALLWARA
2026-02-01,0.0,2.5331826116220024,0.0,0.0,0.0,BG-1806_P,True,34,ALLWARA
2026-03-01,0.0,2.5331826116220024,0.0,0.0,0.0,BG-1806_P,True,35,ALLWARA
2023-04-01,684.0187417777706,78.87424940408975,571.84,605.1444923736809,4.03,BG-1955_P,True,0,ALLWARA
2023-05-01,654.2935911168246,213.29349882797845,572.83,519.8743416929359,4.18,BG-1955_P,True,1,ALLWARA
2023-06-01,623.3213261387655,389.9953240760867,561.76,446.61950089065715,4.04,BG-1955_P,True,2,ALLWARA
2023-07-01,595.6888152454078,601.9972315847858,558.72,383.68690773670875,4.06,BG-1955_P,True,3,ALLWARA
2023-08-01,573.730590461479,846.1057547720472,566.69,329.62206727421756,3.83,BG-1955_P,True,4,ALLWARA
2023-09-01,555.3077252242524,1118.2380443916884,518.44,283.17543560461127,33.08,BG-1955_P,True,5,ALLWARA
2023-10-01,537.6176082217243,1412.5821121221097,513.86,243.27354049130295,56.54,BG-1955_P,True,6,ALLWARA
2023-11-01,521.8146528745676,1725.4025936738244,530.37,208.99417132285285,46.38,BG-1955_P,True,7,ALLWARA
2023-12-01,512.4190862318175,2058.2766148783685,553.56,179.54506502727324,51.06,BG-1955_P,True,8,ALLWARA
2024-01-01,504.94655645825753,2408.977576009237,546.86,154.245595327389,53.04,BG-1955_P,True,9,ALLWARA
2024-02-01,498.4933540534777,2774.9598879224773,528.78,132.51104214023732,54.11,BG-1955_P,True,10,ALLWARA
2024-03-01,492.7012977725848,3153.822108139414,524.53,113.83907755564807,46.6,BG-1955_P,True,11,ALLWARA
2024-04-01,488.3103808599183,3544.3343329407157,549.83,97.79815605861667,0.51,BG-1955_P,True,12,ALLWARA
2024-05-01,485.2558219405985,3945.572614210448,583.73,84.0175406708661,0.5,BG-1955_P,True,13,ALLWARA
2024-06-01,488.92305967992456,4362.3169393940925,543.24,72.17873449627987,0.49,BG-1955_P,True,14,ALLWARA
2024-07-01,485.58097984372176,4785.889799601304,539.2,62.008119636510614,0.49,BG-1955_P,True,15,ALLWARA
2024-08-01,483.6086235256077,5216.227789779163,538.72,53.27063334774856,0.5,BG-1955_P,True,16,ALLWARA
2024-09-01,482.6113256321684,5653.074780129031,567.6,45.76433528230027,123.07,BG-1955_P,True,17,ALLWARA
2024-10-01,475.34284056495056,6089.101880440645,542.94,39.31574025333624,120.63,BG-1955_P,True,18,ALLWARA
2024-11-01,462.22072443226824,6517.546796219015,530.04,33.77580865389792,112.16,BG-1955_P,True,19,ALLWARA
2024-12-01,450.346111543513,6938.876405901599,529.49,29.016501860928837,110.53,BG-1955_P,True,20,ALLWARA
2025-01-01,440.1016983954459,7354.050281284046,544.67,24.927823012998978,114.16,BG-1955_P,True,21,ALLWARA
2025-02-01,431.75354713077917,7764.3885536465,514.68,21.415274768324885,123.86,BG-1955_P,True,22,ALLWARA
2025-03-01,424.5555762187301,8170.546454578315,511.91,18.397675286915405,127.11,BG-1955_P,True,23,ALLWARA
2025-04-01,418.6334339252638,8573.374606543648,507.01,15.805281959931335,129.56,BG-1955_P,True,24,ALLWARA
2025-05-01,413.16592741739584,8972.962354439058,506.15,13.578179521985355,130.1,BG-1955_P,True,25,ALLWARA
2025-06-01,408.86044995373277,9370.157909100277,477.77,11.664895292514187,102.56,BG-1955_P,True,26,ALLWARA
2025-07-01,401.58329698580786,9761.719996544334,503.86,10.021209541750412,94.89,BG-1955_P,True,27,ALLWARA
2025-08-01,353.24345427684244,10106.354317334644,499.1,8.609133486531663,93.91,BG-1955_P,True,28,ALLWARA
2025-09-01,311.35195755887474,10410.310243598082,505.14,7.396031295437293,98.37,BG-1955_P,True,29,ALLWARA
2025-10-01,274.5582651660451,10678.514642953049,495.11,6.353865811078882,99.46,BG-1955_P,True,30,ALLWARA
2025-11-01,242.27029825997562,10915.326390656308,520.88,5.458550556715846,104.37,BG-1955_P,True,31,ALLWARA
2025-12-01,213.92798754534604,11124.564985150848,489.69,4.689393050805332,103.31,BG-1955_P,True,32,ALLWARA
2026-01-01,189.05893870877554,11309.595307296224,501.68,4.028616563399925,106.09,BG-1955_P,True,33,ALLWARA
2026-02-01,167.22489534984655,11473.359253384819,513.32,3.460949261250984,111.55,BG-1955_P,True,34,ALLWARA
2026-03-01,147.15510195585188,11617.541084094712,440.94,2.973271245959641,58.29,BG-1955_P,True,35,ALLWARA
2023-04-01,0.0,0.0,0.0,0.0,0.0,BG-0301_P,True,0,ALLWARA
2023-05-01,0.0,0.0,0.0,0.0,0.0,BG-0301_P,True,1,ALLWARA
2023-06-01,0.0,0.0,0.0,0.0,0.0,BG-0301_P,True,2,ALLWARA
2023-07-01,0.0,0.0,0.0,0.0,0.0,BG-0301_P,True,3,ALLWARA
2023-08-01,0.0,0.0,0.0,0.0,0.0,BG-0301_P,True,4,ALLWARA
2023-09-01,0.0,0.0,0.0,0.0,0.0,BG-0301_P,True,5,ALLWARA
2023-10-01,0.0,0.0,0.0,0.0,0.0,BG-0301_P,True,6,ALLWARA
2023-11-01,0.0,0.0,0.0,0.0,0.0,BG-0301_P,True,7,ALLWARA
2023-12-01,0.0,0.0,0.0,0.0,0.0,BG-0301_P,True,8,ALLWARA
2024-01-01,0.0,0.0,0.0,0.0,0.0,BG-0301_P,True,9,ALLWARA
2024-02-01,0.0,0.0,0.0,0.0,0.0,BG-0301_P,True,10,ALLWARA
2024-03-01,0.0,0.0,0.0,0.0,0.0,BG-0301_P,True,11,ALLWARA
2024-04-01,0.0,0.0,0.0,0.0,0.0,BG-0301_P,True,12,ALLWARA
2024-05-01,0.0,0.0,0.0,0.0,0.0,BG-0301_P,True,13,ALLWARA
2024-06-01,0.0,0.0,0.0,0.0,0.0,BG-0301_P,True,14,ALLWARA
2024-07-01,0.0,0.0,0.0,0.0,0.0,BG-0301_P,True,15,ALLWARA
2024-08-01,0.0,0.0,0.0,0.0,0.0,BG-0301_P,True,16,ALLWARA
2024-09-01,0.0,0.0,0.0,0.0,0.0,BG-0301_P,True,17,ALLWARA
2024-10-01,0.0,0.0,0.0,0.0,0.0,BG-0301_P,True,18,ALLWARA
2024-11-01,0.0,0.0,0.0,0.0,0.0,BG-0301_P,True,19,ALLWARA
2024-12-01,0.0,0.0,0.0,0.0,0.0,BG-0301_P,True,20,ALLWARA
2025-01-01,0.0,0.0,0.0,0.0,0.0,BG-0301_P,True,21,ALLWARA
2025-02-01,0.0,0.0,0.0,0.0,0.0,BG-0301_P,True,22,ALLWARA
2025-03-01,0.0,0.0,0.0,0.0,0.0,BG-0301_P,True,23,ALLWARA
2025-04-01,1800.4297492391224,1800.4297492391224,1352.74,0.0,1046.46,BG-0301_P,True,24,ALLWARA
2025-05-01,1805.2544667834436,3605.684216022566,1356.46,0.0,1044.18,BG-0301_P,True,25,ALLWARA
2025-06-01,1812.3588961861585,5418.043112208725,2005.2,0.0,246.88,BG-0301_P,True,26,ALLWARA
2025-07-01,1790.9735443252607,7209.016656533986,2152.91,0.0,205.03,BG-0301_P,True,27,ALLWARA
2025-08-01,1899.2774029424081,9108.294059476393,2269.4,0.0,177.14,BG-0301_P,True,28,ALLWARA
2025-09-01,1952.9334878340248,11061.227547310418,2136.06,0.0,172.16,BG-0301_P,True,29,ALLWARA
2025-10-01,2010.5608368527512,13071.78838416317,2151.37,0.0,178.85,BG-0301_P,True,30,ALLWARA
2025-11-01,2027.2218047401116,15099.010188903281,2147.54,0.0,178.9,BG-0301_P,True,31,ALLWARA
2025-12-01,2037.4174315200678,17136.42762042335,2126.23,0.0,178.64,BG-0301_P,True,32,ALLWARA
2026-01-01,2010.709436389278,19147.13705681263,2261.29,0.0,173.11,BG-0301_P,True,33,ALLWARA
2026-02-01,2035.171638184269,21182.3086949969,1445.07,0.0,234.21,BG-0301_P,True,34,ALLWARA
2026-03-01,1120.9716239160139,22303.280318912915,1122.85,0.0,239.72,BG-0301_P,True,35,ALLWARA
2023-04-01,1807.269041913276,1247.7750805272372,1905.76,559.4939613860388,851.84,BG-0766_P,True,0,ALLWARA
2023-05-01,2270.813494482975,2987.0062075029555,1996.13,531.5823675072565,869.97,BG-0766_P,True,1,ALLWARA
2023-06-01,2420.088273558607,4902.031275831281,2084.65,505.0632052302812,903.2,BG-0766_P,True,2,ALLWARA
2023-07-01,2424.0675850902007,6846.23185089692,2062.99,479.8670100245622,928.46,BG-0766_P,True,3,ALLWARA
2023-08-01,2464.692188524725,8854.996256670333,1949.53,455.9277827513126,1059.13,BG-0766_P,True,4,ALLWARA
2023-09-01,2451.1224452446413,10872.935885130199,2871.3,433.1828167847757,526.33,BG-0766_P,True,5,ALLWARA
2023-10-01,2440.396206687276,12901.759558059544,3165.31,411.57253375792965,496.41,BG-0766_P,True,6,ALLWARA
2023-11-01,0.0,12901.759558059544,0.0,0.0,0.0,BG-0766_P,True,7,ALLWARA
2023-12-01,0.0,12901.759558059544,0.0,0.0,0.0,BG-0766_P,True,8,ALLWARA
2024-01-01,0.0,12901.759558059544,0.0,0.0,0.0,BG-0766_P,True,9,ALLWARA
2024-02-01,0.0,12901.759558059544,0.0,0.0,0.0,BG-0766_P,True,10,ALLWARA
2024-03-01,0.0,12901.759558059544,0.0,0.0,0.0,BG-0766_P,True,11,ALLWARA
2024-04-01,1688.5220178713246,14287.522364510094,2133.77,302.7592114207741,297.3,BG-0766_P,True,12,ALLWARA
2024-05-01,1943.5807457373253,15943.447711799538,2166.72,287.6553984478824,298.74,BG-0766_P,True,13,ALLWARA
2024-06-01,0.0,15943.447711799538,0.12,0.0,0.02,BG-0766_P,True,14,ALLWARA
2024-07-01,0.0,15943.447711799538,0.0,0.0,0.0,BG-0766_P,True,15,ALLWARA
2024-08-01,0.0,15943.447711799538,0.0,0.0,0.0,BG-0766_P,True,16,ALLWARA
2024-09-01,0.0,15943.447711799538,0.0,0.0,0.0,BG-0766_P,True,17,ALLWARA
2024-10-01,0.0,15943.447711799538,0.0,0.0,0.0,BG-0766_P,True,18,ALLWARA
2024-11-01,0.0,15943.447711799538,0.0,0.0,0.0,BG-0766_P,True,19,ALLWARA
2024-12-01,0.0,15943.447711799538,0.0,0.0,0.0,BG-0766_P,True,20,ALLWARA
2025-01-01,0.0,15943.447711799538,0.0,0.0,0.0,BG-0766_P,True,21,ALLWARA
2025-02-01,0.0,15943.447711799538,0.0,0.0,0.0,BG-0766_P,True,22,ALLWARA
2025-03-01,0.0,15943.447711799538,0.0,0.0,0.0,BG-0766_P,True,23,ALLWARA
2025-04-01,0.0,15943.447711799538,0.0,0.0,0.0,BG-0766_P,True,24,ALLWARA
2025-05-01,0.0,15943.447711799538,0.0,0.0,0.0,BG-0766_P,True,25,ALLWARA
2025-06-01,0.0,15943.447711799538,0.0,0.0,0.0,BG-0766_P,True,26,ALLWARA
2025-07-01,0.0,15943.447711799538,0.0,0.0,0.0,BG-0766_P,True,27,ALLWARA
2025-08-01,0.0,15943.447711799538,0.0,0.0,0.0,BG-0766_P,True,28,ALLWARA
2025-09-01,0.0,15943.447711799538,0.0,0.0,0.0,BG-0766_P,True,29,ALLWARA
2025-10-01,0.0,15943.447711799538,0.0,0.0,0.0,BG-0766_P,True,30,ALLWARA
2025-11-01,0.0,15943.447711799538,0.0,0.0,0.0,BG-0766_P,True,31,ALLWARA
2025-12-01,0.0,15943.447711799538,0.0,0.0,0.0,BG-0766_P,True,32,ALLWARA
2026-01-01,0.0,15943.447711799538,0.0,0.0,0.0,BG-0766_P,True,33,ALLWARA
2026-02-01,0.0,15943.447711799538,0.0,0.0,0.0,BG-0766_P,True,34,ALLWARA
2026-03-01,0.0,15943.447711799538,0.0,0.0,0.0,BG-0766_P,True,35,ALLWARA
2023-04-01,478.6448296982194,435.21888182927876,503.81,43.425947868940646,226.37,BG-1585_P,True,0,ALLWARA
2023-05-01,760.3239939481363,1189.1931019302115,502.88,6.3497738472035605,219.17,BG-1585_P,True,1,ALLWARA
2023-06-01,993.3257710034339,2181.5904043592273,521.1,0.9284685744181058,225.77,BG-1585_P,True,2,ALLWARA
2023-07-01,1150.6583216117797,3332.112964617229,1363.46,0.1357613537782355,745.48,BG-1585_P,True,3,ALLWARA
2023-08-01,1277.208166943631,4609.301280436452,1841.53,0.019851124408007518,976.73,BG-1585_P,True,4,ALLWARA
2023-09-01,1370.5166125111411,5979.814990301668,1821.43,0.0029026459245971867,925.81,BG-1585_P,True,5,ALLWARA
2023-10-01,1425.1773248101879,7404.991890684847,1684.8,0.0004244270092923326,823.48,BG-1585_P,True,6,ALLWARA
2023-11-01,1467.8899453335027,8872.881773958321,1204.14,6.206002760802882e-05,712.2,BG-1585_P,True,7,ALLWARA
2023-12-01,1501.255041194546,10374.136806078404,1205.87,9.074462610499258e-06,679.43,BG-1585_P,True,8,ALLWARA
2024-01-01,1452.3852769666482,11826.522081718178,1212.2,1.3268745574759608e-06,682.56,BG-1585_P,True,9,ALLWARA
2024-02-01,1432.9861166893631,13259.508198213525,1230.36,1.9401656790562963e-07,735.6,BG-1585_P,True,10,ALLWARA
2024-03-01,1413.73689425989,14673.245092445046,1209.25,2.8369244409573192e-08,790.21,BG-1585_P,True,11,ALLWARA
2024-04-01,1395.9639128898082,16069.209005330706,1238.81,4.148171659038749e-09,683.67,BG-1585_P,True,12,ALLWARA
2024-05-01,1385.9621893114697,17455.171194641567,1274.03,6.065486928176938e-10,591.27,BG-1585_P,True,13,ALLWARA
2024-06-01,1437.761876335181,18892.93307097666,1315.88,8.868999332686883e-11,674.12,BG-1585_P,True,14,ALLWARA
2024-07-01,1426.8890020581682,20319.822073034815,1451.97,1.2968315667748445e-11,915.62,BG-1585_P,True,15,ALLWARA
2024-08-01,1452.1016509024757,21771.92372393729,1471.2,1.8962365984012263e-12,892.99,BG-1585_P,True,16,ALLWARA
2024-09-01,1471.8277733399555,23243.751497277244,1471.52,2.7726910180468744e-13,807.3,BG-1585_P,True,17,ALLWARA
2024-10-01,1490.4783048177326,24734.22980209498,1473.24,4.0542490784323216e-14,782.63,BG-1585_P,True,18,ALLWARA
2024-11-01,1509.8706359789896,26244.10043807397,1379.2,5.9281526441225155e-15,779.08,BG-1585_P,True,19,ALLWARA
2024-12-01,1521.7261518793712,27765.82658995334,1348.79,8.668188138456876e-16,847.24,BG-1585_P,True,20,ALLWARA
2025-01-01,1532.1086562016374,29297.93524615498,1361.81,1.2674688071363982e-16,822.68,BG-1585_P,True,21,ALLWARA
2025-02-01,1546.0331136962639,30843.968359851242,1362.12,1.8533021565793464e-17,746.12,BG-1585_P,True,22,ALLWARA
2025-03-01,1556.493074940857,32400.461434792098,1389.73,2.7099119633103755e-18,779.1,BG-1585_P,True,23,ALLWARA
2025-04-01,1568.2078092044767,33968.66924399658,1455.88,3.9624530856030917e-19,997.46,BG-1585_P,True,24,ALLWARA
2025-05-01,1575.7281571712304,35544.39740116781,1461.68,5.793927872263931e-20,889.49,BG-1585_P,True,25,ALLWARA
2025-06-01,1584.9032707234583,37129.300671891266,1511.04,8.471923695694055e-21,988.63,BG-1585_P,True,26,ALLWARA
2025-07-01,1493.742690676562,38623.04336256783,1489.96,1.2387708768217284e-21,1032.7,BG-1585_P,True,27,ALLWARA
2025-08-01,1309.0419124028272,39932.085274970654,1467.67,1.8113398330554211e-22,1067.68,BG-1585_P,True,28,ALLWARA
2025-09-01,1244.8953077738045,41176.98058274446,1413.29,2.6485543470565484e-23,1037.79,BG-1585_P,True,29,ALLWARA
2025-10-01,1184.2080868988428,42361.1886696433,1455.29,3.8727355305157185e-24,1078.14,BG-1585_P,True,30,ALLWARA
2025-11-01,1167.8958765374832,43529.084546180784,1454.83,5.662742207267475e-25,1078.43,BG-1585_P,True,31,ALLWARA
2025-12-01,1157.983846370942,44687.06839255172,1449.02,8.280103057204714e-26,1076.7,BG-1585_P,True,32,ALLWARA
2026-01-01,1152.9956623296653,45840.06405488139,1264.16,1.2107227228168953e-26,885.26,BG-1585_P,True,33,ALLWARA
2026-02-01,1149.658637716063,46989.722692597454,1204.57,1.7703276172024306e-27,809.9,BG-1585_P,True,34,ALLWARA
2026-03-01,888.3568351792404,47878.079527776696,1146.28,2.588585985185621e-28,770.78,BG-1585_P,True,35,ALLWARA
2023-04-01,2307.7438551251557,8.978899119074821,2410.6,2298.764956006081,1321.01,BG-1583_P,True,0,ALLWARA
2023-05-01,2260.819594892313,25.228070014782734,2393.98,2244.5704239966053,1285.02,BG-1583_P,True,1,ALLWARA
2023-06-01,2213.801071112664,47.37558597947425,2478.14,2191.6535551479724,1323.75,BG-1583_P,True,2,ALLWARA
2023-07-01,2166.981536862265,74.37289492873153,3029.24,2139.9842279130075,2072.97,BG-1583_P,True,3,ALLWARA
2023-08-01,2121.1332587097227,105.97312276339981,3076.82,2089.5330308750545,2267.43,BG-1583_P,True,4,ALLWARA
2023-09-01,2075.9001951343403,141.60207189144563,3032.14,2040.2712460062946,2231.78,BG-1583_P,True,5,ALLWARA
2023-10-01,0.0,141.60207189144563,0.0,0.0,0.0,BG-1583_P,True,6,ALLWARA
2023-11-01,0.0,141.60207189144563,0.0,0.0,0.0,BG-1583_P,True,7,ALLWARA
2023-12-01,0.0,141.60207189144563,0.0,0.0,0.0,BG-1583_P,True,8,ALLWARA
2024-01-01,0.0,141.60207189144563,0.0,0.0,0.0,BG-1583_P,True,9,ALLWARA
2024-02-01,0.0,141.60207189144563,0.0,0.0,0.0,BG-1583_P,True,10,ALLWARA
2024-03-01,0.0,141.60207189144563,0.0,0.0,0.0,BG-1583_P,True,11,ALLWARA
2024-04-01,0.0,141.60207189144563,0.0,0.0,0.0,BG-1583_P,True,12,ALLWARA
2024-05-01,0.0,141.60207189144563,0.0,0.0,0.0,BG-1583_P,True,13,ALLWARA
2024-06-01,0.0,141.60207189144563,0.0,0.0,0.0,BG-1583_P,True,14,ALLWARA
2024-07-01,0.0,141.60207189144563,0.0,0.0,0.0,BG-1583_P,True,15,ALLWARA
2024-08-01,0.0,141.60207189144563,0.0,0.0,0.0,BG-1583_P,True,16,ALLWARA
2024-09-01,0.0,141.60207189144563,0.0,0.0,0.0,BG-1583_P,True,17,ALLWARA
2024-10-01,0.0,141.60207189144563,0.0,0.0,0.0,BG-1583_P,True,18,ALLWARA
2024-11-01,0.0,141.60207189144563,0.0,0.0,0.0,BG-1583_P,True,19,ALLWARA
2024-12-01,0.0,141.60207189144563,0.0,0.0,0.0,BG-1583_P,True,20,ALLWARA
2025-01-01,0.0,141.60207189144563,0.0,0.0,0.0,BG-1583_P,True,21,ALLWARA
2025-02-01,0.0,141.60207189144563,0.0,0.0,0.0,BG-1583_P,True,22,ALLWARA
2025-03-01,0.0,141.60207189144563,0.0,0.0,0.0,BG-1583_P,True,23,ALLWARA
2025-04-01,0.0,141.60207189144563,0.0,0.0,0.0,BG-1583_P,True,24,ALLWARA
2025-05-01,0.0,141.60207189144563,0.0,0.0,0.0,BG-1583_P,True,25,ALLWARA
2025-06-01,1296.209809054703,201.57999254251274,2125.29,1236.231888403636,1240.76,BG-1583_P,True,26,ALLWARA
2025-07-01,1267.064961902995,261.557850275762,1691.45,1207.0871041697458,1044.29,BG-1583_P,True,27,ALLWARA
2025-08-01,1238.5930749549075,321.52150244945983,1650.94,1178.6294227812098,973.03,BG-1583_P,True,28,ALLWARA
2025-09-01,1210.7996080695877,381.4784650737881,1584.6,1150.8426454452594,857.72,BG-1583_P,True,29,ALLWARA
2025-10-01,1183.9175226660536,441.685032476085,1621.22,1123.7109552637567,909.63,BG-1583_P,True,30,ALLWARA
2025-11-01,1157.6191037609317,502.0852280071798,1562.38,1097.2189082298369,817.3,BG-1583_P,True,31,ALLWARA
2025-12-01,1131.9645846298622,562.6983882002315,1481.2,1071.3514244368105,640.42,BG-1583_P,True,32,ALLWARA
2026-01-01,1106.84617271425,623.4507814201603,1509.51,1046.0937794943213,767.67,BG-1583_P,True,33,ALLWARA
2026-02-01,1082.2570597602305,684.2762450335209,1571.1,1021.4315961468698,759.6,BG-1583_P,True,34,ALLWARA
2026-03-01,1054.5893285129598,741.5147374565453,1766.33,997.3508360899356,854.12,BG-1583_P,True,35,ALLWARA
2023-04-01,783.3917708878889,51.42364657661769,804.26,731.9681243112713,135.2,BG-1076_P,True,0,ALLWARA
2023-05-01,772.1258740647016,198.19795701348966,814.5,625.3515636278297,124.49,BG-1076_P,True,1,ALLWARA
2023-06-01,799.9489429456672,463.8824079094043,848.43,534.2644920497526,121.92,BG-1076_P,True,2,ALLWARA
2023-07-01,828.5460842304767,835.9835672894883,823.08,456.4449248503926,125.34,BG-1076_P,True,3,ALLWARA
2023-08-01,860.9154605155129,1306.9386757285265,840.94,389.9603520764748,157.34,BG-1076_P,True,4,ALLWARA
2023-09-01,889.4285850508344,1863.207512664183,905.98,333.159748115178,178.15,BG-1076_P,True,5,ALLWARA
2023-10-01,907.2774970077887,2485.852438249937,981.9,284.63257142203435,176.29,BG-1076_P,True,6,ALLWARA
2023-11-01,914.9097278766322,3157.5884298854457,1026.22,243.17373624112372,176.21,BG-1076_P,True,7,ALLWARA
2023-12-01,927.6139482601892,3877.4486916928345,1060.78,207.75368645280022,202.27,BG-1076_P,True,8,ALLWARA
2024-01-01,924.2333317364933,4624.189195042915,1051.68,177.49282838641216,232.95,BG-1076_P,True,9,ALLWARA
2024-02-01,936.7559130451181,5409.305420405448,1043.99,151.6396876825852,245.77,BG-1076_P,True,10,ALLWARA
2024-03-01,940.6208985401192,6220.374071175807,970.18,129.55224776976013,257.62,BG-1076_P,True,11,ALLWARA
2024-04-01,933.5173020134356,7043.209366659861,986.08,110.68200652938181,256.66,BG-1076_P,True,12,ALLWARA
2024-05-01,917.3514782591999,7866.000489693564,996.31,94.56035522549703,273.1,BG-1076_P,True,13,ALLWARA
2024-06-01,920.8716435977939,8706.085191847551,736.31,80.78694144380653,174.69,BG-1076_P,True,14,ALLWARA
2024-07-01,919.4194779690143,9556.484942762016,665.63,69.0197270545493,111.73,BG-1076_P,True,15,ALLWARA
2024-08-01,929.0763872687276,10426.59483572426,681.82,58.96649430648411,111.55,BG-1076_P,True,16,ALLWARA
2024-09-01,938.5521024697836,11314.769349073058,674.36,50.37758912098507,110.17,BG-1076_P,True,17,ALLWARA
2024-10-01,943.981551064818,12215.711178758955,677.31,43.039721378920774,110.86,BG-1076_P,True,18,ALLWARA
2024-11-01,942.4231246225818,13121.36363514002,646.05,36.770668241515644,124.19,BG-1076_P,True,19,ALLWARA
2024-12-01,937.8534398736421,14027.802326042034,718.07,31.414748971627997,138.51,BG-1076_P,True,20,ALLWARA
2025-01-01,935.526261673448,14936.489628834768,884.93,26.838958880713673,195.63,BG-1076_P,True,21,ALLWARA
2025-02-01,932.003135161445,15845.56309760126,875.1,22.92966639495352,224.98,BG-1076_P,True,22,ALLWARA
2025-03-01,932.1944692104403,16758.167775593618,883.35,19.58979121808171,232.16,BG-1076_P,True,23,ALLWARA
2025-04-01,935.6324773171154,17677.063859395104,888.3,16.736393515628784,239.23,BG-1076_P,True,24,ALLWARA
2025-05-01,940.045089092412,18602.81033423524,938.93,14.298614252276343,220.92,BG-1076_P,True,25,ALLWARA
2025-06-01,946.2249656463056,19536.819384347265,969.91,12.21591553428045,227.47,BG-1076_P,True,26,ALLWARA
2025-07-01,945.3348913829618,20471.717698471217,954.88,10.43657725901076,227.72,BG-1076_P,True,27,ALLWARA
2025-08-01,865.7176587401442,21328.51894447278,953.3,8.916412738582048,228.98,BG-1076_P,True,28,ALLWARA
2025-09-01,801.6027187932822,22122.503991863676,902.3,7.617671402385031,222.5,BG-1076_P,True,29,ALLWARA
2025-10-01,740.6039556939638,22856.599846228546,913.94,6.508101329093801,231.16,BG-1076_P,True,30,ALLWARA
2025-11-01,701.8409612872367,23552.880659187977,912.65,5.560148327806763,231.22,BG-1076_P,True,31,ALLWARA
2025-12-01,670.7516223514997,24218.882009860543,864.29,4.750271678931744,228.44,BG-1076_P,True,32,ALLWARA
2026-01-01,644.9511967336961,24859.774847051776,789.07,4.058359542462413,215.23,BG-1076_P,True,33,ALLWARA
2026-02-01,624.5200270520505,25480.827644587473,831.9,3.467229516354656,217.01,BG-1076_P,True,34,ALLWARA
2026-03-01,539.3997090294184,26017.26515167463,791.44,2.96220194226231,206.5,BG-1076_P,True,35,ALLWARA
2023-04-01,4424.0585107791185,71.59774813981723,3306.17,4352.460762639301,55.8,BG-1895_P,True,0,ALLWARA
2023-05-01,4406.10817928387,211.42966226493627,4349.68,4266.276265158752,37.98,BG-1895_P,True,1,ALLWARA
2023-06-01,4383.781213855271,413.4125410515003,4562.25,4181.798335068707,49.74,BG-1895_P,True,2,ALLWARA
2023-07-01,4352.759237943418,667.1785989241736,4296.21,4098.9931800707445,448.53,BG-1895_P,True,3,ALLWARA
2023-08-01,4322.797247231815,972.1481691572069,3814.75,4017.827676998782,1768.1,BG-1895_P,True,4,ALLWARA
2023-09-01,4283.798021003488,1317.676831591326,3761.06,3938.269358569369,1761.1,BG-1895_P,True,5,ALLWARA
2023-10-01,4259.48771951796,1716.8781507149436,3956.87,3860.286400394342,1742.98,BG-1895_P,True,6,ALLWARA
2023-11-01,4195.640066802361,2128.6706092666604,4078.41,3783.8476082506436,1742.29,BG-1895_P,True,7,ALLWARA
2023-12-01,4083.5628552437593,2503.3110589082,4002.57,3708.92240560222,1978.54,BG-1895_P,True,8,ALLWARA
2024-01-01,3964.090341474093,2831.9205790132974,4183.4,3635.4808213689953,1673.78,BG-1895_P,True,9,ALLWARA
2024-02-01,3851.600761260433,3120.027862335688,4213.58,3563.4934779380424,1761.6,BG-1895_P,True,10,ALLWARA
2024-03-01,3803.4738405885128,3430.570123512057,4041.84,3492.931579412144,1812.88,BG-1895_P,True,11,ALLWARA
2024-04-01,3800.7842836336213,3807.5875070546244,4026.06,3423.7669000910537,2089.56,BG-1895_P,True,12,ALLWARA
2024-05-01,3856.258252441743,4307.873986315535,4088.21,3355.9717731808328,1120.91,BG-1895_P,True,13,ALLWARA
2024-06-01,3917.845073464911,4936.199980053674,3957.89,3289.5190797267715,572.56,BG-1895_P,True,14,ALLWARA
2024-07-01,3946.6772549788193,5658.494997267053,4037.21,3224.38223776544,555.16,BG-1895_P,True,15,ALLWARA
2024-08-01,4001.7982306225254,6499.758036198027,4138.89,3160.535191691551,554.18,BG-1895_P,True,16,ALLWARA
2024-09-01,3973.0245111445215,7374.830145507179,4043.37,3097.95240183537,620.15,BG-1895_P,True,17,ALLWARA
2024-10-01,3883.2977177933026,8221.519029053976,3689.76,3036.608834246506,1132.07,BG-1895_P,True,18,ALLWARA
2024-11-01,3780.3693623931063,9025.408440767083,3560.44,2976.479950679998,1142.36,BG-1895_P,True,19,ALLWARA
2024-12-01,3691.887507799491,9799.754249785885,3629.87,2917.5416987806902,1182.05,BG-1895_P,True,20,ALLWARA
2025-01-01,3641.6588307426473,10581.642578066563,3673.36,2859.7705024619695,1154.88,BG-1895_P,True,21,ALLWARA
2025-02-01,3710.739680235071,11489.239005826617,3573.85,2803.1432524750157,1485.47,BG-1895_P,True,22,ALLWARA
2025-03-01,3770.9302967444555,12512.53200540628,3524.2,2747.6372971647934,2029.93,BG-1895_P,True,23,ALLWARA
2025-04-01,3817.4465624141667,13636.748134411357,3575.83,2693.2304334090895,2128.05,BG-1895_P,True,24,ALLWARA
2025-05-01,3852.922705014846,14849.769941689236,3537.45,2639.9008977369667,1753.74,BG-1895_P,True,25,ALLWARA
2025-06-01,3879.4662195563214,16141.60880362247,3620.9,2587.6273576230874,1508.59,BG-1895_P,True,26,ALLWARA
2025-07-01,3923.6297807092424,17528.849681377298,4258.39,2536.3889029544152,1767.23,BG-1895_P,True,27,ALLWARA
2025-08-01,3957.1905931910173,18999.875236902422,4614.86,2486.165037665894,1912.63,BG-1895_P,True,28,ALLWARA
2025-09-01,3980.2883020214276,20543.227867382102,4395.04,2436.935671541749,1858.72,BG-1895_P,True,29,ALLWARA
2025-10-01,4003.317129749849,22157.86388495282,4479.61,2388.681112179129,2092.07,BG-1895_P,True,30,ALLWARA
2025-11-01,4018.370661724781,23834.852489566714,4476.3,2341.3820571108868,2335.07,BG-1895_P,True,31,ALLWARA
2025-12-01,4027.253592871434,25567.086496353815,4449.63,2295.019586084333,2331.49,BG-1895_P,True,32,ALLWARA
2026-01-01,4029.1750722037114,27346.686415064643,4512.8,2249.575153492882,2243.42,BG-1895_P,True,33,ALLWARA
2026-02-01,4028.0068573745903,29169.66269148167,4460.61,2205.0305809575634,1670.04,BG-1895_P,True,34,ALLWARA
2026-03-01,3828.2942718056647,30836.588913231906,4249.26,2161.368050055428,1553.37,BG-1895_P,True,35,ALLWARA
2023-04-01,1642.9672530360272,388.28934651703474,2258.86,1254.6779065189924,2108.94,BG-0300_P,True,0,ALLWARA
2023-05-01,1882.2728846297784,1104.1907113628054,2237.54,1166.371519784008,2062.85,BG-0300_P,True,1,ALLWARA
2023-06-01,2080.3995202315355,2100.309943326857,2334.05,1084.2802882674837,2037.86,BG-0300_P,True,2,ALLWARA
2023-07-01,2237.8640750426275,3330.2072397026577,2379.5,1007.9667786668267,2095.05,BG-0300_P,True,3,ALLWARA
2023-08-01,2383.2923750510627,4776.475269766881,2345.35,937.024344986839,2083.65,BG-0300_P,True,4,ALLWARA
2023-09-01,2507.4688707290024,6412.869178819757,2309.89,871.0749616761266,2051.08,BG-0300_P,True,5,ALLWARA
2023-10-01,2615.6394274394765,8218.741396988142,2159.71,809.7672092710915,1994.79,BG-0300_P,True,6,ALLWARA
2023-11-01,0.0,8218.741396988142,0.0,0.0,0.0,BG-0300_P,True,7,ALLWARA
2023-12-01,0.0,8218.741396988142,0.0,0.0,0.0,BG-0300_P,True,8,ALLWARA
2024-01-01,0.0,8218.741396988142,0.0,0.0,0.0,BG-0300_P,True,9,ALLWARA
2024-02-01,0.0,8218.741396988142,0.0,0.0,0.0,BG-0300_P,True,10,ALLWARA
2024-03-01,0.0,8218.741396988142,0.0,0.0,0.0,BG-0300_P,True,11,ALLWARA
2024-04-01,0.0,8218.741396988142,0.0,0.0,0.0,BG-0300_P,True,12,ALLWARA
2024-05-01,2417.5753861865164,10150.47733115254,2298.15,485.8394520221178,2021.25,BG-0300_P,True,13,ALLWARA
2024-06-01,2383.1851613753333,12082.017255864508,2357.69,451.64523666336606,2095.48,BG-0300_P,True,14,ALLWARA
2024-07-01,2325.8949671935197,13988.054554127055,2301.28,419.85766893097366,2031.59,BG-0300_P,True,15,ALLWARA
2024-08-01,2230.8147750712296,15828.561964368171,2214.62,390.30736483011276,1963.04,BG-0300_P,True,16,ALLWARA
2024-09-01,2146.090875591644,17611.815978057282,1950.95,362.8368619025321,1769.99,BG-0300_P,True,17,ALLWARA
2024-10-01,2098.2530835761586,19372.769281465113,1935.49,337.2997801683299,1753.16,BG-0300_P,True,18,ALLWARA
2024-11-01,2087.477150436171,21146.6863897792,1943.75,313.56004212208666,1755.99,BG-0300_P,True,19,ALLWARA
2024-12-01,2076.39033403838,22931.58557619057,2017.92,291.49114762701015,1789.15,BG-0300_P,True,20,ALLWARA
2025-01-01,2067.38839238138,24727.998468728674,2019.97,270.975499843277,1781.87,BG-0300_P,True,21,ALLWARA
2025-02-01,2062.083800660309,26538.178490790287,2035.43,251.90377859869477,1781.5,BG-0300_P,True,22,ALLWARA
2025-03-01,2050.4968257072032,28354.500958634875,2086.52,234.174357862614,1868.66,BG-0300_P,True,23,ALLWARA
2025-04-01,2045.6298271609644,30182.438021576814,2161.71,217.69276421902683,1808.83,BG-0300_P,True,24,ALLWARA
2025-05-01,2039.118289505786,32019.18513762934,2099.42,202.37117345325987,1956.23,BG-0300_P,True,25,ALLWARA
2025-06-01,2036.0459276178578,33867.103122677436,2141.2,188.12794256976002,1849.37,BG-0300_P,True,26,ALLWARA
2025-07-01,2022.3780733423653,35714.594021272525,2120.18,174.8871747472729,1790.41,BG-0300_P,True,27,ALLWARA
2025-08-01,1984.1260875112366,37536.14179387054,2131.46,162.57831491322293,1759.6,BG-0300_P,True,28,ALLWARA
2025-09-01,1947.4330369545623,39332.43905704284,2055.74,151.1357737822638,1827.25,BG-0300_P,True,29,ALLWARA
2025-10-01,1913.4069835905616,41105.34746227776,2127.6,140.49857835564163,1873.27,BG-0300_P,True,30,ALLWARA
2025-11-01,1892.0520305575772,42866.78944581632,1980.68,130.61004701901282,1796.27,BG-0300_P,True,31,ALLWARA
2025-12-01,1873.3022249520598,44618.67418326094,1917.37,121.4174875074368,1762.43,BG-0300_P,True,32,ALLWARA
2026-01-01,1855.751695943284,46361.55396307611,1874.52,112.87191612811041,1705.05,BG-0300_P,True,33,ALLWARA
2026-02-01,1840.7667856810704,48097.392952012495,1905.46,104.92779674468933,1688.35,BG-0300_P,True,34,ALLWARA
2026-03-01,1688.9379278020454,49688.7880816822,1813.56,97.54279813234137,1606.98,BG-0300_P,True,35,ALLWARA
2023-04-01,0.0,0.0,0.0,0.0,0.0,BG-0092_P,True,0,ALLWARA
2023-05-01,0.0,0.0,0.0,0.0,0.0,BG-0092_P,True,1,ALLWARA
2023-06-01,0.0,0.0,0.0,0.0,0.0,BG-0092_P,True,2,ALLWARA
2023-07-01,0.0,0.0,0.0,0.0,0.0,BG-0092_P,True,3,ALLWARA
2023-08-01,0.0,0.0,0.0,0.0,0.0,BG-0092_P,True,4,ALLWARA
2023-09-01,0.0,0.0,0.0,0.0,0.0,BG-0092_P,True,5,ALLWARA
2023-10-01,1076.5975393128956,1076.5975393128956,984.5,0.0,694.33,BG-0092_P,True,6,ALLWARA
2023-11-01,1069.0954775032608,2145.693016816156,1340.79,0.0,5.64,BG-0092_P,True,7,ALLWARA
2023-12-01,1053.8441453990254,3199.5371622151815,1433.5,0.0,6.69,BG-0092_P,True,8,ALLWARA
2024-01-01,1049.2829588376248,4248.820121052806,1440.74,0.0,9.6,BG-0092_P,True,9,ALLWARA
2024-02-01,1059.693938558659,5308.514059611465,1404.67,0.0,11.82,BG-0092_P,True,10,ALLWARA
2024-03-01,1058.3816327055172,6366.895692316983,1255.65,0.0,13.4,BG-0092_P,True,11,ALLWARA
2024-04-01,1062.240803262427,7429.13649557941,1284.91,0.0,13.75,BG-0092_P,True,12,ALLWARA
2024-05-01,1061.2185568133496,8490.355052392759,1306.8,0.0,13.82,BG-0092_P,True,13,ALLWARA
2024-06-01,1169.0463254195408,9659.401377812299,1238.65,0.0,14.32,BG-0092_P,True,14,ALLWARA
2024-07-01,1121.9820640714738,10781.383441883772,1087.12,0.0,5.02,BG-0092_P,True,15,ALLWARA
2024-08-01,1404.880892953605,12186.264334837379,1445.59,0.0,103.3,BG-0092_P,True,16,ALLWARA
2024-09-01,1487.423847503239,13673.688182340618,1534.02,0.0,126.7,BG-0092_P,True,17,ALLWARA
2024-10-01,1634.5140418212795,15308.202224161898,1589.23,0.0,122.39,BG-0092_P,True,18,ALLWARA
2024-11-01,1836.9698982339028,17145.1721223958,1880.47,0.0,96.79,BG-0092_P,True,19,ALLWARA
2024-12-01,1891.4202035891144,19036.592325984915,1917.47,0.0,59.85,BG-0092_P,True,20,ALLWARA
2025-01-01,1908.786125210899,20945.378451195815,1999.99,0.0,19.84,BG-0092_P,True,21,ALLWARA
2025-02-01,1937.2763891132468,22882.65484030906,1990.67,0.0,32.38,BG-0092_P,True,22,ALLWARA
2025-03-01,1961.7116583402333,24844.366498649295,1582.46,0.0,436.67,BG-0092_P,True,23,ALLWARA
2025-04-01,1969.1851034370316,26813.551602086325,1592.23,0.0,450.03,BG-0092_P,True,24,ALLWARA
2025-05-01,1972.8003768563076,28786.351978942632,1609.87,0.0,445.81,BG-0092_P,True,25,ALLWARA
2025-06-01,0.0,28786.351978942632,0.0,0.0,0.0,BG-0092_P,True,26,ALLWARA
2025-07-01,0.0,28786.351978942632,0.0,0.0,0.0,BG-0092_P,True,27,ALLWARA
2025-08-01,0.0,28786.351978942632,0.0,0.0,0.0,BG-0092_P,True,28,ALLWARA
2025-09-01,0.0,28786.351978942632,0.0,0.0,0.0,BG-0092_P,True,29,ALLWARA
2025-10-01,0.0,28786.351978942632,0.0,0.0,0.0,BG-0092_P,True,30,ALLWARA
2025-11-01,0.0,28786.351978942632,0.0,0.0,0.0,BG-0092_P,True,31,ALLWARA
2025-12-01,0.0,28786.351978942632,0.0,0.0,0.0,BG-0092_P,True,32,ALLWARA
2026-01-01,0.0,28786.351978942632,0.0,0.0,0.0,BG-0092_P,True,33,ALLWARA
2026-02-01,0.0,28786.351978942632,0.0,0.0,0.0,BG-0092_P,True,34,ALLWARA
2026-03-01,0.0,28786.351978942632,0.0,0.0,0.0,BG-0092_P,True,35,ALLWARA
2023-04-01,1613.6832355667636,118.09565424953816,1487.28,1495.5875813172254,780.85,BG-1899_P,True,0,ALLWARA
2023-05-01,1580.6217130581322,319.7227168743154,1474.9,1378.994650433355,791.68,BG-1899_P,True,1,ALLWARA
2023-06-01,1560.6914620850305,608.9231143912846,1521.57,1271.4910645680613,812.78,BG-1899_P,True,2,ALLWARA
2023-07-01,1535.7413329757449,972.2962102833176,1516.34,1172.3682370837118,835.62,BG-1899_P,True,3,ALLWARA
2023-08-01,1504.3044056670715,1395.6277946512596,1457.54,1080.9728212991295,831.18,BG-1899_P,True,4,ALLWARA
2023-09-01,1459.6745881657844,1858.5999787208098,1435.04,996.7024040962341,816.72,BG-1899_P,True,5,ALLWARA
2023-10-01,1413.5511456724341,2353.14958914899,1403.78,919.0015352442541,729.91,BG-1899_P,True,6,ALLWARA
2023-11-01,1375.315000858626,2881.106523737966,1519.14,847.35806626965,530.03,BG-1899_P,True,7,ALLWARA
2023-12-01,1334.4466887895828,3434.2534377873417,1505.88,781.2997747402071,621.17,BG-1899_P,True,8,ALLWARA
2024-01-01,1296.541843409489,4010.404029483833,1338.17,720.391251712998,972.11,BG-1899_P,True,9,ALLWARA
2024-02-01,1259.0003445779666,4605.173342231306,1355.55,664.2310318304935,1094.26,BG-1899_P,True,10,ALLWARA
2024-03-01,1221.867205091051,5214.591600173876,1370.79,612.4489471484811,1197.09,BG-1899_P,True,11,ALLWARA
2024-04-01,1157.952533901433,5807.8404468211975,1396.86,564.7036872541119,1070.81,BG-1899_P,True,12,ALLWARA
2024-05-01,1096.0071283551088,6383.167025584181,1188.11,520.6805495921255,728.73,BG-1899_P,True,13,ALLWARA
2024-06-01,1042.895787880795,6945.973448293961,860.57,480.0893651710149,580.42,BG-1899_P,True,14,ALLWARA
2024-07-01,997.3447267031161,7500.655589020207,852.55,442.6625859768698,563.85,BG-1899_P,True,15,ALLWARA
2024-08-01,969.5033748560269,8062.005442387731,860.24,408.1535214885032,562.97,BG-1899_P,True,16,ALLWARA
2024-09-01,944.6757277189349,8630.346457436437,850.04,376.3347126702294,555.98,BG-1899_P,True,17,ALLWARA
2024-10-01,920.007806888101,9203.357831599717,895.1,346.9964327248208,623.16,BG-1899_P,True,18,ALLWARA
2024-11-01,890.3437819872147,9773.756308862252,920.9,319.94530472467915,564.67,BG-1899_P,True,19,ALLWARA
2024-12-01,862.7525168273083,10341.505798679924,918.24,295.0030270096364,672.5,BG-1899_P,True,20,ALLWARA
2025-01-01,838.3613241364778,10907.86192486628,872.97,272.0051979501213,534.43,BG-1899_P,True,21,ALLWARA
2025-02-01,816.7595978140937,11473.821290351001,855.52,250.80023232937162,558.9,BG-1899_P,True,22,ALLWARA
2025-03-01,797.5221961482885,12040.095124297031,873.8,231.24836220225887,576.69,BG-1899_P,True,23,ALLWARA
2025-04-01,779.6038902877696,12606.478298939695,887.66,213.22071564510463,610.56,BG-1899_P,True,24,ALLWARA
2025-05-01,759.3902887950907,13169.270120410521,880.58,196.59846732426482,599.18,BG-1899_P,True,25,ALLWARA
2025-06-01,740.2648639144425,13728.262929040324,916.79,181.2720552846406,652.82,BG-1899_P,True,26,ALLWARA
2025-07-01,715.901831548983,14277.024301793563,910.79,167.14045879574442,670.3,BG-1899_P,True,27,ALLWARA
2025-08-01,740.9156034564761,14863.829372754637,913.49,154.11053249540217,671.94,BG-1899_P,True,28,ALLWARA
2025-09-01,760.977337581263,15482.710317893658,882.01,142.09639244224152,576.28,BG-1899_P,True,29,ALLWARA
2025-10-01,764.3587159318062,16116.050183795198,905.91,131.01885003026595,598.79,BG-1899_P,True,30,ALLWARA
2025-11-01,776.8712406711775,16772.11653443209,1065.28,120.80489003428303,786.67,BG-1899_P,True,31,ALLWARA
2025-12-01,776.8347221875227,17437.564067273775,1064.45,111.38718934583828,789.46,BG-1899_P,True,32,ALLWARA
2026-01-01,786.2540319576237,18121.114426003896,988.31,102.70367322750451,715.19,BG-1899_P,True,33,ALLWARA
2026-02-01,797.9018238868762,18824.3191437301,748.31,94.69710616067476,539.68,BG-1899_P,True,34,ALLWARA
2026-03-01,710.406966798769,19447.41139593885,712.03,87.3147145900188,513.55,BG-1899_P,True,35,ALLWARA
2023-04-01,1025.1020882160747,1025.1020882160744,1114.8,0.0,0.9,BG-1945_P,True,0,ALLWARA
2023-05-01,1488.3327934174229,2513.4348816334973,1134.43,0.0,1.37,BG-1945_P,True,1,ALLWARA
2023-06-01,1674.925433962494,4188.360315595992,1299.8,0.0,0.73,BG-1945_P,True,2,ALLWARA
2023-07-01,1735.656460787993,5924.0167763839845,2170.45,0.0,3.22,BG-1945_P,True,3,ALLWARA
2023-08-01,1808.0453693870552,7732.0621457710395,2087.41,0.0,3.69,BG-1945_P,True,4,ALLWARA
2023-09-01,1845.4935425560839,9577.555688327124,2064.2,0.0,3.64,BG-1945_P,True,5,ALLWARA
2023-10-01,1852.3596713415257,11429.915359668648,2284.33,0.0,3.6,BG-1945_P,True,6,ALLWARA
2023-11-01,1876.7122374593869,13306.627597128036,2410.26,0.0,3.6,BG-1945_P,True,7,ALLWARA
2023-12-01,1846.7661653245661,15153.393762452602,2578.4,0.0,4.35,BG-1945_P,True,8,ALLWARA
2024-01-01,1848.9396290223551,17002.333391474956,2593.64,0.0,5.17,BG-1945_P,True,9,ALLWARA
2024-02-01,1869.0866134005134,18871.420004875472,2528.94,0.0,5.46,BG-1945_P,True,10,ALLWARA
2024-03-01,1877.7045554289805,20749.12456030445,2254.66,0.0,26.53,BG-1945_P,True,11,ALLWARA
2024-04-01,1884.5193050788123,22633.643865383263,2295.63,0.0,79.95,BG-1945_P,True,12,ALLWARA
2024-05-01,1923.8299516321542,24557.473817015416,2071.34,0.0,76.46,BG-1945_P,True,13,ALLWARA
2024-06-01,2079.623099238634,26637.09691625405,1835.21,0.0,0.0,BG-1945_P,True,14,ALLWARA
2024-07-01,1990.2146173590697,28627.31153361312,1887.46,0.0,0.0,BG-1945_P,True,15,ALLWARA
2024-08-01,1896.6067608671146,30523.918294480234,1943.29,0.0,0.0,BG-1945_P,True,16,ALLWARA
2024-09-01,1846.8334891705663,32370.7517836508,1875.59,0.0,85.97,BG-1945_P,True,17,ALLWARA
2024-10-01,1811.7884490291412,34182.540232679945,1698.19,0.0,312.71,BG-1945_P,True,18,ALLWARA
2024-11-01,1785.6098600093399,35968.150092689284,1612.26,0.0,313.0,BG-1945_P,True,19,ALLWARA
2024-12-01,1770.7869152796682,37738.937007968954,1643.91,0.0,324.82,BG-1945_P,True,20,ALLWARA
2025-01-01,1766.8075789641252,39505.74458693308,1693.19,0.0,320.89,BG-1945_P,True,21,ALLWARA
2025-02-01,1782.5218284482823,41288.26641538136,1690.6,0.0,314.81,BG-1945_P,True,22,ALLWARA
2025-03-01,1792.4311794370315,43080.69759481839,1702.92,0.0,324.84,BG-1945_P,True,23,ALLWARA
2025-04-01,1797.7312572515675,44878.428852069956,1708.32,0.0,334.73,BG-1945_P,True,24,ALLWARA
2025-05-01,1800.303614636112,46678.73246670607,1717.84,0.0,328.99,BG-1945_P,True,25,ALLWARA
2025-06-01,1806.2110586854064,48484.94352539147,1718.8,0.0,352.04,BG-1945_P,True,26,ALLWARA
2025-07-01,0.0,48484.94352539147,0.0,0.0,0.0,BG-1945_P,True,27,ALLWARA
2025-08-01,0.0,48484.94352539147,0.0,0.0,0.0,BG-1945_P,True,28,ALLWARA
2025-09-01,0.0,48484.94352539147,0.0,0.0,0.0,BG-1945_P,True,29,ALLWARA
2025-10-01,0.0,48484.94352539147,0.0,0.0,0.0,BG-1945_P,True,30,ALLWARA
2025-11-01,0.0,48484.94352539147,0.0,0.0,0.0,BG-1945_P,True,31,ALLWARA
2025-12-01,0.0,48484.94352539147,0.0,0.0,0.0,BG-1945_P,True,32,ALLWARA
2026-01-01,0.0,48484.94352539147,0.0,0.0,0.0,BG-1945_P,True,33,ALLWARA
2026-02-01,0.0,48484.94352539147,0.0,0.0,0.0,BG-1945_P,True,34,ALLWARA
2026-03-01,0.0,48484.94352539147,0.0,0.0,0.0,BG-1945_P,True,35,ALLWARA
2023-04-01,332.70055033225253,91.33106600758694,419.73,241.3694843246656,237.52,BG-0765_P,True,0,ALLWARA
2023-05-01,341.7408147347154,291.8168425230341,432.97,141.25503821926824,225.21,BG-0765_P,True,1,ALLWARA
2023-06-01,382.71382511805825,591.8649326657123,442.48,82.66573497537995,250.91,BG-0765_P,True,2,ALLWARA
2023-07-01,445.071238282009,988.5582594398004,443.96,48.377911507921,248.87,BG-0765_P,True,3,ALLWARA
2023-08-01,564.6766910481143,1524.923071054855,427.5,28.31187943305983,243.78,BG-0765_P,True,4,ALLWARA
2023-09-01,682.729401142304,2191.0837016147234,421.68,16.568770582435643,239.99,BG-0765_P,True,5,ALLWARA
2023-10-01,728.6396930679897,2910.026964628945,438.55,9.696430053768257,237.47,BG-0765_P,True,6,ALLWARA
2023-11-01,673.6357473353856,3577.9881354880717,434.52,5.674576476258934,281.49,BG-0765_P,True,7,ALLWARA
2023-12-01,623.9166491402246,4198.583890442875,430.79,3.3208941854221123,271.81,BG-0765_P,True,8,ALLWARA
2024-01-01,624.2625572668752,4820.902983164526,432.96,1.9434645452238288,273.03,BG-0765_P,True,9,ALLWARA
2024-02-01,716.1587572845101,5535.924379778189,438.18,1.1373606708465391,302.62,BG-0765_P,True,10,ALLWARA
2024-03-01,800.7752501447509,6336.034019995161,434.91,0.6656099277795188,335.49,BG-0765_P,True,11,ALLWARA
2024-04-01,880.5681701145468,7216.21265969309,436.01,0.38953041661701193,334.24,BG-0765_P,True,12,ALLWARA
2024-05-01,957.8075569509856,8173.792254380989,552.15,0.22796226308704362,398.2,BG-0765_P,True,13,ALLWARA
2024-06-01,1049.9977985050614,9223.656644065648,589.16,0.13340882040249136,459.73,BG-0765_P,True,14,ALLWARA
2024-07-01,1110.3104107595343,10333.888980879432,578.52,0.07807394574946963,447.31,BG-0765_P,True,15,ALLWARA
2024-08-01,1153.1330580909896,11486.976348280807,1977.37,0.0456906896148322,1144.54,BG-0765_P,True,16,ALLWARA
2024-09-01,1194.591447185286,12681.541056211436,1832.97,0.026739254657090476,1193.3,BG-0765_P,True,17,ALLWARA
2024-10-01,1226.8762564707301,13908.401664248193,1805.29,0.01564843397296055,1190.4,BG-0765_P,True,18,ALLWARA
2024-11-01,1250.1452656154167,15158.537772035954,1782.53,0.009157827656245912,1201.21,BG-0765_P,True,19,ALLWARA
2024-12-01,1270.9525203963628,16429.484933058495,1793.14,0.005359373821458238,1210.2,BG-0765_P,True,20,ALLWARA
2025-01-01,1290.9915094149608,17720.473306043197,1740.42,0.0031364302579490085,1145.5,BG-0765_P,True,21,ALLWARA
2025-02-01,1311.429039072413,19031.90050960365,1720.22,0.0018355119629071615,1123.78,BG-0765_P,True,22,ALLWARA
2025-03-01,1330.935140412773,20362.834575832116,1757.04,0.0010741843079203183,1159.61,BG-0765_P,True,23,ALLWARA
2025-04-01,1349.1268512517668,21711.96079844623,1790.39,0.0006286376502579172,1194.91,BG-0765_P,True,24,ALLWARA
2025-05-01,1364.9613302602695,23076.921760813122,1420.92,0.0003678933795699323,937.8,BG-0765_P,True,25,ALLWARA
2025-06-01,1381.7793302947655,24458.70087580812,1440.15,0.00021529976557378765,978.7,BG-0765_P,True,26,ALLWARA
2025-07-01,1396.2292649764463,25854.930014786136,1415.71,0.0001259984322368502,959.01,BG-0765_P,True,27,ALLWARA
2025-08-01,1420.568766947092,27275.498707996012,1420.08,7.373721417594047e-05,945.6,BG-0765_P,True,28,ALLWARA
2025-09-01,1445.468668971569,28720.967333814846,1301.25,4.315273339439482e-05,889.44,BG-0765_P,True,29,ALLWARA
2025-10-01,1456.2281324559242,30177.195441016785,1315.85,2.5253983625751207e-05,913.64,BG-0765_P,True,30,ALLWARA
2025-11-01,1478.1285028108673,31655.323929048434,1315.31,1.4779218807320158e-05,913.88,BG-0765_P,True,31,ALLWARA
2025-12-01,1500.7071996968186,33156.03112009611,1309.49,8.649142717108569e-06,912.42,BG-0765_P,True,32,ALLWARA
2026-01-01,1521.1068093165159,34677.137924350944,1280.94,5.061679559399998e-06,874.78,BG-0765_P,True,33,ALLWARA
2026-02-01,1540.6950234599335,36217.83294484866,1287.41,2.962212649280088e-06,872.67,BG-0765_P,True,34,ALLWARA
2026-03-01,1464.4594143263898,37682.292357441496,1225.07,1.7335557647578671e-06,830.49,BG-0765_P,True,35,ALLWARA
2023-04-01,2139.1573253350607,302.4319295056203,2116.06,1836.7253958294402,1033.37,BG-1272_P,True,0,ALLWARA
2023-05-01,2025.8656011844344,940.857176837606,2040.68,1387.4403538524487,969.75,BG-1272_P,True,1,ALLWARA
2023-06-01,1964.2194472593842,1857.0208070057756,2047.22,1048.0558170912145,871.18,BG-1272_P,True,2,ALLWARA
2023-07-01,1956.228607281363,3021.5606092954195,1996.26,791.6888049917192,829.25,BG-1272_P,True,3,ALLWARA
2023-08-01,2137.5870409551007,4561.115414058402,2074.54,598.032236192118,1146.34,BG-1272_P,True,4,ALLWARA
2023-09-01,2308.2505851188535,6417.619614398345,2047.24,451.7463847789108,1135.08,BG-1272_P,True,5,ALLWARA
2023-10-01,2241.0200456259913,8317.39585440571,2069.87,341.2438056186266,1147.95,BG-1272_P,True,6,ALLWARA
2023-11-01,1862.9245116478075,9922.548884539452,2065.56,257.77148151406567,1137.47,BG-1272_P,True,7,ALLWARA
2023-12-01,1550.9078506254523,11278.73924699981,1625.14,194.71748816509327,897.32,BG-1272_P,True,8,ALLWARA
2024-01-01,1444.3434651937023,12575.995455005,1636.9,147.08725718851238,929.32,BG-1272_P,True,9,ALLWARA
2024-02-01,1660.2203756138802,14125.107879139472,1645.3,111.107951479409,952.5,BG-1272_P,True,10,ALLWARA
2024-03-01,1842.420817377302,15883.599081416745,1719.66,83.92961510002824,970.58,BG-1272_P,True,11,ALLWARA
2024-04-01,2002.179451933386,17822.379107863067,1714.93,63.39942548706199,985.12,BG-1272_P,True,12,ALLWARA
2024-05-01,2148.966558922954,19923.45450051177,1783.51,47.8911662742532,1027.74,BG-1272_P,True,13,ALLWARA
2024-06-01,2341.838684350569,22229.116771756257,2710.95,36.17641310608119,1553.67,BG-1272_P,True,14,ALLWARA
2024-07-01,2421.8258738007917,24623.615416612,2758.82,27.327228945047253,1633.74,BG-1272_P,True,15,ALLWARA
2024-08-01,2446.383145657528,27049.355900996692,2615.43,20.642661272836264,1538.84,BG-1272_P,True,16,ALLWARA
2024-09-01,2473.2342910048606,29506.99697304467,2728.76,15.593218956885249,1631.43,BG-1272_P,True,17,ALLWARA
2024-10-01,2475.7111538721006,31970.929196176025,2608.89,11.778930740743457,1619.67,BG-1272_P,True,18,ALLWARA
2024-11-01,2455.8634055977764,34417.89493864351,2432.51,8.897663130290908,1506.75,BG-1272_P,True,19,ALLWARA
2024-12-01,2436.660042235564,36847.83379277443,2341.96,6.721188104646359,1441.5,BG-1272_P,True,20,ALLWARA
2025-01-01,2422.970462904682,39265.72715072733,2335.15,5.07710495177656,1457.58,BG-1272_P,True,21,ALLWARA
2025-02-01,2417.575917047369,41679.46788353495,2317.23,3.835184239752854,1398.32,BG-1272_P,True,22,ALLWARA
2025-03-01,2414.844830299499,44091.415661618164,2370.99,2.8970522162835897,1449.99,BG-1272_P,True,23,ALLWARA
2025-04-01,2412.8507921404444,46502.07805523087,2329.53,2.188398527736575,1438.57,BG-1272_P,True,24,ALLWARA
2025-05-01,2407.6990278616618,48908.123993069064,2305.25,1.6530900234663946,1508.78,BG-1272_P,True,25,ALLWARA
2025-06-01,2410.371222181436,51317.24649085636,2387.03,1.2487243941397266,1572.18,BG-1272_P,True,26,ALLWARA
2025-07-01,2408.777569300085,53725.080788713036,2545.75,0.9432714434086757,1682.09,BG-1272_P,True,27,ALLWARA
2025-08-01,2443.59619687442,56167.96444964268,2671.65,0.7125359447816849,1785.55,BG-1272_P,True,28,ALLWARA
2025-09-01,2480.607424203892,58648.03363273246,2689.94,0.5382411141073433,1682.83,BG-1272_P,True,29,ALLWARA
2025-10-01,2470.923224390959,61118.550276235765,2589.3,0.4065808876551167,1624.75,BG-1272_P,True,30,ALLWARA
2025-11-01,2502.1671150529824,63620.410264958424,2759.04,0.30712633032610426,1861.2,BG-1272_P,True,31,ALLWARA
2025-12-01,2535.966937965693,66156.1452033746,2663.55,0.23199954952037063,1807.74,BG-1272_P,True,32,ALLWARA
2026-01-01,2562.616015533219,68718.58596922825,2305.07,0.17524967957161194,1551.1,BG-1272_P,True,33,ALLWARA
2026-02-01,2586.2455198942953,71304.69910761468,2200.83,0.13238150786691943,1410.45,BG-1272_P,True,34,ALLWARA
2026-03-01,2293.260942109302,73597.86005031932,2173.32,0.0999994046662897,1403.65,BG-1272_P,True,35,ALLWARA
2023-04-01,0.0,0.0,0.0,0.0,0.0,BG-1782_P,True,0,ALLWARA
2023-05-01,0.0,0.0,0.0,0.0,0.0,BG-1782_P,True,1,ALLWARA
2023-06-01,0.0,0.0,0.0,0.0,0.0,BG-1782_P,True,2,ALLWARA
2023-07-01,0.0,0.0,0.0,0.0,0.0,BG-1782_P,True,3,ALLWARA
2023-08-01,0.0,0.0,0.0,0.0,0.0,BG-1782_P,True,4,ALLWARA
2023-09-01,0.0,0.0,0.0,0.0,0.0,BG-1782_P,True,5,ALLWARA
2023-10-01,0.0,0.0,0.0,0.0,0.0,BG-1782_P,True,6,ALLWARA
2023-11-01,0.0,0.0,0.0,0.0,0.0,BG-1782_P,True,7,ALLWARA
2023-12-01,0.0,0.0,0.0,0.0,0.0,BG-1782_P,True,8,ALLWARA
2024-01-01,0.0,0.0,0.0,0.0,0.0,BG-1782_P,True,9,ALLWARA
2024-02-01,0.0,0.0,0.0,0.0,0.0,BG-1782_P,True,10,ALLWARA
2024-03-01,2791.704894114545,2791.704894114545,3393.92,0.0,183.92,BG-1782_P,True,11,ALLWARA
2024-04-01,3200.1962747572707,5991.901168871815,3965.68,0.0,285.63,BG-1782_P,True,12,ALLWARA
2024-05-01,3607.9762872772862,9599.8774561491,4159.6,0.0,313.43,BG-1782_P,True,13,ALLWARA
2024-06-01,3983.0073695035844,13582.884825652685,3969.0,0.0,325.09,BG-1782_P,True,14,ALLWARA
2024-07-01,3924.6691364856897,17507.553962138376,3844.32,0.0,298.22,BG-1782_P,True,15,ALLWARA
2024-08-01,3834.7419756968457,21342.29593783522,3289.54,0.0,275.59,BG-1782_P,True,16,ALLWARA
2024-09-01,3901.3201504256785,25243.6160882609,3846.99,0.0,1194.39,BG-1782_P,True,17,ALLWARA
2024-10-01,3965.336659961393,29208.95274822229,3855.48,0.0,1182.91,BG-1782_P,True,18,ALLWARA
2024-11-01,3918.9313787897618,33127.884127012054,3720.62,0.0,1193.75,BG-1782_P,True,19,ALLWARA
2024-12-01,3877.474103214668,37005.358230226724,3803.93,0.0,1238.73,BG-1782_P,True,20,ALLWARA
2025-01-01,3894.5475036495345,40899.90573387626,3972.24,0.0,1480.89,BG-1782_P,True,21,ALLWARA
2025-02-01,4061.7098103472927,44961.615544223554,3998.13,0.0,1497.81,BG-1782_P,True,22,ALLWARA
2025-03-01,4238.4760751274025,49200.091619350955,4050.1,0.0,1545.58,BG-1782_P,True,23,ALLWARA
2025-04-01,4393.353565659641,53593.4451850106,4044.27,0.0,1867.33,BG-1782_P,True,24,ALLWARA
2025-05-01,4516.855086521691,58110.30027153229,4305.72,0.0,2012.28,BG-1782_P,True,25,ALLWARA
2025-06-01,4616.607633245083,62726.90790477737,5303.23,0.0,2748.28,BG-1782_P,True,26,ALLWARA
2025-07-01,4688.24115339154,67415.14905816891,5253.66,0.0,2751.28,BG-1782_P,True,27,ALLWARA
2025-08-01,4729.552765383107,72144.70182355202,5231.99,0.0,3165.81,BG-1782_P,True,28,ALLWARA
2025-09-01,4797.4415077224585,76942.14333127448,5013.16,0.0,3174.34,BG-1782_P,True,29,ALLWARA
2025-10-01,4873.821837425255,81815.96516869974,5144.65,0.0,3297.77,BG-1782_P,True,30,ALLWARA
2025-11-01,4784.472801999013,86600.43797069875,5142.23,0.0,3298.86,BG-1782_P,True,31,ALLWARA
2025-12-01,4736.5632990831455,91337.0012697819,4954.07,0.0,3105.97,BG-1782_P,True,32,ALLWARA
2026-01-01,4749.08312159492,96086.08439137682,4606.37,0.0,2558.19,BG-1782_P,True,33,ALLWARA
2026-02-01,4800.568118064891,100886.65250944172,4773.95,0.0,2579.28,BG-1782_P,True,34,ALLWARA
2026-03-01,3993.5854863474096,104880.23799578912,4542.96,0.0,2454.8,BG-1782_P,True,35,ALLWARA
2023-04-01,4399.382457958563,609.6690959962206,4574.25,3789.713361962342,4097.27,BG-1266_P,True,0,ALLWARA
2023-05-01,4316.008570999627,1734.990094056725,4411.79,3190.6875729391227,3472.92,BG-1266_P,True,1,ALLWARA
2023-06-01,4244.611642016035,3293.254190559023,4343.1,2686.3475455137373,3373.32,BG-1266_P,True,2,ALLWARA
2023-07-01,4184.8687358126335,5216.3962701825685,4134.56,2261.7266561890883,3167.55,BG-1266_P,True,3,ALLWARA
2023-08-01,4165.449294563157,7477.621565189478,4025.45,1904.2239995562468,3123.17,BG-1266_P,True,4,ALLWARA
2023-09-01,4111.8380116810895,9986.229128768693,3803.26,1603.2304481018755,3039.6,BG-1266_P,True,5,ALLWARA
2023-10-01,4108.818372687549,12745.2336821157,3852.94,1349.813819340542,3172.95,BG-1266_P,True,6,ALLWARA
2023-11-01,0.0,12745.2336821157,0.0,0.0,0.0,BG-1266_P,True,7,ALLWARA
2023-12-01,4136.304309387178,15924.719178533767,3968.01,956.8188129691115,3240.0,BG-1266_P,True,8,ALLWARA
2024-01-01,4085.297366876137,19204.438496490107,4023.88,805.5780489197967,3572.44,BG-1266_P,True,9,ALLWARA
2024-02-01,4021.7386266963,22547.933777523453,4103.31,678.2433456629541,3663.61,BG-1266_P,True,10,ALLWARA
2024-03-01,4008.445806412135,25985.343622177552,4207.35,571.0359617580349,3732.06,BG-1266_P,True,11,ALLWARA
2024-04-01,3943.1710681866157,29447.740243101154,4169.99,480.77444726301354,3715.75,BG-1266_P,True,12,ALLWARA
2024-05-01,3671.5510763634775,32714.511087359042,3103.39,404.78023210559013,2681.56,BG-1266_P,True,13,ALLWARA
2024-06-01,3654.383550171338,36028.096499783634,3887.32,340.79813774674454,3339.3,BG-1266_P,True,14,ALLWARA
2024-07-01,3426.5729252689384,39167.739971784824,3973.22,286.92945326774776,3484.92,BG-1266_P,True,15,ALLWARA
2024-08-01,3480.594343025375,42406.7587249409,3702.3,241.57558986929973,3252.78,BG-1266_P,True,16,ALLWARA
2024-09-01,3631.103239253192,45834.47132250126,3604.66,203.39064169282994,3225.38,BG-1266_P,True,17,ALLWARA
2024-10-01,3689.1260500766284,49352.355927402896,3460.77,171.2414451749966,3081.39,BG-1266_P,True,18,ALLWARA
2024-11-01,3663.5679438269867,52871.749919559545,3468.13,144.17395167033933,3027.59,BG-1266_P,True,19,ALLWARA
2024-12-01,3619.833856552983,56370.19886068508,3335.25,121.38491542745035,2954.07,BG-1266_P,True,20,ALLWARA
2025-01-01,3513.354264557029,59781.355068501456,3357.72,102.19805674065142,3000.56,BG-1266_P,True,21,ALLWARA
2025-02-01,3498.7117409700622,63194.02281656856,3228.23,86.04399290295561,2919.44,BG-1266_P,True,22,ALLWARA
2025-03-01,3508.061378614644,66629.64085378512,3210.8,72.44334139808507,2837.64,BG-1266_P,True,23,ALLWARA
2025-04-01,3518.6758950717185,70087.32425494924,3172.45,60.99249390760472,2825.22,BG-1266_P,True,24,ALLWARA
2025-05-01,3526.9557398441307,73562.92835582593,3160.88,51.351638967436294,2818.47,BG-1266_P,True,25,ALLWARA
2025-06-01,3533.3628465038455,77053.0565244916,3564.19,43.23467783817143,3104.37,BG-1266_P,True,26,ALLWARA
2025-07-01,3537.584783060394,80554.24057321603,4069.8,36.40073433597348,3430.66,BG-1266_P,True,27,ALLWARA
2025-08-01,3602.0209288800543,84125.61449542339,4234.54,30.64700667269176,3578.75,BG-1266_P,True,28,ALLWARA
2025-09-01,3681.9749845944766,87781.78673083904,4135.59,25.80274917882079,3497.65,BG-1266_P,True,29,ALLWARA
2025-10-01,3664.0989777292307,91424.16150325531,3939.56,21.724205312957583,3404.55,BG-1266_P,True,30,ALLWARA
2025-11-01,3596.1494556123807,95002.02061727623,4287.79,18.29034159146536,3775.17,BG-1266_P,True,31,ALLWARA
2025-12-01,3545.1456022445395,98531.76696368087,4255.44,15.399255839887982,3713.46,BG-1266_P,True,32,ALLWARA
2026-01-01,3450.053612100483,101968.85542260275,3616.87,12.965153178603128,3101.16,BG-1266_P,True,33,ALLWARA
2026-02-01,3394.7054432383475,105352.645065838,3117.41,10.915800003090641,2606.65,BG-1266_P,True,34,ALLWARA
2026-03-01,3127.385360232939,108470.84004566695,3091.2,9.190380403998535,2593.86,BG-1266_P,True,35,ALLWARA
2023-04-01,0.0,0.0,0.0,0.0,0.0,BG-1267_P,True,0,ALLWARA
2023-05-01,0.0,0.0,0.0,0.0,0.0,BG-1267_P,True,1,ALLWARA
2023-06-01,0.0,0.0,0.0,0.0,0.0,BG-1267_P,True,2,ALLWARA
2023-07-01,0.0,0.0,0.0,0.0,0.0,BG-1267_P,True,3,ALLWARA
2023-08-01,0.0,0.0,0.0,0.0,0.0,BG-1267_P,True,4,ALLWARA
2023-09-01,0.0,0.0,0.0,0.0,0.0,BG-1267_P,True,5,ALLWARA
2023-10-01,0.0,0.0,0.0,0.0,0.0,BG-1267_P,True,6,ALLWARA
2023-11-01,0.0,0.0,0.0,0.0,0.0,BG-1267_P,True,7,ALLWARA
2023-12-01,711.8349742699671,711.8349742699671,666.35,0.0,437.13,BG-1267_P,True,8,ALLWARA
2024-01-01,747.4997599329773,1459.3347342029444,643.39,0.0,322.41,BG-1267_P,True,9,ALLWARA
2024-02-01,780.2296397401404,2239.564373943085,644.52,0.0,329.38,BG-1267_P,True,10,ALLWARA
2024-03-01,809.2010651797561,3048.7654391228407,679.12,0.0,317.26,BG-1267_P,True,11,ALLWARA
2024-04-01,781.4493400642423,3830.214779187083,674.66,0.0,321.23,BG-1267_P,True,12,ALLWARA
2024-05-01,727.6961764145132,4557.9109556015965,695.75,0.0,331.36,BG-1267_P,True,13,ALLWARA
2024-06-01,660.0197137533711,5217.930669354968,684.92,0.0,327.12,BG-1267_P,True,14,ALLWARA
2024-07-01,599.4838299655997,5817.414499320567,388.7,0.0,147.41,BG-1267_P,True,15,ALLWARA
2024-08-01,546.3907100217532,6363.80520934232,368.15,0.0,136.11,BG-1267_P,True,16,ALLWARA
2024-09-01,501.04699644346584,6864.852205785786,382.16,0.0,151.08,BG-1267_P,True,17,ALLWARA
2024-10-01,461.39374923043727,7326.245955016224,359.05,0.0,150.46,BG-1267_P,True,18,ALLWARA
2024-11-01,427.34613077826816,7753.592085794492,510.13,0.0,200.02,BG-1267_P,True,19,ALLWARA
2024-12-01,397.71504987296316,8151.307135667455,495.4,0.0,192.52,BG-1267_P,True,20,ALLWARA
2025-01-01,372.04494317317005,8523.352078840626,489.85,0.0,194.67,BG-1267_P,True,21,ALLWARA
2025-02-01,349.70346503392796,8873.055543874554,495.92,0.0,186.78,BG-1267_P,True,22,ALLWARA
2025-03-01,330.65299036795255,9203.708534242507,503.47,0.0,193.66,BG-1267_P,True,23,ALLWARA
2025-04-01,314.39615482674253,9518.104689069249,466.69,0.0,180.66,BG-1267_P,True,24,ALLWARA
2025-05-01,300.480436893456,9818.585125962705,456.64,0.0,181.45,BG-1267_P,True,25,ALLWARA
2025-06-01,288.51185854529086,10107.096984507996,479.16,0.0,193.36,BG-1267_P,True,26,ALLWARA
2025-07-01,277.8776759386885,10384.974660446685,509.83,0.0,206.89,BG-1267_P,True,27,ALLWARA
2025-08-01,268.94676264274506,10653.92142308943,480.09,0.0,189.88,BG-1267_P,True,28,ALLWARA
2025-09-01,261.7961522585113,10915.717575347942,449.18,0.0,167.9,BG-1267_P,True,29,ALLWARA
2025-10-01,256.4492238177217,11172.166799165663,429.67,0.0,174.19,BG-1267_P,True,30,ALLWARA
2025-11-01,251.7190387073957,11423.885837873058,450.6,0.0,180.63,BG-1267_P,True,31,ALLWARA
2025-12-01,247.68881247153323,11671.574650344592,408.82,0.0,149.96,BG-1267_P,True,32,ALLWARA
2026-01-01,243.24485740880957,11914.819507753402,376.14,0.0,137.04,BG-1267_P,True,33,ALLWARA
2026-02-01,240.3361815613294,12155.155689314732,369.32,0.0,125.5,BG-1267_P,True,34,ALLWARA
2026-03-01,222.8596526090433,12378.015341923776,362.31,0.0,124.89,BG-1267_P,True,35,ALLWARA
2023-04-01,6816.915859817571,52.23929072855787,6387.71,6764.676569089013,10.33,BG-1274_P,True,0,ALLWARA
2023-05-01,6731.087510493938,152.59980285215164,6501.33,6630.726998370344,8.91,BG-1274_P,True,1,ALLWARA
2023-06-01,6642.322595421462,295.49259141171865,6778.47,6499.4298068618955,2.34,BG-1274_P,True,2,ALLWARA
2023-07-01,6547.722496064182,472.48261353949056,6517.87,6370.73247393641,0.0,BG-1274_P,True,3,ALLWARA
2023-08-01,6454.728539425155,682.6276340199129,5997.47,6244.5835189447325,0.0,BG-1274_P,True,4,ALLWARA
2023-09-01,6356.004821687324,917.6999750843817,5832.24,6120.932480622855,702.88,BG-1274_P,True,5,ALLWARA
2023-10-01,6269.300799656018,1187.2708778336491,5846.68,5999.729896906751,2597.79,BG-1274_P,True,6,ALLWARA
2023-11-01,6154.273888164613,1460.61748085139,6031.84,5880.927285146872,2576.79,BG-1274_P,True,7,ALLWARA
2023-12-01,6005.457466971052,1701.5978251079798,6155.56,5764.477122714462,2458.22,BG-1274_P,True,8,ALLWARA
2024-01-01,5854.504395049015,1905.7693921651367,5877.18,5650.332827991859,846.42,BG-1274_P,True,9,ALLWARA
2024-02-01,5711.447138287696,2078.7677887136065,5691.57,5538.4487417392265,8.55,BG-1274_P,True,10,ALLWARA
2024-03-01,5617.48152430504,2267.469204188389,5077.68,5428.780108830258,34.31,BG-1274_P,True,11,ALLWARA
2024-04-01,5557.824249177832,2504.0103930166997,5196.25,5321.283060349521,36.5,BG-1274_P,True,12,ALLWARA
2024-05-01,5540.940386633714,2829.0361836061015,5284.7,5215.914596044312,38.64,BG-1274_P,True,13,ALLWARA
2024-06-01,5527.358228148352,3243.761844630479,5008.54,5112.632567123975,32.43,BG-1274_P,True,14,ALLWARA
2024-07-01,5488.600750384134,3720.966935614782,5151.15,5011.395659399831,21.58,BG-1274_P,True,15,ALLWARA
2024-08-01,5469.093894563358,4277.897453419195,5665.86,4912.163376758946,21.78,BG-1274_P,True,16,ALLWARA
2024-09-01,5387.34428510463,4850.345713558675,7580.83,4814.89602496515,17.96,BG-1274_P,True,17,ALLWARA
2024-10-01,5262.339655257999,5393.130673035865,7637.97,4719.554695780809,19.02,BG-1274_P,True,18,ALLWARA
2024-11-01,5130.527973947916,5897.557395580763,7220.1,4626.101251403017,30.71,BG-1274_P,True,19,ALLWARA
2024-12-01,5012.321433641501,6375.380520014307,5194.05,4534.498309207957,16.88,BG-1274_P,True,20,ALLWARA
2025-01-01,4924.677945685143,6855.349238902085,4083.66,4444.709226797365,14.3,BG-1274_P,True,21,ALLWARA
2025-02-01,4926.358901734222,7425.010053295236,3998.27,4356.698087341071,19.1,BG-1274_P,True,22,ALLWARA
2025-03-01,4920.115282692739,8074.695650778178,4004.74,4270.429685209797,20.01,BG-1274_P,True,23,ALLWARA
2025-04-01,4902.9707016406755,8791.796840526426,3431.27,4185.869511892428,332.69,BG-1274_P,True,24,ALLWARA
2025-05-01,4877.438376293037,9566.25147462731,3263.32,4102.983742192153,428.12,BG-1274_P,True,25,ALLWARA
2025-06-01,4845.484047044374,10389.99630097575,3248.03,4021.7392206959344,458.09,BG-1274_P,True,26,ALLWARA
2025-07-01,4827.016545729098,11274.909398192949,3190.99,3942.103448511899,458.57,BG-1274_P,True,27,ALLWARA
2025-08-01,4800.977775015649,12211.84260293925,5016.28,3864.0445702693482,1211.76,BG-1274_P,True,28,ALLWARA
2025-09-01,4767.678154472031,13191.989396035095,5326.73,3787.5313613761864,1419.13,BG-1274_P,True,29,ALLWARA
2025-10-01,4735.0854125481455,14214.541593054575,5399.05,3712.5332155286665,1474.31,BG-1274_P,True,30,ALLWARA
2025-11-01,4697.388392868665,15272.909853454777,5391.72,3639.0201324684613,1474.7,BG-1274_P,True,31,ALLWARA
2025-12-01,4656.09999477985,16362.04714225247,5346.86,3566.9627059821582,1472.34,BG-1274_P,True,32,ALLWARA
2026-01-01,4610.751410293429,17476.466440407516,5581.82,3496.3321121383856,1426.95,BG-1274_P,True,33,ALLWARA
2026-02-01,4564.300140721303,18613.66648337097,5890.84,3427.1000977578515,1438.73,BG-1274_P,True,34,ALLWARA
2026-03-01,4373.038214199043,19627.465728458315,5603.36,3359.2389691116978,1368.81,BG-1274_P,True,35,ALLWARA
2023-04-01,0.0,0.0,0.0,0.0,0.0,BG-2152_P,True,0,ALLWARA
2023-05-01,0.0,0.0,0.0,0.0,0.0,BG-2152_P,True,1,ALLWARA
2023-06-01,0.0,0.0,0.0,0.0,0.0,BG-2152_P,True,2,ALLWARA
2023-07-01,0.0,0.0,0.0,0.0,0.0,BG-2152_P,True,3,ALLWARA
2023-08-01,0.0,0.0,0.0,0.0,0.0,BG-2152_P,True,4,ALLWARA
2023-09-01,0.0,0.0,0.0,0.0,0.0,BG-2152_P,True,5,ALLWARA
2023-10-01,0.0,0.0,0.0,0.0,0.0,BG-2152_P,True,6,ALLWARA
2023-11-01,0.0,0.0,0.0,0.0,0.0,BG-2152_P,True,7,ALLWARA
2023-12-01,1729.6997439605825,1729.6997439605825,2365.79,0.0,313.09,BG-2152_P,True,8,ALLWARA
2024-01-01,1738.8036714079703,3468.503415368553,1803.09,0.0,283.01,BG-2152_P,True,9,ALLWARA
2024-02-01,1742.5710733959727,5211.074488764525,1352.3,0.0,266.41,BG-2152_P,True,10,ALLWARA
2024-03-01,1746.4185003313812,6957.4929890959065,1360.5,0.0,277.85,BG-2152_P,True,11,ALLWARA
2024-04-01,0.0,6957.4929890959065,0.0,0.0,0.0,BG-2152_P,True,12,ALLWARA
2024-05-01,0.0,6957.4929890959065,0.0,0.0,0.0,BG-2152_P,True,13,ALLWARA
2024-06-01,1406.7926176621836,8364.28560675809,1188.33,0.0,263.51,BG-2152_P,True,14,ALLWARA
2024-07-01,1345.3920912166013,9709.677697974692,1178.24,0.0,260.31,BG-2152_P,True,15,ALLWARA
2024-08-01,1310.2296741250443,11019.907372099737,1183.77,0.0,266.68,BG-2152_P,True,16,ALLWARA
2024-09-01,1292.074166806746,12311.981538906482,1215.4,0.0,261.42,BG-2152_P,True,17,ALLWARA
2024-10-01,1216.8950279506894,13528.876566857172,923.39,0.0,156.05,BG-2152_P,True,18,ALLWARA
2024-11-01,1060.1425848898,14589.019151746972,758.05,0.0,95.11,BG-2152_P,True,19,ALLWARA
2024-12-01,948.0819115237639,15537.101063270737,758.34,0.0,93.72,BG-2152_P,True,20,ALLWARA
2025-01-01,869.996648732433,16407.09771200317,779.72,0.0,96.79,BG-2152_P,True,21,ALLWARA
2025-02-01,813.5256962454357,17220.623408248608,782.52,0.0,95.12,BG-2152_P,True,22,ALLWARA
2025-03-01,775.539312224359,17996.162720472967,1082.27,0.0,232.97,BG-2152_P,True,23,ALLWARA
2025-04-01,746.9161600657835,18743.07888053875,1077.18,0.0,240.44,BG-2152_P,True,24,ALLWARA
2025-05-01,796.4557980636504,19539.5346786024,1088.15,0.0,244.39,BG-2152_P,True,25,ALLWARA
2025-06-01,832.7391468890562,20372.273825491455,1071.31,0.0,241.57,BG-2152_P,True,26,ALLWARA
2025-07-01,816.7697020005036,21189.04352749196,1017.97,0.0,230.62,BG-2152_P,True,27,ALLWARA
2025-08-01,827.6616857730065,22016.705213264966,1000.4,0.0,227.21,BG-2152_P,True,28,ALLWARA
2025-09-01,837.9247428429031,22854.62995610787,1013.98,0.0,237.94,BG-2152_P,True,29,ALLWARA
2025-10-01,844.0020296682361,23698.63198577611,995.55,0.0,240.61,BG-2152_P,True,30,ALLWARA
2025-11-01,839.8247888409833,24538.45677461709,1047.09,0.0,252.47,BG-2152_P,True,31,ALLWARA
2025-12-01,790.1056908693809,25328.562465486473,987.13,0.0,249.91,BG-2152_P,True,32,ALLWARA
2026-01-01,809.1887004960918,26137.751165982565,1011.48,0.0,256.66,BG-2152_P,True,33,ALLWARA
2026-02-01,845.5190366363147,26983.270202618878,1036.48,0.0,269.86,BG-2152_P,True,34,ALLWARA
2026-03-01,743.3365409163976,27726.606743535274,997.97,0.0,271.29,BG-2152_P,True,35,ALLWARA
2023-04-01,2888.21151484308,311.06459112354344,3013.2,2577.1469237195365,1741.99,BG-1654_P,True,0,ALLWARA
2023-05-01,3080.0415938804754,900.4172842401734,2963.3,2490.6889007638456,1779.99,BG-1654_P,True,1,ALLWARA
2023-06-01,3244.1145157108754,1737.4004318120515,3067.8,2407.1313681389975,1825.45,BG-1654_P,True,2,ALLWARA
2023-07-01,3364.59541228497,2775.6188237868064,3169.79,2326.377020310215,1426.59,BG-1654_P,True,3,ALLWARA
2023-08-01,3452.508655223375,3979.79566286523,3536.15,2248.331816144951,2567.34,BG-1654_P,True,4,ALLWARA
2023-09-01,3538.839538551766,5345.7303320181445,3644.08,2172.904869398851,2885.42,BG-1654_P,True,5,ALLWARA
2023-10-01,3602.7584043762586,6848.480393518718,3773.32,2100.008342875685,2566.13,BG-1654_P,True,6,ALLWARA
2023-11-01,3661.0576565943165,8479.98070397503,3760.32,2029.5573461380047,2797.61,BG-1654_P,True,7,ALLWARA
2023-12-01,3697.666309673189,10216.177176998823,3733.17,1961.469836649397,2599.3,BG-1654_P,True,8,ALLWARA
2024-01-01,3706.3819131118335,12026.892565877444,3751.22,1895.6665242332117,2602.43,BG-1654_P,True,9,ALLWARA
2024-02-01,3728.168981732856,13922.990768873795,3826.25,1832.0707787365047,2834.43,BG-1654_P,True,10,ALLWARA
2024-03-01,3741.025265367857,15893.407493449982,3866.41,1770.6085407916694,2916.34,BG-1654_P,True,11,ALLWARA
2024-04-01,3751.8350524890275,17934.03431036718,3865.02,1711.208235571831,2962.85,BG-1654_P,True,12,ALLWARA
2024-05-01,3757.4858569548283,20037.719477882434,3894.55,1653.800689439573,2976.96,BG-1654_P,True,13,ALLWARA
2024-06-01,3810.2423675615437,22249.64279605205,3954.29,1598.319049391928,3085.55,BG-1654_P,True,14,ALLWARA
2024-07-01,3795.885778737791,24500.829869582016,3885.46,1544.6987052078246,2991.87,BG-1654_P,True,15,ALLWARA
2024-08-01,3780.9888195671056,26788.941474941792,3712.57,1492.8772142073306,3003.68,BG-1654_P,True,16,ALLWARA
2024-09-01,3766.8110793770625,29112.958325783788,3634.6,1442.7942285350664,2981.99,BG-1654_P,True,17,ALLWARA
2024-10-01,3750.2781996687827,31468.84510056945,3617.19,1394.391424883117,2930.24,BG-1654_P,True,18,ALLWARA
2024-11-01,3733.267637456107,33854.50030145397,3633.46,1347.6124365715905,2807.79,BG-1654_P,True,19,ALLWARA
2024-12-01,3713.7053938404497,36265.80290738668,3613.53,1302.402787907741,2862.41,BG-1654_P,True,20,ALLWARA
2025-01-01,3694.048554901786,38701.14163154126,3461.8,1258.7098307472058,2702.38,BG-1654_P,True,21,ALLWARA
2025-02-01,3679.2396874108317,41163.8986357686,3463.91,1216.4826831834846,2435.47,BG-1654_P,True,22,ALLWARA
2025-03-01,3664.139784022279,43652.36624949662,3502.86,1175.6721702942614,2713.03,BG-1654_P,True,23,ALLWARA
2025-04-01,3647.198799607682,46163.33428222873,3587.81,1136.230766875568,2765.39,BG-1654_P,True,24,ALLWARA
2025-05-01,3626.1182877223127,48691.34002785395,3768.56,1098.1125420970955,2891.88,BG-1654_P,True,25,ALLWARA
2025-06-01,3609.056503747114,51239.12342558685,3993.13,1061.2731060142135,3131.77,BG-1654_P,True,26,ALLWARA
2025-07-01,3592.318706525552,53805.772574238006,3961.32,1025.6695578743947,3366.5,BG-1654_P,True,27,ALLWARA
2025-08-01,3747.8400063381423,56562.352144418284,3976.2,991.2604361578606,3388.1,BG-1654_P,True,28,ALLWARA
2025-09-01,3887.3100376079965,59491.65651173203,3844.47,958.0056702942554,3312.34,BG-1654_P,True,29,ALLWARA
2025-10-01,4016.4852403765913,62582.27521810949,3908.06,925.8665339991309,3399.71,BG-1654_P,True,30,ALLWARA
2025-11-01,3780.818585844401,65468.28820377799,3643.86,894.8056001758974,2991.52,BG-1654_P,True,31,ALLWARA
2025-12-01,3392.3985622491687,67995.90006869644,3631.98,864.7866973307187,2986.72,BG-1654_P,True,32,ALLWARA
2026-01-01,3475.1103056985994,70635.23550694544,3603.52,835.7748674496017,2978.73,BG-1654_P,True,33,ALLWARA
2026-02-01,3642.91726445073,73470.41644610754,3718.56,807.736325288623,3306.12,BG-1654_P,True,34,ALLWARA
2026-03-01,3430.9132220015345,76120.69124907919,3538.4,780.6384190298843,3148.57,BG-1654_P,True,35,ALLWARA
2023-04-01,2148.3821080106372,435.83713359619253,3159.52,1712.5449744144448,2705.56,BG-0729_P,True,0,ALLWARA
2023-05-01,2427.579398521146,1225.8313311988404,3155.6,1637.5852009184982,2758.79,BG-0729_P,True,1,ALLWARA
2023-06-01,2651.019560873693,2310.9444018303116,3258.2,1565.9064902422217,2844.73,BG-0729_P,True,2,ALLWARA
2023-07-01,2828.04601795915,3641.6251927421085,3321.34,1497.365227047353,2924.3,BG-0729_P,True,3,ALLWARA
2023-08-01,2988.861526738713,5198.662637300951,3250.55,1431.8240821798706,2842.99,BG-0729_P,True,4,ALLWARA
2023-09-01,3134.083470196469,6963.594369979881,3257.45,1369.15173751754,2622.97,BG-0729_P,True,5,ALLWARA
2023-10-01,3250.904114677475,8905.275861796199,3297.99,1309.2226228611564,2595.71,BG-0729_P,True,6,ALLWARA
2023-11-01,3365.4852317177615,11018.844429171644,3361.73,1251.9166643423168,2518.4,BG-0729_P,True,7,ALLWARA
2023-12-01,3460.0787899231846,13281.804175251202,3226.6,1197.1190438436272,2557.71,BG-0729_P,True,8,ALLWARA
2024-01-01,3509.5464697505686,15646.630676052444,3286.2,1144.7199689493257,2483.41,BG-0729_P,True,9,ALLWARA
2024-02-01,3560.355666848818,18112.371889935872,3376.41,1094.6144529653918,2688.38,BG-0729_P,True,10,ALLWARA
2024-03-01,3600.1369277940294,20665.80671316151,3397.67,1046.7021045683925,3002.24,BG-0729_P,True,11,ALLWARA
2024-04-01,3603.5664736296458,23268.486260129554,3396.07,1000.8869266616024,2991.26,BG-0729_P,True,12,ALLWARA
2024-05-01,3519.975840654951,25831.384976749112,3416.77,957.0771240353905,3005.1,BG-0729_P,True,13,ALLWARA
2024-06-01,3620.0479517468702,28536.248009049483,3505.49,915.1849194465009,3115.62,BG-0729_P,True,14,ALLWARA
2024-07-01,3523.6025138077816,31184.724145109543,3420.3,875.1263777477216,3026.34,BG-0729_P,True,15,ALLWARA
2024-08-01,3468.469114519158,33816.37202191313,3271.36,836.821237715573,2959.56,BG-0729_P,True,16,ALLWARA
2024-09-01,3442.9547606189017,36459.13403129297,2956.32,800.1927512390617,2599.82,BG-0729_P,True,17,ALLWARA
2024-10-01,3385.9560808561982,39079.92258260187,2934.25,765.1675295473001,2575.03,BG-0729_P,True,18,ALLWARA
2024-11-01,3300.32038480442,41648.56757123839,2938.0,731.6753961678947,2598.4,BG-0729_P,True,19,ALLWARA
2024-12-01,3221.9490443101945,44170.86736922709,3060.67,699.6492463214913,2568.13,BG-0729_P,True,20,ALLWARA
2025-01-01,3151.148947748954,46652.99140450529,3054.21,669.024912470755,2424.65,BG-0729_P,True,21,ALLWARA
2025-02-01,3090.1650665115785,49103.41543526246,2927.68,639.7410357544073,2487.59,BG-0729_P,True,22,ALLWARA
2025-03-01,3034.836185953335,51526.51267816708,2999.66,611.7389430487199,2606.77,BG-0729_P,True,23,ALLWARA
2025-04-01,2983.984185554829,53925.53433431176,3102.55,584.9625294101462,2592.67,BG-0729_P,True,24,ALLWARA
2025-05-01,2935.290860754512,56301.46704940271,3067.69,559.3581456635567,2532.96,BG-0729_P,True,25,ALLWARA
2025-06-01,2892.96678443995,58659.55934293181,3116.26,534.8744909108461,2631.06,BG-0729_P,True,26,ALLWARA
2025-07-01,2850.898408505645,60998.995241692915,3103.09,511.4625097445438,2629.98,BG-0729_P,True,27,ALLWARA
2025-08-01,2799.502916713733,63309.42286444616,3115.33,489.07529396048636,2644.12,BG-0729_P,True,28,ALLWARA
2025-09-01,2798.627606441631,65640.38248231517,3011.96,467.6679885726225,2588.42,BG-0729_P,True,29,ALLWARA
2025-10-01,2790.154954720664,67983.3397350942,3114.22,447.197701941642,2741.95,BG-0729_P,True,30,ALLWARA
2025-11-01,2755.093863951593,70310.81017920842,3164.9,427.62341983736326,2859.47,BG-0729_P,True,31,ALLWARA
2025-12-01,2701.457711407902,72603.36196735363,3157.5,408.9059232626932,2855.91,BG-0729_P,True,32,ALLWARA
2026-01-01,2707.8490318784807,74920.2032893576,3091.31,391.00770987451466,2767.9,BG-0729_P,True,33,ALLWARA
2026-02-01,2723.940471663187,77270.25084217673,3129.59,373.89291884405776,2840.79,BG-0729_P,True,34,ALLWARA
2026-03-01,2533.914126279933,79446.63770945046,2978.12,357.5272590062063,2705.88,BG-0729_P,True,35,ALLWARA
2023-04-01,0.0,0.0,0.0,0.0,0.0,BG-2151_P,True,0,ALLWARA
2023-05-01,0.0,0.0,0.0,0.0,0.0,BG-2151_P,True,1,ALLWARA
2023-06-01,0.0,0.0,0.0,0.0,0.0,BG-2151_P,True,2,ALLWARA
2023-07-01,0.0,0.0,0.0,0.0,0.0,BG-2151_P,True,3,ALLWARA
2023-08-01,0.0,0.0,0.0,0.0,0.0,BG-2151_P,True,4,ALLWARA
2023-09-01,0.0,0.0,0.0,0.0,0.0,BG-2151_P,True,5,ALLWARA
2023-10-01,0.0,0.0,0.0,0.0,0.0,BG-2151_P,True,6,ALLWARA
2023-11-01,0.0,0.0,0.0,0.0,0.0,BG-2151_P,True,7,ALLWARA
2023-12-01,0.0,0.0,0.0,0.0,0.0,BG-2151_P,True,8,ALLWARA
2024-01-01,1689.7021660238092,1689.7021660238092,1844.62,0.0,1233.68,BG-2151_P,True,9,ALLWARA
2024-02-01,1828.096831951328,3517.7989979751374,1836.36,0.0,1313.69,BG-2151_P,True,10,ALLWARA
2024-03-01,1910.344889791802,5428.143887766939,1858.77,0.0,1513.16,BG-2151_P,True,11,ALLWARA
2024-04-01,0.0,5428.143887766939,0.0,0.0,0.0,BG-2151_P,True,12,ALLWARA
2024-05-01,0.0,5428.143887766939,0.0,0.0,0.0,BG-2151_P,True,13,ALLWARA
2024-06-01,0.0,5428.143887766939,0.0,0.0,0.0,BG-2151_P,True,14,ALLWARA
2024-07-01,0.0,5428.143887766939,0.0,0.0,0.0,BG-2151_P,True,15,ALLWARA
2024-08-01,0.0,5428.143887766939,0.0,0.0,0.0,BG-2151_P,True,16,ALLWARA
2024-09-01,0.0,5428.143887766939,0.0,0.0,0.0,BG-2151_P,True,17,ALLWARA
2024-10-01,0.0,5428.143887766939,0.0,0.0,0.0,BG-2151_P,True,18,ALLWARA
2024-11-01,1559.3849561176346,6987.528843884574,1413.81,0.0,1083.08,BG-2151_P,True,19,ALLWARA
2024-12-01,1358.0387175705007,8345.567561455075,1398.87,0.0,1067.3,BG-2151_P,True,20,ALLWARA
2025-01-01,1233.1719398142031,9578.739501269278,1168.62,0.0,902.85,BG-2151_P,True,21,ALLWARA
2025-02-01,1160.860972945139,10739.600474214418,1124.04,0.0,865.06,BG-2151_P,True,22,ALLWARA
2025-03-01,1121.583844106709,11861.184318321128,1142.62,0.0,887.65,BG-2151_P,True,23,ALLWARA
2025-04-01,1101.312645947457,12962.496964268585,1155.1,0.0,903.16,BG-2151_P,True,24,ALLWARA
2025-05-01,1088.101775570904,14050.598739839488,1176.22,0.0,892.51,BG-2151_P,True,25,ALLWARA
2025-06-01,1081.0527404457587,15131.651480285247,1161.35,0.0,893.29,BG-2151_P,True,26,ALLWARA
2025-07-01,1072.1472381836952,16203.798718468943,1176.66,0.0,981.32,BG-2151_P,True,27,ALLWARA
2025-08-01,1049.9841870249559,17253.7829054939,1164.37,0.0,972.6,BG-2151_P,True,28,ALLWARA
2025-09-01,1120.7176911813503,18374.50059667525,1211.37,0.0,1018.83,BG-2151_P,True,29,ALLWARA
2025-10-01,1165.3749926574312,19539.87558933268,1217.38,0.0,1030.1,BG-2151_P,True,30,ALLWARA
2025-11-01,1182.0243941131425,20721.899983445823,1278.04,0.0,1080.91,BG-2151_P,True,31,ALLWARA
2025-12-01,1190.6924237908456,21912.59240723667,1252.49,0.0,1069.65,BG-2151_P,True,32,ALLWARA
2026-01-01,1215.3965834257256,23127.988990662394,1285.9,0.0,1098.67,BG-2151_P,True,33,ALLWARA
2026-02-01,1252.5383676541867,24380.52735831658,1471.06,0.0,1221.0,BG-2151_P,True,34,ALLWARA
2026-03-01,915.6793561171319,25296.206714433712,1381.39,0.0,1096.45,BG-2151_P,True,35,ALLWARA
2023-04-01,3200.217207664979,95.12694802886931,2933.34,3105.0902596361097,451.24,BG-1488_P,True,0,ALLWARA
2023-05-01,3213.134250999084,275.6027321562575,2884.14,3032.658466871696,582.89,BG-1488_P,True,1,ALLWARA
2023-06-01,3217.7933025792236,531.4797593076624,2955.1,2961.9162754278186,720.71,BG-1488_P,True,2,ALLWARA
2023-07-01,3209.7578354191046,848.413322399842,2683.27,2892.824272326925,763.87,BG-1488_P,True,3,ALLWARA
2023-08-01,3196.137931872899,1219.2072903029734,2816.07,2825.3439639697676,798.16,BG-1488_P,True,4,ALLWARA
2023-09-01,3162.1549541242534,1621.9244897379674,3012.1,2759.4377546892592,841.56,BG-1488_P,True,5,ALLWARA
2023-10-01,3199.7608344337445,2126.6163983671167,3045.36,2695.0689258045954,851.23,BG-1488_P,True,6,ALLWARA
2023-11-01,3248.701590797913,2743.116374001049,3103.67,2632.201615163981,973.37,BG-1488_P,True,7,ALLWARA
2023-12-01,3139.578558780573,3311.8941356170694,3316.28,2570.8007971645525,1055.64,BG-1488_P,True,8,ALLWARA
2024-01-01,3005.986788537807,3807.0486609164955,3291.09,2510.832263238381,1093.32,BG-1488_P,True,9,ALLWARA
2024-02-01,2884.5059367610475,4239.29199488388,3265.69,2452.2626027936635,1120.9,BG-1488_P,True,10,ALLWARA
2024-03-01,2873.616605165908,4717.849415449285,2928.75,2395.059184600503,1175.38,BG-1488_P,True,11,ALLWARA
2024-04-01,2930.890485094527,5309.549761932915,2919.19,2339.190138610896,1233.0,BG-1488_P,True,12,ALLWARA
2024-05-01,2973.5071650584523,5998.432588788567,3077.05,2284.624338202801,1298.36,BG-1488_P,True,13,ALLWARA
2024-06-01,3026.978944935467,6794.08015088564,3467.44,2231.331382838394,1406.68,BG-1488_P,True,14,ALLWARA
2024-07-01,3043.3018696531058,7658.100439411889,3528.89,2179.281581126857,1439.54,BG-1488_P,True,15,ALLWARA
2024-08-01,3066.610653931073,8596.265159060711,3367.03,2128.445934282252,1353.39,BG-1488_P,True,16,ALLWARA
2024-09-01,3080.305443298091,9597.774482391533,3430.16,2078.7961199672695,1366.31,BG-1488_P,True,17,ALLWARA
2024-10-01,3144.4984344151153,10711.96844029279,3224.79,2030.304476513858,1386.76,BG-1488_P,True,18,ALLWARA
2024-11-01,3256.6235733746826,11985.648026155552,3322.06,1982.943987511922,1522.78,BG-1488_P,True,19,ALLWARA
2024-12-01,3346.42251080153,13395.382270199549,3167.76,1936.688266757532,1437.21,BG-1488_P,True,20,ALLWARA
2025-01-01,3414.9015896632804,14918.772316310597,3052.06,1891.511543552232,1413.97,BG-1488_P,True,21,ALLWARA
2025-02-01,3475.0512643644533,16546.434932329776,3529.21,1847.3886483452732,1579.65,BG-1488_P,True,22,ALLWARA
2025-03-01,3526.4452362391594,18268.58516985817,3587.96,1804.2949987107675,1666.92,BG-1488_P,True,23,ALLWARA
2025-04-01,3566.0533796049262,20072.43196381115,3513.68,1762.2065856519462,1668.33,BG-1488_P,True,24,ALLWARA
2025-05-01,3596.9777823871486,21948.309785973397,3454.18,1721.0999602249008,1592.35,BG-1488_P,True,25,ALLWARA
2025-06-01,3617.568383978085,23884.925949477136,3592.0,1680.9522204743466,1718.39,BG-1488_P,True,26,ALLWARA
2025-07-01,3620.602988558565,25863.78793936157,3814.86,1641.7409986741313,1888.04,BG-1488_P,True,27,ALLWARA
2025-08-01,3623.2304430660834,27883.573933562267,3869.28,1603.4444488653855,2087.89,BG-1488_P,True,28,ALLWARA
2025-09-01,3624.807948486301,29942.340647363206,3821.48,1566.0412346853639,2082.96,BG-1488_P,True,29,ALLWARA
2025-10-01,3629.0219006850502,32041.85203056805,3609.85,1529.510517480206,2013.23,BG-1488_P,True,30,ALLWARA
2025-11-01,3627.4273409944362,34175.447426867504,3707.46,1493.8319446949815,2005.08,BG-1488_P,True,31,ALLWARA
2025-12-01,3623.2944296299243,36339.756217962866,3645.99,1458.9856385345647,2054.03,BG-1488_P,True,32,ALLWARA
2026-01-01,3614.479768119995,38529.28380119385,3428.97,1424.952184889009,1922.06,BG-1488_P,True,33,ALLWARA
2026-02-01,3604.125135940416,40741.696314617,3303.43,1391.7126225172617,1773.85,BG-1488_P,True,34,ALLWARA
2026-03-01,3348.402894164315,42730.85077629813,3253.39,1359.2484324831844,1764.52,BG-1488_P,True,35,ALLWARA
2023-04-01,708.5103977478033,0.0033946060908102067,530.61,708.5070031417124,107.75,BG-1265ST1_P,True,0,ALLWARA
2023-05-01,672.8454919806809,0.010194917054311064,517.88,672.8386916697174,101.42,BG-1265ST1_P,True,1,ALLWARA
2023-06-01,638.9761355705513,0.02030333421181314,523.28,638.9660271533937,98.83,BG-1265ST1_P,True,2,ALLWARA
2023-07-01,606.8119012756802,0.03359312842481597,516.01,606.7986114814671,92.79,BG-1265ST1_P,True,3,ALLWARA
2023-08-01,576.2672299148393,0.05022559570485524,421.07,576.2505974475592,92.44,BG-1265ST1_P,True,4,ALLWARA
2023-09-01,547.2602737843558,0.0700397357146311,362.71,547.2404596443461,92.29,BG-1265ST1_P,True,5,ALLWARA
2023-10-01,519.7133445050557,0.09260734919743992,366.51,519.6907768915729,94.7,BG-1265ST1_P,True,6,ALLWARA
2023-11-01,493.5528019716382,0.11738370355625788,373.1,493.52802561727935,100.24,BG-1265ST1_P,True,7,ALLWARA
2023-12-01,468.7094151797272,0.1444152424672723,445.46,468.6823836408162,115.68,BG-1265ST1_P,True,8,ALLWARA
2024-01-01,445.1170642624814,0.17393567095092996,523.62,445.08754383399776,143.92,BG-1265ST1_P,True,9,ALLWARA
2024-02-01,422.71302291999206,0.2064214278460253,519.28,422.680537163097,147.51,BG-1265ST1_P,True,10,ALLWARA
2024-03-01,401.4369864401756,0.24184322859917662,552.33,401.4015646394224,150.32,BG-1265ST1_P,True,11,ALLWARA
2024-04-01,381.2317759738547,0.27978147245958296,544.2,381.1938377299943,152.56,BG-1265ST1_P,True,12,ALLWARA
2024-05-01,362.043640987052,0.31999565709850036,419.05,362.0034268024131,93.77,BG-1265ST1_P,True,13,ALLWARA
2024-06-01,343.82228679245236,0.36316525009511896,401.77,343.77911719945575,84.54,BG-1265ST1_P,True,14,ALLWARA
2024-07-01,326.51782822166825,0.40872091246571607,406.99,326.47227255929766,90.0,BG-1265ST1_P,True,15,ALLWARA
2024-08-01,310.0852375136259,0.4572534094989075,345.09,310.0367050165927,77.47,BG-1265ST1_P,True,16,ALLWARA
2024-09-01,294.4802142040486,0.5089156755362854,353.2,294.4285519380112,79.9,BG-1265ST1_P,True,17,ALLWARA
2024-10-01,279.66061132794437,0.5633681402108152,327.11,279.60615886326985,79.02,BG-1265ST1_P,True,18,ALLWARA
2024-11-01,265.5868590726619,0.6202588736200837,284.72,265.52996833925266,57.51,BG-1265ST1_P,True,19,ALLWARA
2024-12-01,252.22163171230267,0.6794762353765068,276.1,252.16241435054624,54.87,BG-1265ST1_P,True,20,ALLWARA
2025-01-01,239.52922844964414,0.7408826203696414,271.09,239.467822064651,55.49,BG-1265ST1_P,True,21,ALLWARA
2025-02-01,227.47604757608798,0.8046175721470958,278.99,227.41231262431052,53.23,BG-1265ST1_P,True,22,ALLWARA
2025-03-01,216.02978579867408,0.8706906379477454,281.48,215.96371273287343,55.2,BG-1265ST1_P,True,23,ALLWARA
2025-04-01,205.1598393526119,0.9390611991675535,274.15,205.0914687913921,54.7,BG-1265ST1_P,True,24,ALLWARA
2025-05-01,194.83709563531062,1.0095914761678104,346.89,194.76656535831037,75.01,BG-1265ST1_P,True,25,ALLWARA
2025-06-01,185.03407181887667,1.0822155809155394,403.0,184.96144771412895,90.73,BG-1265ST1_P,True,26,ALLWARA
2025-07-01,175.72477290994132,1.1570401664651724,428.14,175.6499483243917,97.09,BG-1265ST1_P,True,27,ALLWARA
2025-08-01,166.8851792032099,1.2350023649357547,428.47,166.80721700473933,101.92,BG-1265ST1_P,True,28,ALLWARA
2025-09-01,158.49091777279563,1.3162655360720015,382.84,158.40965460165938,83.24,BG-1265ST1_P,True,29,ALLWARA
2025-10-01,0.0,1.3162655360720015,0.0,0.0,0.0,BG-1265ST1_P,True,30,ALLWARA
2025-11-01,0.0,1.3162655360720015,0.0,0.0,0.0,BG-1265ST1_P,True,31,ALLWARA
2025-12-01,135.7571023002058,1.403913573565749,378.38,135.66945426271204,87.67,BG-1265ST1_P,True,32,ALLWARA
2026-01-01,128.92962795434335,1.494083765471761,482.11,128.83945776243732,61.5,BG-1265ST1_P,True,33,ALLWARA
2026-02-01,122.44635356708332,1.5871341020785092,484.97,122.35330323047657,49.83,BG-1265ST1_P,True,34,ALLWARA
2026-03-01,0.0,1.5871341020785092,0.0,0.0,0.0,BG-1265ST1_P,True,35,ALLWARA
2023-04-01,1788.5918076810194,1078.793856371939,1783.75,709.7979513090804,0.87,BG-1873_P,True,0,ALLWARA
2023-05-01,1939.0541850954096,2775.8944074431847,1813.28,241.953634024164,8.34,BG-1873_P,True,1,ALLWARA
2023-06-01,2148.0138623031035,4841.431896139502,1887.78,82.4763736067861,7.22,BG-1873_P,True,2,ALLWARA
2023-07-01,2244.573632826316,7057.891249009821,1813.37,28.114279955996896,7.43,BG-1873_P,True,3,ALLWARA
2023-08-01,2336.078150481638,9384.385894508414,1769.24,9.583504983045643,6.97,BG-1873_P,True,4,ALLWARA
2023-09-01,2345.435528948047,11726.554629218663,3400.61,3.266794237796941,0.0,BG-1873_P,True,5,ALLWARA
2023-10-01,2640.2193893718977,14365.66044431779,2277.07,1.1135742727721467,0.19,BG-1873_P,True,6,ALLWARA
2023-11-01,2941.1646368243905,17306.445489539306,2274.03,0.3795916028725084,0.0,BG-1873_P,True,7,ALLWARA
2023-12-01,2517.853912999621,19824.17000857887,2376.71,0.12939396005676498,0.83,BG-1873_P,True,8,ALLWARA
2024-01-01,2118.082755621184,21942.2086568047,2601.17,0.04410739534929856,0.53,BG-1873_P,True,9,ALLWARA
2024-02-01,1888.086043769549,23830.279665387727,2671.55,0.01503518652374389,0.0,BG-1873_P,True,10,ALLWARA
2024-03-01,2187.0887785688146,26017.3633188107,2384.98,0.0051251458403644866,0.0,BG-1873_P,True,11,ALLWARA
2024-04-01,2516.2506409036364,28533.61221267117,2441.43,0.0017470431672745694,0.0,BG-1873_P,True,12,ALLWARA
2024-05-01,2227.4433290822194,30761.054946226956,2467.01,0.000595526434444584,351.56,BG-1873_P,True,13,ALLWARA
2024-06-01,2919.3529380863533,33680.40768131218,2239.66,0.0002030011282866839,0.0,BG-1873_P,True,14,ALLWARA
2024-07-01,2503.0466792880034,36183.45429140182,2291.27,6.919836921110083e-05,0.0,BG-1873_P,True,15,ALLWARA
2024-08-01,2864.756335602518,39048.21060341622,2359.04,2.358811668629494e-05,0.0,BG-1873_P,True,16,ALLWARA
2024-09-01,3214.480750362159,42262.69134573774,3712.13,8.040641060613433e-06,201.55,BG-1873_P,True,17,ALLWARA
2024-10-01,3677.416014599752,45940.10735759662,4506.88,2.7408677651313402e-06,32.37,BG-1873_P,True,18,ALLWARA
2024-11-01,4229.131322907185,50169.238679569506,4263.4,9.342981547497365e-07,32.67,BG-1873_P,True,19,ALLWARA
2024-12-01,4546.815109622628,54716.05378887365,5163.61,3.1848053856291504e-07,475.7,BG-1873_P,True,20,ALLWARA
2025-01-01,4720.294435994544,59436.34822475963,6052.89,1.085626177550288e-07,835.4,BG-1873_P,True,21,ALLWARA
2025-02-01,4864.52577166867,64300.873996391296,6043.48,3.7006474640509916e-08,818.62,BG-1873_P,True,22,ALLWARA
2025-03-01,4973.297715563386,69274.17171194206,6078.25,1.2614647598208563e-08,844.72,BG-1873_P,True,23,ALLWARA
2025-04-01,5041.009137781127,74315.18084971889,4934.06,4.300040346258618e-09,1082.99,BG-1873_P,True,24,ALLWARA
2025-05-01,5087.752932728251,79402.93378244567,4808.67,1.4657838703379874e-09,1726.93,BG-1873_P,True,25,ALLWARA
2025-06-01,5115.025261928432,84517.95904437361,4779.27,4.996516733645044e-10,2854.51,BG-1873_P,True,26,ALLWARA
2025-07-01,5071.862557120346,89589.82160149378,4742.48,1.7031964926615305e-10,2857.44,BG-1873_P,True,27,ALLWARA
2025-08-01,4839.042020197679,94428.8636216914,4739.09,5.8058012156366734e-11,2866.06,BG-1873_P,True,28,ALLWARA
2025-09-01,5015.881036551397,99444.74465824278,4520.69,1.9790627740675302e-11,2771.42,BG-1873_P,True,29,ALLWARA
2025-10-01,5132.716587176411,104577.46124541918,4576.55,6.746165289213008e-12,1534.13,BG-1873_P,True,30,ALLWARA
2025-11-01,5204.680831591571,109782.14207701075,4567.41,2.299611043455941e-12,1458.09,BG-1873_P,True,31,ALLWARA
2025-12-01,5256.678463257247,115038.820540268,4531.32,7.838839880843528e-13,1455.74,BG-1873_P,True,32,ALLWARA
2026-01-01,5299.935240236001,120338.755780504,4709.0,2.672078430496555e-13,1410.87,BG-1873_P,True,33,ALLWARA
2026-02-01,5326.354303280697,125665.11008378469,4956.6,9.108494684492275e-14,1422.52,BG-1873_P,True,34,ALLWARA
2026-03-01,3754.0565587946567,129419.16664257935,4721.66,3.104874260820504e-14,1355.37,BG-1873_P,True,35,ALLWARA
2023-04-01,2659.4890118203716,256.2909143681599,2870.02,2403.1980974522116,1875.53,BG-0767_P,True,0,ALLWARA
2023-05-01,2741.346598318314,685.68790419299,2462.9,2311.949608493484,1362.74,BG-0767_P,True,1,ALLWARA
2023-06-01,2901.1643277186804,1362.6864430489552,3271.07,2224.165788862715,1887.94,BG-0767_P,True,2,ALLWARA
2023-07-01,3001.6085736997798,2224.5799303239846,3244.4,2139.7150864247506,2051.46,BG-0767_P,True,3,ALLWARA
2023-08-01,3081.3105463719294,3247.419532668515,3145.5,2058.470944027399,1987.9,BG-0767_P,True,4,ALLWARA
2023-09-01,3123.2684416872294,4390.376364511856,3101.11,1980.3116098438882,1956.51,BG-0767_P,True,5,ALLWARA
2023-10-01,2820.4710321726157,5305.727441767929,3033.27,1905.1199549165426,1693.85,BG-0767_P,True,6,ALLWARA
2023-11-01,2532.5181353015173,6005.462279441187,2663.42,1832.7832976282596,1406.64,BG-0767_P,True,7,ALLWARA
2023-12-01,2298.4958761930943,6540.764920795549,2687.4,1763.1932348387322,1341.88,BG-0767_P,True,8,ALLWARA
2024-01-01,2297.150922716325,7141.670364079512,2746.74,1696.2454794323621,1259.24,BG-0767_P,True,9,ALLWARA
2024-02-01,2455.3525101733117,7965.183170218407,2834.62,1631.839704034417,1185.09,BG-0767_P,True,10,ALLWARA
2024-03-01,2564.358697357331,8959.662476914513,2714.92,1569.8793906612252,1242.31,BG-0767_P,True,11,ALLWARA
2024-04-01,2636.673736805462,10086.064527640887,2692.84,1510.2716860790883,1478.23,BG-0767_P,True,12,ALLWARA
2024-05-01,2512.2960678132713,11145.433332798993,2543.21,1452.9272626551647,1552.12,BG-0767_P,True,13,ALLWARA
2024-06-01,2207.2398369117436,11954.912985218949,2410.21,1397.7601844917883,958.57,BG-0767_P,True,14,ALLWARA
2024-07-01,2310.080213724625,12920.305420299961,2421.62,1344.6877786436123,929.08,BG-0767_P,True,15,ALLWARA
2024-08-01,2357.2805499848287,13983.955459060198,2459.82,1293.6305112245923,947.94,BG-0767_P,True,16,ALLWARA
2024-09-01,2378.256280599224,15117.699871440287,2248.82,1244.5118682191346,1718.58,BG-0767_P,True,17,ALLWARA
2024-10-01,2385.0056022750587,16305.447232896546,2235.25,1197.2582408188005,1491.69,BG-0767_P,True,18,ALLWARA
2024-11-01,2387.7326420172135,17541.38105980103,2190.01,1151.7988151127295,1093.47,BG-0767_P,True,19,ALLWARA
2024-12-01,2379.895861816228,18813.211455650784,2255.7,1108.065465966476,1087.73,BG-0767_P,True,20,ALLWARA
2025-01-01,2366.5262093098563,20113.745010030416,2275.27,1065.9926549302231,1142.5,BG-0767_P,True,21,ALLWARA
2025-02-01,2351.9105772721878,21440.138255279224,2301.96,1025.5173320233816,1200.93,BG-0767_P,True,22,ALLWARA
2025-03-01,2334.430967979308,22787.990382010143,2414.27,986.5788412483906,1320.48,BG-0767_P,True,23,ALLWARA
2025-04-01,2315.128062679816,24153.99961499784,2455.41,949.1188296921196,1332.99,BG-0767_P,True,24,ALLWARA
2025-05-01,2291.3114170782947,25532.229871997475,2445.01,913.0811600786583,1310.11,BG-0767_P,True,25,ALLWARA
2025-06-01,2266.2288400993234,26920.04688545436,2335.43,878.4118266424385,1336.43,BG-0767_P,True,26,ALLWARA
2025-07-01,2232.4475157013435,28307.435526960082,2220.66,845.0588741956243,1303.27,BG-0767_P,True,27,ALLWARA
2025-08-01,2190.1046771341425,29684.567883825745,2224.17,812.9723202684786,1307.26,BG-0767_P,True,28,ALLWARA
2025-09-01,2173.8742842053434,31076.338087825054,2132.6,782.1040802060323,1221.61,BG-0767_P,True,29,ALLWARA
2025-10-01,2121.902611927599,32445.83280464385,2184.1,752.4078951088003,1269.11,BG-0767_P,True,30,ALLWARA
2025-11-01,2098.9134459686493,33820.906988102935,2182.63,723.8392625095646,1269.45,BG-0767_P,True,31,ALLWARA
2025-12-01,2080.044430351129,35204.59604877174,1773.42,696.3553696823273,940.62,BG-0767_P,True,32,ALLWARA
2026-01-01,2074.3251275716457,36609.00614685989,1802.82,669.9150294835009,899.06,BG-0767_P,True,33,ALLWARA
2026-02-01,2067.765561449571,38032.29308968028,1874.89,644.4786186291824,906.48,BG-0767_P,True,34,ALLWARA
2026-03-01,1795.5614408408026,39207.84651220507,1783.69,620.0080183160135,862.52,BG-0767_P,True,35,ALLWARA
2023-04-01,0.0,0.0,0.0,0.0,0.0,BG-0299_P,True,0,ALLWARA
2023-05-01,0.0,0.0,0.0,0.0,0.0,BG-0299_P,True,1,ALLWARA
2023-06-01,0.0,0.0,0.0,0.0,0.0,BG-0299_P,True,2,ALLWARA
2023-07-01,0.0,0.0,0.0,0.0,0.0,BG-0299_P,True,3,ALLWARA
2023-08-01,0.0,0.0,0.0,0.0,0.0,BG-0299_P,True,4,ALLWARA
2023-09-01,0.0,0.0,0.0,0.0,0.0,BG-0299_P,True,5,ALLWARA
2023-10-01,0.0,0.0,0.0,0.0,0.0,BG-0299_P,True,6,ALLWARA
2023-11-01,0.0,0.0,0.0,0.0,0.0,BG-0299_P,True,7,ALLWARA
2023-12-01,0.0,0.0,0.0,0.0,0.0,BG-0299_P,True,8,ALLWARA
2024-01-01,0.0,0.0,0.0,0.0,0.0,BG-0299_P,True,9,ALLWARA
2024-02-01,0.0,0.0,0.0,0.0,0.0,BG-0299_P,True,10,ALLWARA
2024-03-01,0.0,0.0,0.0,0.0,0.0,BG-0299_P,True,11,ALLWARA
2024-04-01,0.0,0.0,0.0,0.0,0.0,BG-0299_P,True,12,ALLWARA
2024-05-01,0.0,0.0,0.0,0.0,0.0,BG-0299_P,True,13,ALLWARA
2024-06-01,0.0,0.0,0.0,0.0,0.0,BG-0299_P,True,14,ALLWARA
2024-07-01,0.0,0.0,0.0,0.0,0.0,BG-0299_P,True,15,ALLWARA
2024-08-01,1133.4112153813264,1133.4112153813264,635.09,0.0,153.61,BG-0299_P,True,16,ALLWARA
2024-09-01,1194.8101961993102,2328.2214115806364,1129.42,0.0,244.92,BG-0299_P,True,17,ALLWARA
2024-10-01,1294.7669593397422,3622.9883709203787,1133.83,0.0,242.59,BG-0299_P,True,18,ALLWARA
2024-11-01,1386.8063930236976,5009.794763944076,1087.04,0.0,244.72,BG-0299_P,True,19,ALLWARA
2024-12-01,1467.704480014129,6477.499243958206,1164.47,0.0,652.16,BG-0299_P,True,20,ALLWARA
2025-01-01,1539.7350963906617,8017.234340348868,1935.29,0.0,756.23,BG-0299_P,True,21,ALLWARA
2025-02-01,1607.9377175352797,9625.172057884147,2053.26,0.0,768.61,BG-0299_P,True,22,ALLWARA
2025-03-01,1668.797562138834,11293.969620022981,2079.89,0.0,793.12,BG-0299_P,True,23,ALLWARA
2025-04-01,1722.588832509284,13016.558452532265,2104.02,0.0,791.64,BG-0299_P,True,24,ALLWARA
2025-05-01,1770.9286270074413,14787.487079539706,1712.49,0.0,651.77,BG-0299_P,True,25,ALLWARA
2025-06-01,1813.5734998124105,16601.060579352117,1564.54,0.0,648.6,BG-0299_P,True,26,ALLWARA
2025-07-01,1841.0839602096703,18442.14453956179,1546.4,0.0,649.31,BG-0299_P,True,27,ALLWARA
2025-08-01,1623.9349365759647,20066.079476137755,1546.27,0.0,652.8,BG-0299_P,True,28,ALLWARA
2025-09-01,1527.6827192877486,21593.762195425505,1314.25,0.0,612.45,BG-0299_P,True,29,ALLWARA
2025-10-01,1447.3124381559257,23041.07463358143,1224.8,0.0,500.04,BG-0299_P,True,30,ALLWARA
2025-11-01,1376.901256900546,24417.975890481976,1223.5,0.0,500.17,BG-0299_P,True,31,ALLWARA
2025-12-01,1315.5255307785621,25733.50142126054,1214.85,0.0,499.37,BG-0299_P,True,32,ALLWARA
2026-01-01,1260.978066230676,26994.479487491215,1429.59,0.0,610.38,BG-0299_P,True,33,ALLWARA
2026-02-01,1213.6847735827282,28208.164261073944,1729.31,0.0,637.87,BG-0299_P,True,34,ALLWARA
2026-03-01,1149.9528341987827,29358.117095272726,1646.41,0.0,601.86,BG-0299_P,True,35,ALLWARA
2023-04-01,2602.2924486616853,85.92338039687971,2966.55,2516.3690682648057,1806.5,BG-1254_P,True,0,ALLWARA
2023-05-01,2601.605933664243,252.59694718614287,2837.17,2434.93236687498,1771.13,BG-1254_P,True,1,ALLWARA
2023-06-01,2618.3307196938304,514.7964832520738,2825.07,2356.1311836278996,1637.53,BG-1254_P,True,2,ALLWARA
2023-07-01,2633.0975451888116,868.0138026141287,2673.64,2279.880225826757,1755.1,BG-1254_P,True,3,ALLWARA
2023-08-01,2650.5350629166105,1312.4519044471185,2239.86,2206.0969610836205,1337.15,BG-1254_P,True,4,ALLWARA
2023-09-01,2666.795991152673,1844.546367611625,2144.07,2134.7015279881666,1234.42,BG-1254_P,True,5,ALLWARA
2023-10-01,2691.104398960575,2470.0341169047847,2170.64,2065.6166496674155,1230.44,BG-1254_P,True,6,ALLWARA
2023-11-01,2714.3670786464972,3185.6336454083703,2202.74,1998.7675501429114,1239.07,BG-1254_P,True,7,ALLWARA
2023-12-01,2734.6779446326714,3986.229716646217,2716.46,1934.0818733948247,1502.84,BG-1254_P,True,8,ALLWARA
2024-01-01,2791.9677401798863,4906.707851780746,2532.35,1871.4896050453576,1237.04,BG-1254_P,True,9,ALLWARA
2024-02-01,2849.2009422515766,5944.985797455624,2540.19,1810.9229965766976,1221.14,BG-1254_P,True,10,ALLWARA
2024-03-01,2901.803489013906,7094.472794468045,2670.72,1752.3164920014851,1244.4,BG-1254_P,True,11,ALLWARA
2024-04-01,2933.806411648184,8332.672549209798,2646.96,1695.606656906431,1260.32,BG-1254_P,True,12,ALLWARA
2024-05-01,0.0,8332.672549209798,0.0,0.0,0.0,BG-1254_P,True,13,ALLWARA
2024-06-01,3046.11934941666,9791.158442990656,3077.49,1587.6334556358017,1579.58,BG-1254_P,True,14,ALLWARA
2024-07-01,3083.9493473695175,11338.85456875827,3169.23,1536.253221601903,1499.55,BG-1254_P,True,15,ALLWARA
2024-08-01,3120.576613129369,12972.895387051365,3022.33,1486.535794836273,1441.66,BG-1254_P,True,16,ALLWARA
2024-09-01,3155.813353022035,14690.281377802166,3324.68,1438.4273622712335,1625.84,BG-1254_P,True,17,ALLWARA
2024-10-01,3147.5600598000033,16445.965585222533,3162.57,1391.875852379637,1614.81,BG-1254_P,True,18,ALLWARA
2024-11-01,3091.9137833267914,18191.048489735553,3123.34,1346.8308788137715,1621.56,BG-1254_P,True,19,ALLWARA
2024-12-01,3038.068256680611,19925.873060547896,3018.85,1303.2436858682688,1825.36,BG-1254_P,True,20,ALLWARA
2025-01-01,2985.9404538278513,21650.746418667768,3010.55,1261.067095707981,1918.44,BG-1254_P,True,21,ALLWARA
2025-02-01,2936.2519416405075,23366.74290300456,2983.99,1220.2554573037141,1840.44,BG-1254_P,True,22,ALLWARA
2025-03-01,2890.23571573558,25076.214021719603,3054.52,1180.7645970205394,1908.39,BG-1254_P,True,23,ALLWARA
2025-04-01,2846.1184257168666,26779.78067663126,3002.26,1142.5517708052075,1897.05,BG-1254_P,True,24,ALLWARA
2025-05-01,2803.9400344328815,28478.145093143234,2929.94,1105.5756179209088,1896.17,BG-1254_P,True,25,ALLWARA
2025-06-01,2763.4242271771964,30171.773204141125,2993.19,1069.7961161793057,1939.44,BG-1254_P,True,26,ALLWARA
2025-07-01,2760.088759994804,31896.68742551455,3192.13,1035.1745386213822,2075.17,BG-1254_P,True,27,ALLWARA
2025-08-01,2727.9443270384336,33622.95834095276,3288.78,1001.6734116002212,2105.85,BG-1254_P,True,28,ALLWARA
2025-09-01,2697.2095530111023,35350.91141974353,3222.84,969.256474220338,2139.57,BG-1254_P,True,29,ALLWARA
2025-10-01,2664.188497424602,37077.21127807845,2965.45,937.8886390896727,1934.23,BG-1254_P,True,30,ALLWARA
2025-11-01,2637.8961116652445,38807.571435401944,3172.2,907.5359543417538,2129.63,BG-1254_P,True,31,ALLWARA
2025-12-01,2612.781380631572,40542.187249146584,3154.61,878.1655668869346,2109.89,BG-1254_P,True,32,ALLWARA
2026-01-01,2588.043766993963,42280.48532928763,2959.64,849.7456868529173,2221.9,BG-1254_P,True,33,ALLWARA
2026-02-01,2564.4403394559263,44022.68011556747,2799.49,822.2455531760828,2050.62,BG-1254_P,True,34,ALLWARA
2026-03-01,2470.5279649413405,45697.57268020243,2769.82,795.635400306382,2040.61,BG-1254_P,True,35,ALLWARA
2023-04-01,0.0,0.0,0.0,0.0,0.0,BG-1956_P,True,0,ALLWARA
2023-05-01,969.1220235504653,969.1220235504652,1097.96,0.0,730.31,BG-1956_P,True,1,ALLWARA
2023-06-01,1223.2665661138353,2192.3885896643005,1135.01,0.0,752.31,BG-1956_P,True,2,ALLWARA
2023-07-01,1391.7850391106215,3584.173628774922,1174.65,0.0,621.77,BG-1956_P,True,3,ALLWARA
2023-08-01,1553.8943412547,5138.067970029622,1182.07,0.0,674.09,BG-1956_P,True,4,ALLWARA
2023-09-01,1682.2483334503484,6820.316303479971,1880.32,0.0,1070.13,BG-1956_P,True,5,ALLWARA
2023-10-01,1764.006730337934,8584.323033817906,1955.76,0.0,1059.01,BG-1956_P,True,6,ALLWARA
2023-11-01,1829.9681009457527,10414.291134763658,2004.86,0.0,1058.59,BG-1956_P,True,7,ALLWARA
2023-12-01,1863.1479065800033,12277.439041343661,2028.07,0.0,998.86,BG-1956_P,True,8,ALLWARA
2024-01-01,1869.9892842433756,14147.428325587036,2011.01,0.0,1003.41,BG-1956_P,True,9,ALLWARA
2024-02-01,1889.620915558179,16037.049241145214,2025.77,0.0,966.42,BG-1956_P,True,10,ALLWARA
2024-03-01,1900.818900066869,17937.868141212082,1904.87,0.0,1303.88,BG-1956_P,True,11,ALLWARA
2024-04-01,1912.095013315786,19849.963154527868,1882.79,0.0,1443.31,BG-1956_P,True,12,ALLWARA
2024-05-01,1954.6728956362265,21804.636050164096,1897.31,0.0,1450.29,BG-1956_P,True,13,ALLWARA
2024-06-01,2044.4103854032269,23849.04643556732,1926.53,0.0,1503.28,BG-1956_P,True,14,ALLWARA
2024-07-01,2026.423884922204,25875.470320489527,1893.34,0.0,1457.91,BG-1956_P,True,15,ALLWARA
2024-08-01,2019.49432435667,27894.964644846197,1913.06,0.0,1660.6,BG-1956_P,True,16,ALLWARA
2024-09-01,2015.5307614068552,29910.495406253052,1966.85,0.0,1729.67,BG-1956_P,True,17,ALLWARA
2024-10-01,0.0,29910.495406253052,0.0,0.0,0.0,BG-1956_P,True,18,ALLWARA
2024-11-01,0.0,29910.495406253052,0.0,0.0,0.0,BG-1956_P,True,19,ALLWARA
2024-12-01,0.0,29910.495406253052,0.0,0.0,0.0,BG-1956_P,True,20,ALLWARA
2025-01-01,0.0,29910.495406253052,0.0,0.0,0.0,BG-1956_P,True,21,ALLWARA
2025-02-01,0.0,29910.495406253052,0.0,0.0,0.0,BG-1956_P,True,22,ALLWARA
2025-03-01,0.0,29910.495406253052,0.0,0.0,0.0,BG-1956_P,True,23,ALLWARA
2025-04-01,0.0,29910.495406253052,0.0,0.0,0.0,BG-1956_P,True,24,ALLWARA
2025-05-01,0.0,29910.495406253052,0.0,0.0,0.0,BG-1956_P,True,25,ALLWARA
2025-06-01,0.0,29910.495406253052,0.0,0.0,0.0,BG-1956_P,True,26,ALLWARA
2025-07-01,0.0,29910.495406253052,0.0,0.0,0.0,BG-1956_P,True,27,ALLWARA
2025-08-01,0.0,29910.495406253052,0.0,0.0,0.0,BG-1956_P,True,28,ALLWARA
2025-09-01,0.0,29910.495406253052,0.0,0.0,0.0,BG-1956_P,True,29,ALLWARA
2025-10-01,0.0,29910.495406253052,0.0,0.0,0.0,BG-1956_P,True,30,ALLWARA
2025-11-01,0.0,29910.495406253052,0.0,0.0,0.0,BG-1956_P,True,31,ALLWARA
2025-12-01,0.0,29910.495406253052,0.0,0.0,0.0,BG-1956_P,True,32,ALLWARA
2026-01-01,0.0,29910.495406253052,0.0,0.0,0.0,BG-1956_P,True,33,ALLWARA
2026-02-01,0.0,29910.495406253052,0.0,0.0,0.0,BG-1956_P,True,34,ALLWARA
2026-03-01,0.0,29910.495406253052,0.0,0.0,0.0,BG-1956_P,True,35,ALLWARA
2023-04-01,2512.481554327665,98.52183058007627,2179.48,2413.9597237475887,0.64,BG-1871_P,True,0,ALLWARA
2023-05-01,2522.086469158169,262.35867594425787,2207.64,2358.2496237939877,18.68,BG-1871_P,True,1,ALLWARA
2023-06-01,2513.1619541851283,471.6954115831976,2290.51,2303.8252185461884,42.4,BG-1871_P,True,2,ALLWARA
2023-07-01,2485.0735256311536,706.1121008653524,2202.5,2250.6568363489987,43.45,BG-1871_P,True,3,ALLWARA
2023-08-01,2453.1550399825755,960.5516505291785,2030.05,2198.7154903187497,43.22,BG-1871_P,True,4,ALLWARA
2023-09-01,2418.492272797088,1231.071060786337,2225.93,2147.9728625399293,175.14,BG-1871_P,True,5,ALLWARA
2023-10-01,2374.405125751607,1507.074897911414,2307.3,2098.4012886265305,1009.76,BG-1871_P,True,6,ALLWARA
2023-11-01,2333.0206236231693,1790.1217788948857,2376.25,2049.973742639698,1015.13,BG-1871_P,True,7,ALLWARA
2023-12-01,2295.1733655360867,2082.6313220775237,2425.28,2002.6638223534485,968.53,BG-1871_P,True,8,ALLWARA
2024-01-01,2254.243059569302,2380.4286467863885,2438.59,1956.4457348604374,973.0,BG-1871_P,True,9,ALLWARA
2024-02-01,2213.05599712672,2682.1903614031944,2455.04,1911.2942825099142,1026.4,BG-1871_P,True,10,ALLWARA
2024-03-01,2170.4822195889205,2985.4877318219037,2334.05,1867.184849170211,1170.58,BG-1871_P,True,11,ALLWARA
2024-04-01,2104.8767739324626,3266.271118946101,2311.7,1824.0933868082654,1375.08,BG-1871_P,True,12,ALLWARA
2024-05-01,1979.4719961579979,3463.746712725229,2405.14,1781.9964023788698,1077.12,BG-1871_P,True,13,ALLWARA
2024-06-01,2078.0806164110672,3800.9563841198064,2288.37,1740.8709450164897,761.17,BG-1871_P,True,14,ALLWARA
2024-07-01,2079.3510101248607,4179.6128007219895,2304.17,1700.694593522678,716.3,BG-1871_P,True,15,ALLWARA
2024-08-01,2140.781355480364,4658.9487120601,2307.43,1661.4454441422536,897.24,BG-1871_P,True,16,ALLWARA
2024-09-01,2193.989808228504,5229.836421667013,2097.73,1623.1020986215901,558.52,BG-1871_P,True,17,ALLWARA
2024-10-01,2217.801692924719,5861.994462049238,2135.56,1585.6436525424945,755.63,BG-1871_P,True,18,ALLWARA
2024-11-01,2222.5436305923986,6535.488408716314,2147.92,1549.0496839253226,944.44,BG-1871_P,True,19,ALLWARA
2024-12-01,2222.0081879742534,7244.1963545954495,2192.41,1513.3002420951173,1043.46,BG-1871_P,True,20,ALLWARA
2025-01-01,2213.861822167346,7979.682339958105,2207.68,1478.3758368046906,1108.55,BG-1871_P,True,21,ALLWARA
2025-02-01,2199.926160186826,8735.351072536198,2312.66,1444.2574276087346,933.89,BG-1871_P,True,22,ALLWARA
2025-03-01,2182.041759800959,9506.466418854003,2485.61,1410.926413483154,776.88,BG-1871_P,True,23,ALLWARA
2025-04-01,2156.083680032169,10284.1854762022,2449.59,1378.3646226839714,783.23,BG-1871_P,True,24,ALLWARA
2025-05-01,2130.879267425227,11068.510440787159,2406.66,1346.5543028402672,754.73,BG-1871_P,True,25,ALLWARA
2025-06-01,2111.0230600706664,11864.055389582065,2433.0,1315.4781112757607,807.53,BG-1871_P,True,26,ALLWARA
2025-07-01,2011.0354570977693,12589.97174112608,2726.46,1285.119105553754,1043.01,BG-1871_P,True,27,ALLWARA
2025-08-01,2162.395109706408,13496.90611659221,2888.7,1255.4607342402783,1164.64,BG-1871_P,True,28,ALLWARA
2025-09-01,2309.3023408436384,14579.721629555435,2749.8,1226.4868278804136,1131.72,BG-1871_P,True,29,ALLWARA
2025-10-01,2420.876994242516,15802.41703361509,2800.91,1198.1815901828616,1175.73,BG-1871_P,True,30,ALLWARA
2025-11-01,2507.8698329785575,17139.757277185687,2798.02,1170.5295894079593,1176.04,BG-1871_P,True,31,ALLWARA
2025-12-01,2943.155091090533,18939.396618321774,2778.54,1143.515749954446,1174.16,BG-1871_P,True,32,ALLWARA
2026-01-01,3257.057829619431,21079.329103800814,3037.31,1117.1253441403926,1194.92,BG-1871_P,True,33,ALLWARA
2026-02-01,3472.435247081108,23460.42036670811,3306.32,1091.343984173813,1243.64,BG-1871_P,True,34,ALLWARA
2026-03-01,3386.086822632754,25780.349575032284,3146.74,1066.1576143085792,1183.83,BG-1871_P,True,35,ALLWARA
2023-04-01,2953.7062188413697,0.4323529853155264,2529.6,2953.2738658560543,2265.83,BG-1261_P,True,0,ALLWARA
2023-05-01,2879.772217730791,1.2603202223943235,2391.16,2878.9442504937124,2130.86,BG-1261_P,True,1,ALLWARA
2023-06-01,2807.6866588532894,2.461575444382091,2341.65,2806.485403631302,2076.35,BG-1261_P,True,2,ALLWARA
2023-07-01,2737.3812990229667,3.9926337255119315,2213.81,2735.850240741837,1949.32,BG-1261_P,True,3,ALLWARA
2023-08-01,2668.8501942266635,5.849965604660531,2165.88,2666.992862347515,1693.86,BG-1261_P,True,4,ALLWARA
2023-09-01,2602.042941729529,8.02438314044106,2131.29,2599.8685241937487,1247.6,BG-1261_P,True,5,ALLWARA
2023-10-01,2536.8836299160594,10.474404882626569,2155.14,2534.433608173874,1261.88,BG-1261_P,True,6,ALLWARA
2023-11-01,2473.367191287191,13.196002184174336,2185.64,2470.6455939856432,1270.35,BG-1261_P,True,7,ALLWARA
2023-12-01,2411.4444936732434,16.17746435633626,2316.06,2408.4630315010813,1328.05,BG-1261_P,True,8,ALLWARA
2024-01-01,2351.0669311841584,19.398881708741776,2335.27,2347.845513831753,1375.03,BG-1261_P,True,9,ALLWARA
2024-02-01,2292.2113855954976,22.856616232301693,2349.52,2288.753651071938,1409.33,BG-1261_P,True,10,ALLWARA
2024-03-01,2234.8238849148884,26.531456444537003,2452.84,2231.149044702653,1436.19,BG-1261_P,True,11,ALLWARA
2024-04-01,2178.831960516932,30.369154321580652,2448.0,2174.9942626398883,1457.58,BG-1261_P,True,12,ALLWARA
2024-05-01,2124.1188629082017,34.23520231894203,2359.71,2120.2528149108402,1794.6,BG-1261_P,True,13,ALLWARA
2024-06-01,2071.0136239416456,38.35969631824683,2271.57,2066.889129942341,1839.22,BG-1261_P,True,14,ALLWARA
2024-07-01,2019.0003208031026,42.491485675277175,2321.38,2014.8685314460722,1915.6,BG-1261_P,True,15,ALLWARA
2024-08-01,1968.4528885846275,46.787158374356025,2171.67,1964.1572158855488,1780.8,BG-1261_P,True,16,ALLWARA
2024-09-01,1919.2124975381637,51.277425402302086,2265.38,1914.7222305102177,1830.56,BG-1261_P,True,17,ALLWARA
2024-10-01,1871.2081758606173,55.95414932050498,2173.81,1866.5314519424144,1693.57,BG-1261_P,True,18,ALLWARA
2024-11-01,1824.4111530197004,60.81173703695545,2166.33,1819.5535653032498,1700.42,BG-1261_P,True,19,ALLWARA
2024-12-01,1778.7856372122822,65.83933038536692,2106.37,1773.7580438638706,1665.37,BG-1261_P,True,20,ALLWARA
2025-01-01,1734.3041789969323,71.02838017343149,2210.88,1729.1151292088678,1858.42,BG-1261_P,True,21,ALLWARA
2025-02-01,1690.947419292757,76.37998756724677,2151.71,1685.5958118989417,1783.66,BG-1261_P,True,22,ALLWARA
2025-03-01,1648.677977594635,81.88615254162029,2218.61,1643.1718126202616,1849.7,BG-1261_P,True,23,ALLWARA
2025-04-01,1607.4684449137872,87.53903364714148,2190.74,1601.815563808266,1832.96,BG-1261_P,True,24,ALLWARA
2025-05-01,1567.2015709194538,93.24041283262532,2128.89,1561.50019173397,1706.32,BG-1261_P,True,25,ALLWARA
2025-06-01,0.0,93.24041283262532,0.0,0.0,0.0,BG-1261_P,True,26,ALLWARA
2025-07-01,0.0,93.24041283262532,0.0,0.0,0.0,BG-1261_P,True,27,ALLWARA
2025-08-01,0.0,93.24041283262532,0.0,0.0,0.0,BG-1261_P,True,28,ALLWARA
2025-09-01,0.0,93.24041283262532,0.0,0.0,0.0,BG-1261_P,True,29,ALLWARA
2025-10-01,0.0,93.24041283262532,0.0,0.0,0.0,BG-1261_P,True,30,ALLWARA
2025-11-01,0.0,93.24041283262532,0.0,0.0,0.0,BG-1261_P,True,31,ALLWARA
2025-12-01,0.0,93.24041283262532,0.0,0.0,0.0,BG-1261_P,True,32,ALLWARA
2026-01-01,0.0,93.24041283262532,0.0,0.0,0.0,BG-1261_P,True,33,ALLWARA
2026-02-01,0.0,93.24041283262532,0.0,0.0,0.0,BG-1261_P,True,34,ALLWARA
2026-03-01,0.0,93.24041283262532,0.0,0.0,0.0,BG-1261_P,True,35,ALLWARA
2023-04-01,4580.18573248007,98.76566900090782,6410.95,4481.420063479162,4471.46,BG-0764_P,True,0,ALLWARA
2023-05-01,4503.354065359782,292.52443648806684,6332.25,4309.595297872623,4312.5,BG-0764_P,True,1,ALLWARA
2023-06-01,0.0,292.52443648806684,0.0,0.0,0.0,BG-0764_P,True,2,ALLWARA
2023-07-01,0.0,292.52443648806684,0.0,0.0,0.0,BG-0764_P,True,3,ALLWARA
2023-08-01,4293.99829291003,753.8742191495862,3603.1,3832.64851024851,2593.99,BG-0764_P,True,4,ALLWARA
2023-09-01,4236.713366594504,1304.8889089406593,3492.72,3685.6986768034303,2539.98,BG-0764_P,True,5,ALLWARA
2023-10-01,4181.076270668552,1941.5820461530893,3524.5,3544.3831334561223,2675.06,BG-0764_P,True,6,ALLWARA
2023-11-01,4131.85358184372,2664.949775424699,3570.34,3408.48585257211,2673.99,BG-0764_P,True,7,ALLWARA
2023-12-01,4083.5641556107366,3470.714841675772,3438.96,3277.7990893596634,2692.22,BG-0764_P,True,8,ALLWARA
2024-01-01,4035.843124713995,4354.434902097324,3490.06,3152.1230642924425,2637.17,BG-0764_P,True,9,ALLWARA
2024-02-01,3993.819682816262,5316.988927205014,3585.45,3031.265657708572,2855.53,BG-0764_P,True,10,ALLWARA
2024-03-01,3953.3475858101274,6355.294396895878,3683.94,2915.042116119264,2780.49,BG-0764_P,True,11,ALLWARA
2024-04-01,3918.472092201947,7470.491719319784,3684.71,2803.27476977804,2818.7,BG-0764_P,True,12,ALLWARA
2024-05-01,3892.8632703026583,8667.562228543648,3663.01,2695.7927610787947,3137.84,BG-0764_P,True,13,ALLWARA
2024-06-01,3878.211778039602,9953.342223215739,3871.1,2592.4317833675104,3007.78,BG-0764_P,True,14,ALLWARA
2024-07-01,3850.931896944415,11311.240290391808,3799.05,2493.0338297683456,2912.3,BG-0764_P,True,15,ALLWARA
2024-08-01,3828.367273576121,12742.160612327798,3809.19,2397.4469516401314,2898.9,BG-0764_P,True,16,ALLWARA
2024-09-01,3807.775899139172,14244.411485172946,3763.56,2305.5250262940235,2863.03,BG-0764_P,True,17,ALLWARA
2024-10-01,3790.2190223209245,15817.50297387663,3412.42,2217.1275336172416,2639.61,BG-0764_P,True,18,ALLWARA
2024-11-01,3776.1547708283406,17461.538403443577,3233.85,2132.1193412613943,2565.93,BG-0764_P,True,19,ALLWARA
2024-12-01,3763.6894417527437,19174.857347129284,3328.06,2050.3704980670364,2748.33,BG-0764_P,True,20,ALLWARA
2025-01-01,3753.265704163154,20956.36701588379,3280.84,1971.7560354086481,2891.51,BG-0764_P,True,21,ALLWARA
2025-02-01,3747.0639258743745,22807.27516560179,3572.26,1896.155776156373,2934.14,BG-0764_P,True,22,ALLWARA
2025-03-01,3742.5275302944437,24726.348544933775,3827.77,1823.4541509624576,3135.5,BG-0764_P,True,23,ALLWARA
2025-04-01,3739.650052866931,26712.45857620914,3917.77,1753.5400215915645,3250.72,BG-0764_P,True,24,ALLWARA
2025-05-01,3699.0577802954203,28725.209845479676,3869.38,1686.306511024885,3194.91,BG-0764_P,True,25,ALLWARA
2025-06-01,3630.3666209158046,30733.92562631716,4082.07,1621.6508400783218,3418.4,BG-0764_P,True,26,ALLWARA
2025-07-01,3628.363020070801,32802.81447610296,3794.42,1559.4741702850013,3240.3,BG-0764_P,True,27,ALLWARA
2025-08-01,3573.9586238986485,34877.091647199704,3760.02,1499.681452801908,3225.16,BG-0764_P,True,28,ALLWARA
2025-09-01,3567.8525361771244,37002.76290026714,3637.08,1442.1812831096902,3134.94,BG-0764_P,True,29,ALLWARA
2025-10-01,3565.665993071247,39181.54313205489,3760.57,1386.885761283495,3256.31,BG-0764_P,True,30,ALLWARA
2025-11-01,3563.7573052871085,41411.59007972074,3760.11,1333.7103576212505,3256.89,BG-0764_P,True,31,ALLWARA
2025-12-01,3563.804499750278,43692.82079604705,3794.76,1282.5737834239694,3343.9,BG-0764_P,True,32,ALLWARA
2026-01-01,3564.700201868346,46024.12313118486,3892.67,1233.3978667305396,3617.52,BG-0764_P,True,33,ALLWARA
2026-02-01,3566.8742042417043,48404.889902609524,3963.12,1186.1074328170423,3511.56,BG-0764_P,True,34,ALLWARA
2026-03-01,3504.7390198235553,50768.99873315516,3771.51,1140.6301892779177,3341.88,BG-0764_P,True,35,ALLWARA
2023-04-01,2105.1296339306186,5.480183484259907,2223.63,2099.6494504463585,1118.3,BG-1164_P,True,0,ALLWARA
2023-05-01,2006.993212140237,15.836872787102624,1891.05,1996.636522837394,1082.82,BG-1164_P,True,1,ALLWARA
2023-06-01,1999.6267947674116,116.78605568901537,1945.49,1898.6776118654989,1162.28,BG-1164_P,True,2,ALLWARA
2023-07-01,2065.0253064179797,376.28660456309865,1946.93,1805.5247575438964,1194.82,BG-1164_P,True,3,ALLWARA
2023-08-01,2123.2539642644397,782.5984035375645,1916.48,1716.9421652899737,1228.12,BG-1164_P,True,4,ALLWARA
2023-09-01,2175.809699466626,1325.7024939375406,2395.65,1632.7056090666501,1363.42,BG-1164_P,True,5,ALLWARA
2023-10-01,2225.643511265287,1998.7441413960246,2492.06,1552.601863806803,1349.4,BG-1164_P,True,6,ALLWARA
2023-11-01,2279.7220031239194,2802.0379788358787,2390.92,1476.428165684065,1398.8,BG-1164_P,True,7,ALLWARA
2023-12-01,2328.9536454575255,3726.999925429606,2151.19,1403.9916988637983,1656.16,BG-1164_P,True,8,ALLWARA
2024-01-01,2379.400187427199,4771.291005421732,2097.28,1335.1091074350732,1549.73,BG-1164_P,True,9,ALLWARA
2024-02-01,2429.4839099153683,5931.168884048877,2169.12,1269.6060312882237,1635.22,BG-1164_P,True,10,ALLWARA
2024-03-01,2470.2570581088426,7194.109277394558,2190.45,1207.3166647631613,1713.9,BG-1164_P,True,11,ALLWARA
2024-04-01,2522.95247595357,8568.978416396856,2195.29,1148.0833369512716,1707.47,BG-1164_P,True,12,ALLWARA
2024-05-01,2593.3636085696608,10070.585912377997,2200.79,1091.75611258852,1762.94,BG-1164_P,True,13,ALLWARA
2024-06-01,2660.4598762024034,11692.853376050869,3091.53,1038.192412529533,2566.07,BG-1164_P,True,14,ALLWARA
2024-07-01,2721.2590416255853,13426.855764834494,3198.39,987.2566528419596,2635.51,BG-1164_P,True,15,ALLWARA
2024-08-01,2771.8662790588482,15259.902142285766,3173.42,938.8199016075773,2791.3,BG-1164_P,True,16,ALLWARA
2024-09-01,2844.0496321976834,17211.19222192204,3203.99,892.7595525614082,2463.71,BG-1164_P,True,17,ALLWARA
2024-10-01,2965.4356000997013,19327.668807279,3325.25,848.9590147427409,2429.39,BG-1164_P,True,18,ALLWARA
2024-11-01,3082.922754779789,21603.284144686302,3360.4,807.3074173724846,2547.99,BG-1164_P,True,19,ALLWARA
2024-12-01,3191.7012672679066,24027.28608274439,3442.32,767.6993292098189,2819.98,BG-1164_P,True,20,ALLWARA
2025-01-01,3293.5300902415765,26590.78168130821,3457.37,730.0344916777584,2673.39,BG-1164_P,True,21,ALLWARA
2025-02-01,3393.726195835258,29290.290312061366,3331.0,694.2175650821017,2354.65,BG-1164_P,True,22,ALLWARA
2025-03-01,3487.595211844342,32117.72763662433,3309.69,660.1578872813759,2338.73,BG-1164_P,True,23,ALLWARA
2025-04-01,3574.852212232262,35064.81060465968,3319.3,627.7692441969095,2770.86,BG-1164_P,True,24,ALLWARA
2025-05-01,3655.6284443133745,38123.46939739092,3283.26,596.9696515821313,2693.92,BG-1164_P,True,25,ALLWARA
2025-06-01,3729.5954433607103,41285.38369325294,3468.22,567.6811474986969,2700.45,BG-1164_P,True,26,ALLWARA
2025-07-01,3788.0497966519074,44533.603894930704,3450.48,539.8295949741431,2715.52,BG-1164_P,True,27,ALLWARA
2025-08-01,3551.7201701484387,47571.979570737596,3465.18,513.3444943415465,2683.08,BG-1164_P,True,28,ALLWARA
2025-09-01,3445.2180374335167,50529.038803384945,3331.56,488.15880478616646,2951.57,BG-1164_P,True,29,ALLWARA
2025-10-01,3350.2266622745205,53415.056691012105,3447.94,464.2087746473613,3104.51,BG-1164_P,True,30,ALLWARA
2025-11-01,3261.5710278871093,56235.193938852986,3444.79,441.43378004622497,2653.2,BG-1164_P,True,31,ALLWARA
2025-12-01,3179.098591353986,58994.516358776506,3429.73,419.7761714304694,2480.37,BG-1164_P,True,32,ALLWARA
2026-01-01,3101.1260287318564,61696.46125986025,3419.11,399.18112764811684,2435.8,BG-1164_P,True,33,ALLWARA
2026-02-01,3028.8041664322445,64345.66890911187,3472.26,379.5965171806226,2693.06,BG-1164_P,True,34,ALLWARA
2026-03-01,2930.761385164802,66915.45752809249,3304.03,360.97276618417425,2562.75,BG-1164_P,True,35,ALLWARA
2023-04-01,4465.3973966724925,30.689923865617565,4111.67,4434.707472806875,2960.81,BG-1257_P,True,0,ALLWARA
2023-05-01,4408.081934198682,91.87747671544702,3920.57,4346.894381348852,2784.75,BG-1257_P,True,1,ALLWARA
2023-06-01,4350.727570108189,181.78494122090225,3855.48,4260.820105602734,2814.75,BG-1257_P,True,2,ALLWARA
2023-07-01,4293.565930619094,298.90065712944715,3570.28,4176.450214710549,3143.73,BG-1257_P,True,3,ALLWARA
2023-08-01,4238.89627384931,444.045971387764,3491.41,4093.750959590993,2884.17,BG-1257_P,True,4,ALLWARA
2023-09-01,4185.563122589315,616.919834537731,3441.58,4012.689259439348,2587.44,BG-1257_P,True,5,ALLWARA
2023-10-01,4133.543791693556,817.2309377365717,3475.28,3933.2326884947156,2613.18,BG-1257_P,True,6,ALLWARA
2023-11-01,4083.3615182657795,1045.2429929330688,3519.32,3855.3494630692826,2634.64,BG-1257_P,True,7,ALLWARA
2023-12-01,4033.859651788705,1300.0942158873513,3603.48,3779.0084288344224,2618.94,BG-1257_P,True,8,ALLWARA
2024-01-01,3983.925055929019,1579.8402234578243,3462.36,3704.179048358546,2573.82,BG-1257_P,True,9,ALLWARA
2024-02-01,0.0,1579.8402234578243,0.0,0.0,0.0,BG-1257_P,True,10,ALLWARA
2024-03-01,3888.5400135791438,1909.444126644774,3493.16,3558.936110392194,3098.54,BG-1257_P,True,11,ALLWARA
2024-04-01,3842.1971370467854,2263.176809901627,3683.99,3488.4644537899326,3200.92,BG-1257_P,True,12,ALLWARA
2024-05-01,3797.0693450298677,2640.8579254488286,3769.14,3419.3882294826667,3254.57,BG-1257_P,True,13,ALLWARA
2024-06-01,3757.2114541388773,3046.389573528061,3674.24,3351.6798060596448,3121.82,BG-1257_P,True,14,ALLWARA
2024-07-01,3713.2653948744082,3474.3428691537624,3764.38,3285.312099248707,3205.48,BG-1257_P,True,15,ALLWARA
2024-08-01,3668.947137625625,3923.031445697174,3658.36,3220.2585610822134,2670.59,BG-1257_P,True,16,ALLWARA
2024-09-01,3627.3857788269156,4393.9240552465835,3841.6,3156.4931692775067,2763.19,BG-1257_P,True,17,ALLWARA
2024-10-01,3586.1865153827025,4886.1201538016385,3711.92,3093.9904168276476,2733.0,BG-1257_P,True,18,ALLWARA
2024-11-01,3545.4644212272246,5398.859273230589,3734.06,3032.725301798275,2846.69,BG-1257_P,True,19,ALLWARA
2024-12-01,3505.377290011026,5931.5632459151175,3775.17,2972.673317326498,3127.73,BG-1257_P,True,20,ALLWARA
2025-01-01,3466.243735632907,6483.9965397302,3793.33,2913.810441817824,3162.39,BG-1257_P,True,21,ALLWARA
2025-02-01,3428.429372388119,7056.312782781118,3693.83,2856.1131293372023,3033.29,BG-1257_P,True,22,ALLWARA
2025-03-01,3391.368840375887,7648.123322966674,3808.16,2799.558300190331,3145.98,BG-1257_P,True,23,ALLWARA
2025-04-01,3355.0003708631216,8259.000362138318,3760.4,2744.1233316914772,3118.07,BG-1257_P,True,24,ALLWARA
2025-05-01,3306.995580205984,8876.209893230203,3729.2,2689.786049114099,3102.17,BG-1257_P,True,25,ALLWARA
2025-06-01,3250.7357116908115,9490.420888100356,3817.31,2636.524716820659,3189.41,BG-1257_P,True,26,ALLWARA
2025-07-01,3216.2432347914837,10122.34609332376,4077.87,2584.3180295680786,3412.37,BG-1257_P,True,27,ALLWARA
2025-08-01,3168.7400303258673,10757.94101966427,4239.41,2533.1451039853587,3582.86,BG-1257_P,True,28,ALLWARA
2025-09-01,3142.5115736828193,11417.467123127137,4153.23,2482.9854702199514,3501.23,BG-1257_P,True,29,ALLWARA
2025-10-01,3113.537682592957,12097.185741970548,3572.91,2433.8190637495463,2950.37,BG-1257_P,True,30,ALLWARA
2025-11-01,3089.004076827424,12800.563601441978,3596.62,2385.626217355995,3018.75,BG-1257_P,True,31,ALLWARA
2025-12-01,3065.236585170218,13527.412533354038,3569.02,2338.3876532581585,3002.01,BG-1257_P,True,32,ALLWARA
2026-01-01,3041.7383820251544,14277.066439978647,3852.07,2292.0844754005443,3121.44,BG-1257_P,True,33,ALLWARA
2026-02-01,3018.774679592002,15049.142957676026,3800.4,2246.698161894624,2963.48,BG-1257_P,True,34,ALLWARA
2026-03-01,2969.215799754494,15816.148199820684,3763.97,2202.210557609836,2949.02,BG-1257_P,True,35,ALLWARA
2023-04-01,3673.0792953567425,297.78280740104987,3949.9,3375.2964879556926,2581.23,BG-0921_P,True,0,ALLWARA
2023-05-01,3827.424366409325,816.7460342992551,3812.76,3308.46113951112,2821.21,BG-0921_P,True,1,ALLWARA
2023-06-01,3912.671250100995,1486.4680647644943,3861.0,3242.949219635756,3174.17,BG-0921_P,True,2,ALLWARA
2023-07-01,3949.5939820277245,2257.327524104074,4014.55,3178.734522688145,3201.36,BG-0921_P,True,3,ALLWARA
2023-08-01,3974.3027173184746,3115.838879489247,3932.82,3115.7913619333017,3184.51,BG-0921_P,True,4,ALLWARA
2023-09-01,3979.6053189423483,4041.3496391639237,3874.56,3054.0945592676712,3134.58,BG-0921_P,True,5,ALLWARA
2023-10-01,3971.1634535151807,5018.893657531553,3923.95,2993.619435147551,3089.49,BG-0921_P,True,6,ALLWARA
2023-11-01,3958.2852286268276,6042.837087441433,4221.06,2934.3417987169473,2349.74,BG-0921_P,True,7,ALLWARA
2023-12-01,3931.7938321805727,7098.392981491095,4293.45,2876.23793813091,2143.82,BG-0921_P,True,8,ALLWARA
2024-01-01,3885.045867737299,8164.154238157919,4196.74,2819.284611070475,2390.65,BG-0921_P,True,9,ALLWARA
2024-02-01,3844.775676884888,9245.470879597375,4016.22,2763.4590354454313,3201.42,BG-0921_P,True,10,ALLWARA
2024-03-01,3801.880668654212,10338.61266797041,4019.9,2708.738880281177,2970.91,BG-0921_P,True,11,ALLWARA
2024-04-01,3757.130603390253,11440.641014574627,3952.51,2655.102256786036,2893.89,BG-0921_P,True,12,ALLWARA
2024-05-01,3714.6771663202917,12552.790471299475,3957.39,2602.5277095954443,3025.0,BG-0921_P,True,13,ALLWARA
2024-06-01,3713.755911047676,13715.552174157629,4062.43,2550.9942081895233,2789.24,BG-0921_P,True,14,ALLWARA
2024-07-01,3653.647878900477,14868.718914577517,4022.22,2500.481138480587,2660.17,BG-0921_P,True,15,ALLWARA
2024-08-01,3586.352702809318,16004.1033228196,4058.07,2450.9682945672366,2655.74,BG-0921_P,True,16,ALLWARA
2024-09-01,3543.0013395070146,17144.66879167489,3349.25,2402.435870651726,2668.26,BG-0921_P,True,17,ALLWARA
2024-10-01,3495.313879665547,18285.118218223055,3234.36,2354.8644531173813,2707.39,BG-0921_P,True,18,ALLWARA
2024-11-01,3445.772441615764,19422.655647075924,3211.12,2308.235012762895,2839.95,BG-0921_P,True,19,ALLWARA
2024-12-01,3396.443292336316,20556.570042221847,3237.67,2262.5288971903915,2434.51,BG-0921_P,True,20,ALLWARA
2025-01-01,3351.200875308384,21690.043094186014,3209.38,2217.7278233442175,2191.73,BG-0921_P,True,21,ALLWARA
2025-02-01,3312.8323151430527,22829.061539131588,3186.83,2173.8138701974804,2081.89,BG-0921_P,True,22,ALLWARA
2025-03-01,3274.4573353070095,23972.749402855203,3261.78,2130.769471583393,2114.93,BG-0921_P,True,23,ALLWARA
2025-04-01,3235.861494581365,25120.03348826799,3299.97,2088.577409168578,2434.26,BG-0921_P,True,24,ALLWARA
2025-05-01,3081.971927802661,26154.78461050515,3274.67,2047.2208055655005,2516.03,BG-0921_P,True,25,ALLWARA
2025-06-01,2873.5038757206785,27021.605368644538,3459.79,2006.6831175812904,2479.58,BG-0921_P,True,26,ALLWARA
2025-07-01,2903.033346267218,27957.69058531151,3213.82,1966.9481296002448,2586.99,BG-0921_P,True,27,ALLWARA
2025-08-01,2785.5137091995166,28815.204347413663,3116.16,1927.9999470973637,2655.26,BG-0921_P,True,28,ALLWARA
2025-09-01,2881.3282407546835,29806.709597888017,3013.04,1889.8229902803303,2580.44,BG-0921_P,True,29,ALLWARA
2025-10-01,2913.680948076561,30867.988558107194,3115.02,1852.4019878573847,2680.56,BG-0921_P,True,30,ALLWARA
2025-11-01,2964.423524854526,32016.690112033113,3114.88,1815.7219709286048,2681.28,BG-0921_P,True,31,ALLWARA
2025-12-01,2995.725233609675,33232.647078644644,3164.67,1779.7682669981452,2677.23,BG-0921_P,True,32,ALLWARA
2026-01-01,3008.1991271114243,34496.31971165102,3118.14,1744.5264941050452,2594.35,BG-0921_P,True,33,ALLWARA
2026-02-01,3009.661474674433,35795.99863125521,3177.03,1709.9825550702506,2615.77,BG-0921_P,True,34,ALLWARA
2026-03-01,2747.565138782071,36867.441138179725,3012.29,1676.1226318575552,2486.41,BG-0921_P,True,35,ALLWARA
2023-04-01,0.0,0.0,0.0,0.0,0.0,BG-2018_P,True,0,ALLWARA
2023-05-01,920.6737089480938,920.6737089480938,1421.95,0.0,0.0,BG-2018_P,True,1,ALLWARA
2023-06-01,1164.2981641576978,2084.9718731057915,1480.19,0.0,0.0,BG-2018_P,True,2,ALLWARA
2023-07-01,1346.7806828783741,3431.7525559841656,1421.56,0.0,0.0,BG-2018_P,True,3,ALLWARA
2023-08-01,1484.731588552217,4916.484144536383,1292.19,0.0,121.78,BG-2018_P,True,4,ALLWARA
2023-09-01,1570.6396148346976,6487.12375937108,1247.18,0.0,341.71,BG-2018_P,True,5,ALLWARA
2023-10-01,1628.2483414704602,8115.3721008415405,1340.38,0.0,338.16,BG-2018_P,True,6,ALLWARA
2023-11-01,1672.8777867691397,9788.24988761068,1395.58,0.0,338.03,BG-2018_P,True,7,ALLWARA
2023-12-01,1687.2986200159066,11475.548507626587,1464.23,0.0,302.55,BG-2018_P,True,8,ALLWARA
2024-01-01,1485.618159353842,12961.166666980429,1517.22,0.0,215.97,BG-2018_P,True,9,ALLWARA
2024-02-01,1367.7689215384414,14328.93558851887,1496.42,0.0,227.85,BG-2018_P,True,10,ALLWARA
2024-03-01,1292.2965028899741,15621.232091408845,1371.34,0.0,238.85,BG-2018_P,True,11,ALLWARA
2024-04-01,1254.8690886426175,16876.10118005146,1388.75,0.0,277.22,BG-2018_P,True,12,ALLWARA
2024-05-01,0.0,16876.10118005146,0.0,0.0,0.0,BG-2018_P,True,13,ALLWARA
2024-06-01,0.0,16876.10118005146,0.0,0.0,0.0,BG-2018_P,True,14,ALLWARA
2024-07-01,0.0,16876.10118005146,0.0,0.0,0.0,BG-2018_P,True,15,ALLWARA
2024-08-01,0.0,16876.10118005146,0.0,0.0,0.0,BG-2018_P,True,16,ALLWARA
2024-09-01,2407.388300582612,19283.489480634074,2190.54,0.0,1290.61,BG-2018_P,True,17,ALLWARA
2024-10-01,2494.1476454565795,21777.637126090653,2518.36,0.0,1648.59,BG-2018_P,True,18,ALLWARA
2024-11-01,2430.9460580979267,24208.58318418858,2483.72,0.0,1677.69,BG-2018_P,True,19,ALLWARA
2024-12-01,2455.7808652155795,26664.36404940416,2613.02,0.0,1533.68,BG-2018_P,True,20,ALLWARA
2025-01-01,2479.8388516512987,29144.20290105546,2687.4,0.0,1768.78,BG-2018_P,True,21,ALLWARA
2025-02-01,2510.4511167406654,31654.65401779613,2656.2,0.0,1735.24,BG-2018_P,True,22,ALLWARA
2025-03-01,2531.6952553017204,34186.34927309785,2713.05,0.0,1790.56,BG-2018_P,True,23,ALLWARA
2025-04-01,2548.9925009674043,36735.34177406525,2764.56,0.0,1845.08,BG-2018_P,True,24,ALLWARA
2025-05-01,2564.681829477928,39300.02360354318,2702.19,0.0,1780.4,BG-2018_P,True,25,ALLWARA
2025-06-01,2580.8344285199955,41880.85803206317,2753.46,0.0,1871.2,BG-2018_P,True,26,ALLWARA
2025-07-01,2573.148991381303,44454.00702344448,2720.83,0.0,1861.94,BG-2018_P,True,27,ALLWARA
2025-08-01,2512.566992746942,46966.57401619142,2727.38,0.0,1871.95,BG-2018_P,True,28,ALLWARA
2025-09-01,2565.3607017306476,49531.93471792207,2436.33,0.0,1579.93,BG-2018_P,True,29,ALLWARA
2025-10-01,2617.1842496641925,52149.11896758626,2493.72,0.0,1747.9,BG-2018_P,True,30,ALLWARA
2025-11-01,2645.1703566333736,54794.28932421964,2492.72,0.0,1748.37,BG-2018_P,True,31,ALLWARA
2025-12-01,2423.2047512130544,57217.49407543269,2481.84,0.0,1745.56,BG-2018_P,True,32,ALLWARA
2026-01-01,2313.3783397030884,59530.872415135775,2476.52,0.0,1688.49,BG-2018_P,True,33,ALLWARA
2026-02-01,2462.741541798636,61993.61395693441,2551.35,0.0,1685.73,BG-2018_P,True,34,ALLWARA
2026-03-01,2224.8157989008964,64218.42975583531,2465.14,0.0,1571.57,BG-2018_P,True,35,ALLWARA
2023-04-01,4768.667844531066,249.16836700801105,4737.52,4519.499477523055,2596.16,BG-1805_P,True,0,ALLWARA
2023-05-01,4859.485929060602,693.3962664081769,4670.7,4415.2580296604365,2636.81,BG-1805_P,True,1,ALLWARA
2023-06-01,4915.282235902156,1295.257610144401,4714.67,4313.420892165932,3101.93,BG-1805_P,True,2,ALLWARA
2023-07-01,4940.88471239415,2022.2097124880247,5286.73,4213.932610050526,3109.0,BG-1805_P,True,3,ALLWARA
2023-08-01,4960.774854454004,2866.2455595574143,5187.73,4116.7390073846145,2958.35,BG-1805_P,True,4,ALLWARA
2023-09-01,4965.463049830052,3809.9214515907374,5099.09,4021.7871577967294,3034.41,BG-1805_P,True,5,ALLWARA
2023-10-01,4957.609042951079,4838.505138889112,5061.56,3929.025355652705,3841.66,BG-1805_P,True,6,ALLWARA
2023-11-01,4939.996403406143,5940.098454395668,4815.36,3838.403087899586,4033.89,BG-1805_P,True,7,ALLWARA
2023-12-01,4907.7286817608565,7097.956129597568,4511.5,3749.871006558957,3521.22,BG-1805_P,True,8,ALLWARA
2024-01-01,4779.334644328486,8213.909872071345,4390.28,3663.38090185471,3294.93,BG-1805_P,True,9,ALLWARA
2024-02-01,4661.139153578135,9296.163349688875,4543.58,3578.8856759606047,3475.82,BG-1805_P,True,10,ALLWARA
2024-03-01,4550.1829822031505,10350.007014538676,4597.18,3496.33931735335,3643.87,BG-1805_P,True,11,ALLWARA
2024-04-01,4444.58572794375,11378.89586672521,4606.52,3415.696875757215,3630.58,BG-1805_P,True,12,ALLWARA
2024-05-01,4351.175649466448,12393.157078525108,4632.76,3336.91443766655,3682.85,BG-1805_P,True,13,ALLWARA
2024-06-01,4276.91964160748,13410.127617699725,4866.65,3259.9491024328627,4051.12,BG-1805_P,True,14,ALLWARA
2024-07-01,4189.144192199835,14414.512850996107,4957.78,3184.7589589034537,4045.12,BG-1805_P,True,15,ALLWARA
2024-08-01,4197.5950514886135,15500.804839885848,4946.56,3111.303062598873,4177.47,BG-1805_P,True,16,ALLWARA
2024-09-01,4198.496845670271,16659.76027213935,4877.13,3039.54141341677,4164.23,BG-1805_P,True,17,ALLWARA
2024-10-01,4131.160335313567,17821.485673602907,4856.39,2969.434933850009,4075.21,BG-1805_P,True,18,ALLWARA
2024-11-01,4014.3961484093543,18934.936374305085,4538.6,2900.945447707175,3810.05,BG-1805_P,True,19,ALLWARA
2024-12-01,3933.009556655053,20033.910271636258,4516.39,2834.035659323882,3781.9,BG-1805_P,True,20,ALLWARA
2025-01-01,3859.331758223914,21124.572896606587,4552.29,2768.669133253584,3493.81,BG-1805_P,True,21,ALLWARA
2025-02-01,0.0,21124.572896606587,0.0,0.0,0.0,BG-1805_P,True,22,ALLWARA
2025-03-01,3728.5702264000365,22210.718814238677,2441.97,2642.4243087679456,1337.77,BG-1805_P,True,23,ALLWARA
2025-04-01,3666.396425975418,23295.637975954785,2913.29,2581.477264259311,2276.53,BG-1805_P,True,24,ALLWARA
2025-05-01,3606.1949097666156,24379.89693327972,2972.53,2521.935952441679,2441.31,BG-1805_P,True,25,ALLWARA
2025-06-01,3547.6137368128825,25463.74271975088,3134.8,2463.767950341723,2612.09,BG-1805_P,True,26,ALLWARA
2025-07-01,3487.090872378025,26543.892009312705,3121.28,2406.9415828161996,2688.45,BG-1805_P,True,27,ALLWARA
2025-08-01,3406.684912770327,27599.151016779648,3129.46,2351.4259053033848,2730.96,BG-1805_P,True,28,ALLWARA
2025-09-01,3330.2393389953986,28632.199668802703,2922.46,2297.1906869723425,2502.86,BG-1805_P,True,29,ALLWARA
2025-10-01,3261.081536872908,29649.07481141476,2202.13,2244.20639426085,1909.29,BG-1805_P,True,30,ALLWARA
2025-11-01,0.0,29649.07481141476,0.0,0.0,0.0,BG-1805_P,True,31,ALLWARA
2025-12-01,0.0,29649.07481141476,0.0,0.0,0.0,BG-1805_P,True,32,ALLWARA
2026-01-01,0.0,29649.07481141476,0.0,0.0,0.0,BG-1805_P,True,33,ALLWARA
2026-02-01,0.0,29649.07481141476,0.0,0.0,0.0,BG-1805_P,True,34,ALLWARA
2026-03-01,0.0,29649.07481141476,0.0,0.0,0.0,BG-1805_P,True,35,ALLWARA
2023-04-01,0.0,0.0,0.0,0.0,0.0,BG-1880_P,True,0,ALLWARA
2023-05-01,0.0,0.0,0.0,0.0,0.0,BG-1880_P,True,1,ALLWARA
2023-06-01,0.0,0.0,0.0,0.0,0.0,BG-1880_P,True,2,ALLWARA
2023-07-01,0.0,0.0,0.0,0.0,0.0,BG-1880_P,True,3,ALLWARA
2023-08-01,0.0,0.0,0.0,0.0,0.0,BG-1880_P,True,4,ALLWARA
2023-09-01,0.0,0.0,0.0,0.0,0.0,BG-1880_P,True,5,ALLWARA
2023-10-01,0.0,0.0,0.0,0.0,0.0,BG-1880_P,True,6,ALLWARA
2023-11-01,0.0,0.0,0.0,0.0,0.0,BG-1880_P,True,7,ALLWARA
2023-12-01,1773.3728192675808,1773.3728192675806,2246.79,0.0,664.03,BG-1880_P,True,8,ALLWARA
2024-01-01,1820.9155560164131,3594.2883752839934,2240.99,0.0,771.07,BG-1880_P,True,9,ALLWARA
2024-02-01,1931.4518413198753,5525.740216603868,2246.68,0.0,833.21,BG-1880_P,True,10,ALLWARA
2024-03-01,1983.539929055472,7509.280145659341,2134.96,0.0,873.29,BG-1880_P,True,11,ALLWARA
2024-04-01,1899.760773856457,9409.040919515799,2161.57,0.0,870.04,BG-1880_P,True,12,ALLWARA
2024-05-01,1918.204108890091,11327.24502840589,2174.69,0.0,868.95,BG-1880_P,True,13,ALLWARA
2024-06-01,1941.7385999663866,13268.983628372276,2115.43,0.0,891.61,BG-1880_P,True,14,ALLWARA
2024-07-01,2081.145890550579,15350.129518922855,2116.25,0.0,898.93,BG-1880_P,True,15,ALLWARA
2024-08-01,2202.2700021128244,17552.39952103568,2203.51,0.0,1451.35,BG-1880_P,True,16,ALLWARA
2024-09-01,2283.6377509373165,19836.037271972997,2175.56,0.0,1443.58,BG-1880_P,True,17,ALLWARA
2024-10-01,2329.62235646746,22165.65962844046,2096.09,0.0,1709.01,BG-1880_P,True,18,ALLWARA
2024-11-01,2347.6250784948666,24513.284706935323,2256.06,0.0,1818.54,BG-1880_P,True,19,ALLWARA
2024-12-01,2347.5393396211766,26860.8240465565,2612.54,0.0,2052.11,BG-1880_P,True,20,ALLWARA
2025-01-01,2366.964755012045,29227.788801568546,2614.43,0.0,2006.53,BG-1880_P,True,21,ALLWARA
2025-02-01,2393.301672213368,31621.090473781915,2578.18,0.0,1968.68,BG-1880_P,True,22,ALLWARA
2025-03-01,2412.272862600997,34033.363336382914,2641.25,0.0,2033.05,BG-1880_P,True,23,ALLWARA
2025-04-01,2426.2878780835813,36459.651214466496,2626.45,0.0,2281.98,BG-1880_P,True,24,ALLWARA
2025-05-01,2436.4944738563713,38896.14568832287,2551.02,0.0,2198.23,BG-1880_P,True,25,ALLWARA
2025-06-01,2443.216822059737,41339.362510382605,2402.79,0.0,1935.39,BG-1880_P,True,26,ALLWARA
2025-07-01,2328.924000777057,43668.28651115966,2517.3,0.0,1612.82,BG-1880_P,True,27,ALLWARA
2025-08-01,2218.326815443556,45886.61332660322,2634.5,0.0,1486.64,BG-1880_P,True,28,ALLWARA
2025-09-01,2178.4740885340343,48065.087415137255,2522.28,0.0,1444.82,BG-1880_P,True,29,ALLWARA
2025-10-01,2202.4011020715784,50267.48851720883,2582.97,0.0,1500.88,BG-1880_P,True,30,ALLWARA
2025-11-01,2205.3392494542095,52472.827766663046,2581.02,0.0,1501.15,BG-1880_P,True,31,ALLWARA
2025-12-01,2272.6031584433554,54745.430925106404,2581.05,0.0,2384.96,BG-1880_P,True,32,ALLWARA
2026-01-01,2276.2349893194323,57021.66591442584,2280.57,0.0,2044.88,BG-1880_P,True,33,ALLWARA
2026-02-01,0.0,57021.66591442584,0.0,0.0,0.0,BG-1880_P,True,34,ALLWARA
2026-03-01,0.0,57021.66591442584,0.0,0.0,0.0,BG-1880_P,True,35,ALLWARA
2023-04-01,1648.7255992577507,346.99881556880877,1251.67,1301.7267836889419,655.42,BG-0763_P,True,0,ALLWARA
2023-05-01,1777.3586030889305,890.3370367519594,1252.26,1234.0203819057797,758.09,BG-0763_P,True,1,ALLWARA
2023-06-01,1808.845001655305,1529.3464615103749,1902.14,1169.8355768968895,1099.78,BG-0763_P,True,2,ALLWARA
2023-07-01,1790.9031960842171,2211.2604568974452,1917.51,1108.989200697147,1056.7,BG-0763_P,True,3,ALLWARA
2023-08-01,1773.1379665893005,2933.0908110740506,1843.02,1051.307612412695,1051.0,BG-0763_P,True,4,ALLWARA
2023-09-01,1744.2646314379622,3680.7292398203303,1818.02,996.6262026916826,1034.68,BG-0763_P,True,5,ALLWARA
2023-10-01,1710.4745069467936,4446.414822798282,1844.5,944.7889239688418,1195.92,BG-0763_P,True,6,ALLWARA
2023-11-01,1681.349860179187,5232.116837834123,1952.86,895.6478451433471,981.34,BG-0763_P,True,7,ALLWARA
2023-12-01,1643.1919565990572,6026.246065014078,2037.32,849.0627294191019,813.6,BG-0763_P,True,8,ALLWARA
2024-01-01,1588.6556430528376,6810.001073964196,2068.42,804.9006341027201,778.12,BG-0763_P,True,9,ALLWARA
2024-02-01,1550.8770964302391,7597.842639177316,2130.35,763.0355312171184,689.91,BG-0763_P,True,10,ALLWARA
2024-03-01,1514.1040482089738,8388.598739538249,2009.07,723.3479478480416,723.18,BG-0763_P,True,11,ALLWARA
2024-04-01,1478.3976352967552,9181.271749637846,1778.58,685.7246251971585,826.33,BG-0763_P,True,12,ALLWARA
2024-05-01,1447.9209632600512,9979.134517529152,1335.29,650.0581953687456,1020.68,BG-0763_P,True,13,ALLWARA
2024-06-01,1467.2056931968395,10830.093335758402,1355.79,616.2468749675891,1057.93,BG-0763_P,True,14,ALLWARA
2024-07-01,1410.2338634617104,11656.133024586408,1331.86,584.1941746337039,1025.56,BG-0763_P,True,15,ALLWARA
2024-08-01,1352.9455743184049,12455.269975219859,1339.53,553.8086236849542,1024.09,BG-0763_P,True,16,ALLWARA
2024-09-01,1331.2959914123123,13261.5624575504,1220.16,525.0035090817704,876.79,BG-0763_P,True,17,ALLWARA
2024-10-01,1303.5152212789567,14067.381050860324,920.58,497.69662796903276,662.87,BG-0763_P,True,18,ALLWARA
2024-11-01,1274.317072702158,14869.88807047355,922.45,471.810053088932,611.2,BG-0763_P,True,19,ALLWARA
2024-12-01,1246.7547679087268,15669.372927986919,963.82,447.2699103953575,545.4,BG-0763_P,True,20,ALLWARA
2025-01-01,1224.3538511816678,16469.720610933415,968.27,424.0061682351721,567.12,BG-0763_P,True,21,ALLWARA
2025-02-01,1209.644894976623,17277.413068415288,943.99,401.95243749475134,616.69,BG-0763_P,True,22,ALLWARA
2025-03-01,1193.5448076342436,18089.91209390808,967.99,381.0457821414539,618.4,BG-0763_P,True,23,ALLWARA
2025-04-01,1176.5953211486833,18905.280875437413,982.97,361.2265396193507,653.83,BG-0763_P,True,24,ALLWARA
2025-05-01,1020.3585945198113,19583.201319370553,732.29,342.4381505866691,485.87,BG-0763_P,True,25,ALLWARA
2025-06-01,823.1961599314411,20081.770481792933,481.72,324.62699750906256,327.37,BG-0763_P,True,26,ALLWARA
2025-07-01,941.1884974053485,20715.216727550192,478.87,307.74225164808905,327.7,BG-0763_P,True,27,ALLWARA
2025-08-01,845.0204539765741,21268.501453518526,1713.8,291.73572800824087,1349.33,BG-0763_P,True,28,ALLWARA
2025-09-01,1015.7226979568911,22007.662403646835,1552.4,276.5617478285803,1151.55,BG-0763_P,True,29,ALLWARA
2025-10-01,1067.4474066215973,22812.93280204187,1535.22,262.1770082265641,1160.94,BG-0763_P,True,30,ALLWARA
2025-11-01,1134.468481638619,23698.860825058437,1534.79,248.5404586220528,1161.25,BG-0763_P,True,31,ALLWARA
2025-12-01,1169.8501270367526,24633.09776850634,1528.88,235.61318358884793,1159.39,BG-0763_P,True,32,ALLWARA
2026-01-01,1182.6962086808123,25592.43568538771,1688.05,223.3582917994442,1291.97,BG-0763_P,True,33,ALLWARA
2026-02-01,1186.4677851128827,26567.162659754522,1848.44,211.74081074607156,1432.23,BG-0763_P,True,34,ALLWARA
2026-03-01,879.0078494768024,27245.44292229374,1758.59,200.72758693758624,1362.7,BG-0763_P,True,35,ALLWARA
2023-04-01,0.0,0.0,0.0,0.0,0.0,BG-2255_P,True,0,ALLWARA
2023-05-01,0.0,0.0,0.0,0.0,0.0,BG-2255_P,True,1,ALLWARA
2023-06-01,0.0,0.0,0.0,0.0,0.0,BG-2255_P,True,2,ALLWARA
2023-07-01,0.0,0.0,0.0,0.0,0.0,BG-2255_P,True,3,ALLWARA
2023-08-01,0.0,0.0,0.0,0.0,0.0,BG-2255_P,True,4,ALLWARA
2023-09-01,0.0,0.0,0.0,0.0,0.0,BG-2255_P,True,5,ALLWARA
2023-10-01,0.0,0.0,0.0,0.0,0.0,BG-2255_P,True,6,ALLWARA
2023-11-01,0.0,0.0,0.0,0.0,0.0,BG-2255_P,True,7,ALLWARA
2023-12-01,0.0,0.0,0.0,0.0,0.0,BG-2255_P,True,8,ALLWARA
2024-01-01,0.0,0.0,0.0,0.0,0.0,BG-2255_P,True,9,ALLWARA
2024-02-01,0.0,0.0,0.0,0.0,0.0,BG-2255_P,True,10,ALLWARA
2024-03-01,0.0,0.0,0.0,0.0,0.0,BG-2255_P,True,11,ALLWARA
2024-04-01,0.0,0.0,0.0,0.0,0.0,BG-2255_P,True,12,ALLWARA
2024-05-01,0.0,0.0,0.0,0.0,0.0,BG-2255_P,True,13,ALLWARA
2024-06-01,0.0,0.0,0.0,0.0,0.0,BG-2255_P,True,14,ALLWARA
2024-07-01,0.0,0.0,0.0,0.0,0.0,BG-2255_P,True,15,ALLWARA
2024-08-01,0.0,0.0,0.0,0.0,0.0,BG-2255_P,True,16,ALLWARA
2024-09-01,0.0,0.0,0.0,0.0,0.0,BG-2255_P,True,17,ALLWARA
2024-10-01,373.78754020402306,373.78754020402306,697.51,0.0,372.17,BG-2255_P,True,18,ALLWARA
2024-11-01,413.85153309459565,787.6390732986188,769.87,0.0,406.35,BG-2255_P,True,19,ALLWARA
2024-12-01,449.36706978611625,1237.006143084735,709.39,0.0,345.9,BG-2255_P,True,20,ALLWARA
2025-01-01,486.914185858968,1723.920328943703,685.75,0.0,310.04,BG-2255_P,True,21,ALLWARA
2025-02-01,524.1327550882394,2248.0530840319425,680.83,0.0,304.16,BG-2255_P,True,22,ALLWARA
2025-03-01,560.5027435183144,2808.555827550257,691.16,0.0,313.86,BG-2255_P,True,23,ALLWARA
2025-04-01,595.4319969054623,3403.9878244557194,696.59,0.0,341.19,BG-2255_P,True,24,ALLWARA
2025-05-01,629.4017224310049,4033.3895468867245,680.59,0.0,350.83,BG-2255_P,True,25,ALLWARA
2025-06-01,662.0485101738716,4695.438057060596,1035.69,0.0,555.51,BG-2255_P,True,26,ALLWARA
2025-07-01,687.463202534104,5382.901259594701,1358.18,0.0,675.2,BG-2255_P,True,27,ALLWARA
2025-08-01,720.4290729887731,6103.330332583473,1364.11,0.0,605.81,BG-2255_P,True,28,ALLWARA
2025-09-01,753.1928338254532,6856.523166408926,1300.35,0.0,588.68,BG-2255_P,True,29,ALLWARA
2025-10-01,771.6278593309963,7628.151025739922,1326.36,0.0,611.57,BG-2255_P,True,30,ALLWARA
2025-11-01,787.8002346326853,8415.951260372607,1325.15,0.0,611.75,BG-2255_P,True,31,ALLWARA
2025-12-01,815.3178491054434,9231.269109478051,1316.35,0.0,610.73,BG-2255_P,True,32,ALLWARA
2026-01-01,831.9477648983773,10063.216874376429,1270.24,0.0,996.67,BG-2255_P,True,33,ALLWARA
2026-02-01,863.2840933949153,10926.500967771344,1296.13,0.0,1065.27,BG-2255_P,True,34,ALLWARA
2026-03-01,847.8669630290703,11774.367930800414,1230.02,0.0,1035.07,BG-2255_P,True,35,ALLWARA
2023-04-01,1461.7006320299065,611.0530291263185,1786.06,850.647602903588,1167.17,BG-0298_P,True,0,ALLWARA
2023-05-01,1532.856958488332,1388.7410026572784,1796.46,755.1689849573722,1028.48,BG-0298_P,True,1,ALLWARA
2023-06-01,1651.2900552572569,2369.6239540856855,1883.96,670.4071038288498,978.57,BG-0298_P,True,2,ALLWARA
2023-07-01,1626.9751739237417,3401.4400393591477,1908.41,595.1590886502795,858.89,BG-0298_P,True,3,ALLWARA
2023-08-01,1612.1816090871625,4485.264566935641,1820.16,528.3570815106691,854.38,BG-0298_P,True,4,ALLWARA
2023-09-01,1565.932242644591,5582.143726285205,1067.37,469.0530832950268,621.21,BG-0298_P,True,5,ALLWARA
2023-10-01,1101.3152716038874,6267.053497428078,706.55,416.4055004610148,451.1,BG-0298_P,True,6,ALLWARA
2023-11-01,867.5790505153979,6764.965346107545,760.66,369.66720183593054,333.02,BG-0298_P,True,7,ALLWARA
2023-12-01,759.8863748733986,7196.676805035037,778.71,328.17491594590643,310.98,BG-0298_P,True,8,ALLWARA
2024-01-01,919.0670638072611,7824.40405042935,769.95,291.3398184129483,338.16,BG-0298_P,True,9,ALLWARA
2024-02-01,1180.6731369111947,8746.438011496646,762.51,258.63917584389793,395.51,BG-0298_P,True,10,ALLWARA
2024-03-01,1246.0663890439218,9762.895472912302,754.82,229.60892762826577,346.7,BG-0298_P,True,11,ALLWARA
2024-04-01,1256.3262996036376,10815.384672144024,883.56,203.8371003719158,297.52,BG-0298_P,True,12,ALLWARA
2024-05-01,1028.3315724982454,11662.758283132607,1031.32,180.95796150966189,405.59,BG-0298_P,True,13,ALLWARA
2024-06-01,715.1040801162874,12217.215534119236,982.39,160.6468291296589,662.59,BG-0298_P,True,14,ALLWARA
2024-07-01,1014.3313783132946,13088.931448077645,971.3,142.6154643548849,642.39,BG-0298_P,True,15,ALLWARA
2024-08-01,1052.0106922847478,14014.334159468206,980.03,126.60798089418616,641.37,BG-0298_P,True,16,ALLWARA
2024-09-01,1052.9554712164304,14954.892416970039,926.09,112.39721371459785,576.2,BG-0298_P,True,17,ALLWARA
2024-10-01,1044.860296352497,15899.97121802041,886.34,99.78149530212671,520.5,BG-0298_P,True,18,ALLWARA
2024-11-01,1052.0683324807928,16863.457756738862,871.1,88.58179376234155,525.24,BG-0298_P,True,19,ALLWARA
2024-12-01,1055.2604438652327,17840.079028457047,966.03,78.63917214705006,638.24,BG-0298_P,True,20,ALLWARA
2025-01-01,1052.9444399157505,18823.21093542088,1037.46,69.81253295191691,733.76,BG-0298_P,True,21,ALLWARA
2025-02-01,1056.4927262641834,19817.727045908276,1032.39,61.97661577678894,686.03,BG-0298_P,True,22,ALLWARA
2025-03-01,1058.1618899518242,20820.86871612693,1056.41,55.02021973317118,700.79,BG-0298_P,True,23,ALLWARA
2025-04-01,1058.9798182018956,21831.003908956103,1070.3,48.84462537272285,759.86,BG-0298_P,True,24,ALLWARA
2025-05-01,1053.4758372675828,22841.117552481606,1418.55,43.362193742081075,1029.2,BG-0298_P,True,25,ALLWARA
2025-06-01,1049.0726658880055,23851.69509568666,1483.78,38.49512268295157,1110.74,BG-0298_P,True,26,ALLWARA
2025-07-01,1032.684754943749,24850.20550790251,968.47,34.17434272790029,814.79,BG-0298_P,True,27,ALLWARA
2025-08-01,1057.5432329030905,25877.41020388229,973.92,30.338536923307853,793.71,BG-0298_P,True,28,ALLWARA
2025-09-01,1099.0192224740458,26949.496155686713,1141.04,26.93327066962046,911.55,BG-0298_P,True,29,ALLWARA
2025-10-01,1070.3926663433551,27995.97860279976,1243.11,23.910219230306446,1000.07,BG-0298_P,True,30,ALLWARA
2025-11-01,1089.2779010203085,29064.03002187311,1242.9,21.22648194696111,1000.34,BG-0298_P,True,31,ALLWARA
2025-12-01,1068.279511736688,30113.465560181332,1238.67,18.843973428464942,998.74,BG-0298_P,True,32,ALLWARA
2026-01-01,1081.4828294766983,31178.219506583577,1192.48,16.72888307445266,940.89,BG-0298_P,True,33,ALLWARA
2026-02-01,1117.924336763969,32281.29264808445,1188.94,14.851195263095118,924.73,BG-0298_P,True,34,ALLWARA
2026-03-01,698.0647086551361,32966.1730933455,1131.52,13.184263394093637,880.12,BG-0298_P,True,35,ALLWARA
2023-04-01,4563.863046809943,310.72189417833044,4909.61,4253.141152631612,2541.06,BG-1240_P,True,0,ALLWARA
2023-05-01,4669.038047377085,881.6036227677554,4733.79,4098.15631878766,2327.13,BG-1240_P,True,1,ALLWARA
2023-06-01,4744.7732401636285,1677.5577171507489,4730.32,3948.8191457806347,2200.21,BG-1240_P,True,2,ALLWARA
2023-07-01,4793.304092913425,2665.9379777061736,4588.44,3804.9238323580007,2065.8,BG-1240_P,True,3,ALLWARA
2023-08-01,4842.0368665817805,3841.702767605173,4503.58,3666.2720766827815,2166.11,BG-1240_P,True,4,ALLWARA
2023-09-01,4877.967171747954,5186.997136298925,4833.95,3532.6728030542017,2648.15,BG-1240_P,True,5,ALLWARA
2023-10-01,4902.785736325062,6685.840974037331,4888.14,3403.9418985866573,2678.59,BG-1240_P,True,6,ALLWARA
2023-11-01,4918.555177490036,8324.494192043247,4962.34,3279.90195948412,2697.51,BG-1240_P,True,7,ALLWARA
2023-12-01,0.0,8324.494192043247,0.0,0.0,0.0,BG-1240_P,True,8,ALLWARA
2024-01-01,4798.469424369875,10077.74616674525,5218.04,3045.217449667872,2876.91,BG-1240_P,True,9,ALLWARA
2024-02-01,4685.6601687292905,11829.156874763125,4431.65,2934.2494607114154,2672.82,BG-1240_P,True,10,ALLWARA
2024-03-01,4577.279291994295,13579.111011824965,4191.96,2827.3251549324546,2573.02,BG-1240_P,True,11,ALLWARA
2024-04-01,4471.831859019141,15326.645690680114,4189.42,2724.2971801639933,2611.92,BG-1240_P,True,12,ALLWARA
2024-05-01,4378.512762032128,17080.134898947414,4253.68,2625.0235537648286,2634.11,BG-1240_P,True,13,ALLWARA
2024-06-01,4307.025868112093,18857.793300105946,4288.48,2529.3674669535617,2582.35,BG-1240_P,True,14,ALLWARA
2024-07-01,4218.147658954311,20638.74386278756,4572.13,2437.197096272697,2807.91,BG-1240_P,True,15,ALLWARA
2024-08-01,4247.990005407981,22538.348446272536,4339.75,2348.3854219230066,2599.09,BG-1240_P,True,16,ALLWARA
2024-09-01,4273.502710946578,24549.04110450131,4318.74,2262.810052717803,2420.84,BG-1240_P,True,17,ALLWARA
2024-10-01,4217.734782569303,26586.42282965472,4108.67,2180.3530574158954,2382.85,BG-1240_P,True,18,ALLWARA
2024-11-01,4099.073028378751,28584.59505583268,4067.28,2100.90080220079,2392.76,BG-1240_P,True,19,ALLWARA
2024-12-01,4020.1935866610493,30580.444848411575,4042.08,2024.343794082156,2510.96,BG-1240_P,True,20,ALLWARA
2025-01-01,3949.2776929722822,32579.146011380093,4059.67,1950.5765300037629,2591.95,BG-1240_P,True,21,ALLWARA
2025-02-01,3886.1894640923288,34585.83812402249,4023.96,1879.4973514499325,2486.9,BG-1240_P,True,22,ALLWARA
2025-03-01,3825.490037156107,36600.31985682845,4119.07,1811.0083043501486,2578.61,BG-1240_P,True,23,ALLWARA
2025-04-01,3766.9209458856185,38622.22579862532,4049.17,1745.015004088751,2555.21,BG-1240_P,True,24,ALLWARA
2025-05-01,3710.771818557457,40651.57111174909,3415.74,1681.4265054336902,2452.86,BG-1240_P,True,25,ALLWARA
2025-06-01,3656.599923056367,42688.01585760036,3250.97,1620.1551772050902,2510.47,BG-1240_P,True,26,ALLWARA
2025-07-01,3599.3615644251327,44726.260840514595,3470.82,1561.1165815108977,2690.13,BG-1240_P,True,27,ALLWARA
2025-08-01,3517.224154166559,46739.25563729796,3594.1,1504.2293573831964,2824.06,BG-1240_P,True,28,ALLWARA
2025-09-01,3437.9096021368573,48727.75013078,3649.77,1449.4151086548234,2868.93,BG-1240_P,True,29,ALLWARA
2025-10-01,3366.285025176201,50697.43686003443,4066.97,1396.598295921771,3199.8,BG-1240_P,True,30,ALLWARA
2025-11-01,0.0,50697.43686003443,0.0,0.0,0.0,BG-1240_P,True,31,ALLWARA
2025-12-01,0.0,50697.43686003443,0.0,0.0,0.0,BG-1240_P,True,32,ALLWARA
2026-01-01,0.0,50697.43686003443,0.0,0.0,0.0,BG-1240_P,True,33,ALLWARA
2026-02-01,2907.9311029252112,52401.4790839102,2669.53,1203.8888790494473,1839.5,BG-1240_P,True,34,ALLWARA
2026-03-01,2757.314978741119,53998.77499915469,2639.29,1160.0190634966268,1830.89,BG-1240_P,True,35,ALLWARA
2023-04-01,0.0,0.0,0.0,0.0,0.0,BG-1888_P,True,0,ALLWARA
2023-05-01,1492.3900353073343,1492.3900353073343,1109.59,0.0,12.67,BG-1888_P,True,1,ALLWARA
2023-06-01,1910.8832068769873,3403.2732421843216,1096.57,0.0,12.6,BG-1888_P,True,2,ALLWARA
2023-07-01,2166.6768215180423,5569.950063702364,2119.71,0.0,18.6,BG-1888_P,True,3,ALLWARA
2023-08-01,2386.226598171391,7956.176661873755,1951.86,0.0,18.5,BG-1888_P,True,4,ALLWARA
2023-09-01,2507.0485851101325,10463.225246983888,1923.38,0.0,18.14,BG-1888_P,True,5,ALLWARA
2023-10-01,2549.2443530866217,13012.46960007051,1989.13,0.0,250.38,BG-1888_P,True,6,ALLWARA
2023-11-01,2599.0901615492326,15611.559761619743,1760.02,0.0,1221.01,BG-1888_P,True,7,ALLWARA
2023-12-01,2596.134940183002,18207.694701802746,2185.27,0.0,713.57,BG-1888_P,True,8,ALLWARA
2024-01-01,2330.6134781204705,20538.308179923217,2009.36,0.0,1131.43,BG-1888_P,True,9,ALLWARA
2024-02-01,2156.31459620563,22694.622776128846,2060.72,0.0,1200.16,BG-1888_P,True,10,ALLWARA
2024-03-01,2042.4666486395142,24737.08942476836,2236.9,0.0,122.31,BG-1888_P,True,11,ALLWARA
2024-04-01,1955.4527552594627,26692.542180027824,2288.04,0.0,113.94,BG-1888_P,True,12,ALLWARA
2024-05-01,1902.0328479689863,28594.57502799681,3020.8,0.0,243.04,BG-1888_P,True,13,ALLWARA
2024-06-01,2150.7173702188093,30745.292398215617,3659.43,0.0,406.59,BG-1888_P,True,14,ALLWARA
2024-07-01,2362.03858856591,33107.330986781526,3739.37,0.0,394.17,BG-1888_P,True,15,ALLWARA
2024-08-01,2762.0430194770247,35869.37400625855,3837.66,0.0,393.51,BG-1888_P,True,16,ALLWARA
2024-09-01,3006.0729953072264,38875.44700156578,3737.07,0.0,396.37,BG-1888_P,True,17,ALLWARA
2024-10-01,2993.6036690246315,41869.05067059041,3220.04,0.0,478.66,BG-1888_P,True,18,ALLWARA
2024-11-01,3062.2983637711386,44931.34903436155,3075.37,0.0,483.11,BG-1888_P,True,19,ALLWARA
2024-12-01,3134.982295886082,48066.33133024763,3365.88,0.0,622.06,BG-1888_P,True,20,ALLWARA
2025-01-01,3184.5556771745983,51250.88700742223,3560.6,0.0,660.82,BG-1888_P,True,21,ALLWARA
2025-02-01,3233.966140165436,54484.853147587666,3555.66,0.0,648.33,BG-1888_P,True,22,ALLWARA
2025-03-01,3270.6695984979633,57755.522746085626,3581.16,0.0,669.0,BG-1888_P,True,23,ALLWARA
2025-04-01,3295.5397071551574,61051.06245324078,3663.32,0.0,734.84,BG-1888_P,True,24,ALLWARA
2025-05-01,3311.243235296982,64362.30568853777,3849.82,0.0,828.47,BG-1888_P,True,25,ALLWARA
2025-06-01,3344.5699218925106,67706.87561043027,3771.75,0.0,866.29,BG-1888_P,True,26,ALLWARA
2025-07-01,3266.2222811276024,70973.09789155787,3712.92,0.0,867.24,BG-1888_P,True,27,ALLWARA
2025-08-01,3244.4374434655338,74217.5353350234,3747.99,0.0,941.03,BG-1888_P,True,28,ALLWARA
2025-09-01,3270.164997061637,77487.70033208505,3727.07,0.0,1201.78,BG-1888_P,True,29,ALLWARA
2025-10-01,3244.5452774516966,80732.24560953675,3784.9,0.0,1248.51,BG-1888_P,True,30,ALLWARA
2025-11-01,3287.053371300595,84019.29898083735,3780.06,0.0,1248.79,BG-1888_P,True,31,ALLWARA
2025-12-01,3321.7607213959436,87341.0597022333,3751.5,0.0,1247.09,BG-1888_P,True,32,ALLWARA
2026-01-01,3341.989244796446,90683.04894702975,3844.55,0.0,1226.0,BG-1888_P,True,33,ALLWARA
2026-02-01,3363.0853140687846,94046.13426109853,3597.35,0.0,2117.38,BG-1888_P,True,34,ALLWARA
2026-03-01,2589.6058675526065,96635.74012865113,3390.32,0.0,2053.72,BG-1888_P,True,35,ALLWARA
2023-04-01,5338.708394882815,138.5441796787616,5271.24,5200.164215204053,4118.44,BG-1259_P,True,0,ALLWARA
2023-05-01,5337.991747539075,397.372154640055,5049.61,5079.163772577782,3487.94,BG-1259_P,True,1,ALLWARA
2023-06-01,5328.416242256144,764.8095583357598,4869.5,4960.978838560439,4204.79,BG-1259_P,True,2,ALLWARA
2023-07-01,5310.401811161244,1229.6674692353013,4689.42,4845.543900261702,3592.64,BG-1259_P,True,3,ALLWARA
2023-08-01,5294.802258548145,1791.6747586002007,4725.24,4732.7949691832455,3909.71,BG-1259_P,True,4,ALLWARA
2023-09-01,5278.181239296134,2447.186452148029,4795.56,4622.669545748306,4043.19,BG-1259_P,True,5,ALLWARA
2023-10-01,5259.015919819433,3191.095787310873,4849.79,4515.106584656589,4089.31,BG-1259_P,True,6,ALLWARA
2023-11-01,5239.3278075815,4020.377133847054,4897.1,4410.046461045319,4121.95,BG-1259_P,True,7,ALLWARA
2023-12-01,5214.928857369033,4927.875053778414,5071.06,4307.430937437673,4469.65,BG-1259_P,True,8,ALLWARA
2024-01-01,5186.333914171074,5907.005836489208,5112.79,4207.20313146028,4494.7,BG-1259_P,True,9,ALLWARA
2024-02-01,5158.046573505106,6955.744925682431,5208.5,4109.307484311883,4650.37,BG-1259_P,True,10,ALLWARA
2024-03-01,5128.659451743813,8070.714647460543,5341.68,4013.689729965701,4738.24,BG-1259_P,True,11,ALLWARA
2024-04-01,5083.939131979731,9234.356914351883,5397.54,3920.2968650883918,4809.59,BG-1259_P,True,12,ALLWARA
2024-05-01,5038.7277027801765,10444.007497473087,5234.28,3829.0771196589735,4397.74,BG-1259_P,True,13,ALLWARA
2024-06-01,4998.603525659325,11702.631094861015,5101.38,3739.979928271397,4219.5,BG-1259_P,True,14,ALLWARA
2024-07-01,4940.424272309703,12990.09946506586,5223.28,3652.9559021048585,4336.15,BG-1259_P,True,15,ALLWARA
2024-08-01,4889.428302905322,14311.570966424842,4874.61,3567.9568015463396,4073.57,BG-1259_P,True,16,ALLWARA
2024-09-01,4837.946780084384,15664.58223705906,4860.67,3484.935509450167,4280.85,BG-1259_P,True,17,ALLWARA
2024-10-01,4788.357277597834,17049.093509637103,4744.98,3403.846005019789,4229.11,BG-1259_P,True,18,ALLWARA
2024-11-01,4740.952034516083,18465.402205855895,4746.83,3324.643338297291,4246.34,BG-1259_P,True,19,ALLWARA
2024-12-01,4693.0551028834925,19911.173703492885,4460.18,3247.2836052465013,3742.48,BG-1259_P,True,20,ALLWARA
2025-01-01,4645.784734364022,21385.23451444104,4380.51,3171.723923415868,3489.84,BG-1259_P,True,21,ALLWARA
2025-02-01,4600.5505785998275,22887.862684873224,4278.69,3097.9224081676434,3359.03,BG-1259_P,True,22,ALLWARA
2025-03-01,4556.1110079145365,24418.135543327593,4395.03,3025.8381494601663,3568.89,BG-1259_P,True,23,ALLWARA
2025-04-01,4512.037257041695,25974.741611198886,4336.25,2955.4311891703996,3535.32,BG-1259_P,True,24,ALLWARA
2025-05-01,4468.408634732254,27556.48774698701,4456.45,2886.6624989441284,3937.28,BG-1259_P,True,25,ALLWARA
2025-06-01,4425.032911480396,29162.026699905844,4578.54,2819.493958561564,4089.42,BG-1259_P,True,26,ALLWARA
2025-07-01,4379.371183075389,30787.50954817489,4894.08,2753.8883348063414,4375.63,BG-1259_P,True,27,ALLWARA
2025-08-01,4324.699120106721,32422.399407455403,5104.12,2689.8092608262095,4592.81,BG-1259_P,True,28,ALLWARA
2025-09-01,4272.375699007972,34067.553890489406,4985.05,2627.221215973968,4536.76,BG-1259_P,True,29,ALLWARA
2025-10-01,4222.080461675578,35723.54484604751,4786.78,2566.0895061174724,4513.05,BG-1259_P,True,30,ALLWARA
2025-11-01,4172.59549562339,37389.76009726309,4893.02,2506.380244407809,4319.1,BG-1259_P,True,31,ALLWARA
2025-12-01,4124.366075259456,39066.06584002759,4852.9,2448.060332494953,4276.73,BG-1259_P,True,32,ALLWARA
2026-01-01,4076.3545051888277,40751.3229030359,4794.36,2391.0974421805195,4261.55,BG-1259_P,True,33,ALLWARA
2026-02-01,4029.700949065479,42445.56385460395,4465.9,2335.4599974974317,3920.04,BG-1259_P,True,34,ALLWARA
2026-03-01,3914.3782154006935,44078.82491279808,4428.71,2281.1171572065596,3896.61,BG-1259_P,True,35,ALLWARA
2023-04-01,0.0,0.0,0.0,0.0,0.0,BG-0762_P,True,0,ALLWARA
2023-05-01,0.0,0.0,0.0,0.0,0.0,BG-0762_P,True,1,ALLWARA
2023-06-01,2639.4774317656597,995.4493657392383,2972.59,1644.0280660264216,2595.38,BG-0762_P,True,2,ALLWARA
2023-07-01,2552.3110769617824,1970.545346122926,3297.59,1577.2150965780947,2989.91,BG-0762_P,True,3,ALLWARA
2023-08-01,2506.0595891002185,2963.487542473069,2944.43,1513.1173927500759,2027.94,BG-0762_P,True,4,ALLWARA
2023-09-01,2444.1776381186655,3956.0405738972454,2238.59,1451.624606694489,1983.08,BG-0762_P,True,5,ALLWARA
2023-10-01,2379.7273205217575,4943.137019341234,2244.17,1392.6308750777691,1966.62,BG-0762_P,True,6,ALLWARA
2023-11-01,2332.0360940865394,5939.138476596871,2232.57,1336.034636830902,1943.1,BG-0762_P,True,7,ALLWARA
2023-12-01,0.0,5939.138476596871,0.0,0.0,0.0,BG-0762_P,True,8,ALLWARA
2024-01-01,0.0,5939.138476596871,0.0,0.0,0.0,BG-0762_P,True,9,ALLWARA
2024-02-01,2177.6009101979607,6937.063203463358,1418.62,1179.6761833314736,899.98,BG-0762_P,True,10,ALLWARA
2024-03-01,2119.8100900765835,7925.138912678024,1559.3,1131.7343808619178,744.05,BG-0762_P,True,11,ALLWARA
2024-04-01,2064.396104665885,8903.794093756056,1570.65,1085.7409235878538,795.47,BG-0762_P,True,12,ALLWARA
2024-05-01,2016.3610480838602,9878.538510686925,1556.14,1041.61663115299,935.25,BG-0762_P,True,13,ALLWARA
2024-06-01,2076.3095477944926,10955.562517406652,1557.85,999.2855410747654,966.13,BG-0762_P,True,14,ALLWARA
2024-07-01,1931.5511527753054,11928.438892211349,1547.43,958.6747779706093,925.48,BG-0762_P,True,15,ALLWARA
2024-08-01,1671.4871831563623,12680.211647268892,1837.8,919.7144280988192,1175.41,BG-0762_P,True,16,ALLWARA
2024-09-01,1598.235569622074,13396.109797892894,1843.78,882.3374189980728,1205.94,BG-0762_P,True,17,ALLWARA
2024-10-01,1622.0424313515744,14171.672825226102,1837.17,846.4794040183662,1194.47,BG-0762_P,True,18,ALLWARA
2024-11-01,1690.4466323268366,15050.04080600835,1812.59,812.0786515445893,1205.09,BG-0762_P,True,19,ALLWARA
2024-12-01,1677.7526568698622,15948.717524156176,1811.21,779.0759387220364,1037.62,BG-0762_P,True,20,ALLWARA
2025-01-01,1647.1767505059493,16848.479825161237,1781.73,747.4144495008875,883.94,BG-0762_P,True,21,ALLWARA
2025-02-01,1626.9349860498462,17758.37513438694,1734.53,717.0396768241428,1004.49,BG-0762_P,True,22,ALLWARA
2025-03-01,1605.4957165153826,18675.971522111704,1771.15,687.8993287906197,1019.78,BG-0762_P,True,23,ALLWARA
2025-04-01,1585.6722358795073,19601.700519359743,1785.08,659.9432386314671,1048.79,BG-0762_P,True,24,ALLWARA
2025-05-01,1559.4600315045157,20528.037272519046,1671.36,633.123278345214,1025.95,BG-0762_P,True,25,ALLWARA
2025-06-01,1535.366501560064,21456.010498236436,1736.61,607.3932758426756,1059.66,BG-0762_P,True,26,ALLWARA
2025-07-01,1503.3178460849795,22376.619408862345,1733.13,582.7089354590706,939.01,BG-0762_P,True,27,ALLWARA
2025-08-01,1698.9071078460797,23516.49875501191,1734.9,559.0277616965125,944.02,BG-0762_P,True,28,ALLWARA
2025-09-01,1750.9384773882311,24731.128246334552,1659.71,536.308986065589,917.4,BG-0762_P,True,29,ALLWARA
2025-10-01,1754.914723024296,25971.529472458762,1708.64,514.513496900085,979.99,BG-0762_P,True,30,ALLWARA
2025-11-01,1741.0405612817892,27218.966261716527,1867.81,493.6037720240228,1417.14,BG-0762_P,True,31,ALLWARA
2025-12-01,1727.1055667188525,28472.52801428028,1860.96,473.543814155098,1415.1,BG-0762_P,True,32,ALLWARA
2026-01-01,1705.9918353196333,29724.220760666605,1849.57,454.2990889333084,1371.45,BG-0762_P,True,33,ALLWARA
2026-02-01,1687.7608728883124,30976.14516808683,1848.79,435.8364654680858,1321.89,BG-0762_P,True,34,ALLWARA
2026-03-01,1435.8111328580965,31993.832141643346,1638.84,418.1241593015815,1099.22,BG-0762_P,True,35,ALLWARA
2023-04-01,0.0,0.0,0.0,0.0,0.0,BG-2153_P,True,0,ALLWARA
2023-05-01,0.0,0.0,0.0,0.0,0.0,BG-2153_P,True,1,ALLWARA
2023-06-01,0.0,0.0,0.0,0.0,0.0,BG-2153_P,True,2,ALLWARA
2023-07-01,0.0,0.0,0.0,0.0,0.0,BG-2153_P,True,3,ALLWARA
2023-08-01,0.0,0.0,0.0,0.0,0.0,BG-2153_P,True,4,ALLWARA
2023-09-01,0.0,0.0,0.0,0.0,0.0,BG-2153_P,True,5,ALLWARA
2023-10-01,0.0,0.0,0.0,0.0,0.0,BG-2153_P,True,6,ALLWARA
2023-11-01,2237.570545695893,2237.570545695893,2403.93,0.0,1269.31,BG-2153_P,True,7,ALLWARA
2023-12-01,2255.6862061759857,4493.256751871879,2765.54,0.0,1243.17,BG-2153_P,True,8,ALLWARA
2024-01-01,2270.5957755181184,6763.852527389998,3194.45,0.0,1382.56,BG-2153_P,True,9,ALLWARA
2024-02-01,2306.7974536707047,9070.649981060702,3089.11,0.0,1602.29,BG-2153_P,True,10,ALLWARA
2024-03-01,2331.49764860434,11402.147629665042,2354.67,0.0,1315.27,BG-2153_P,True,11,ALLWARA
2024-04-01,2255.1625253775173,13657.31015504256,2374.38,0.0,1310.37,BG-2153_P,True,12,ALLWARA
2024-05-01,2202.901311678782,15860.211466721343,2370.23,0.0,1581.7,BG-2153_P,True,13,ALLWARA
2024-06-01,2199.661484499126,18059.87295122047,2230.92,0.0,1740.79,BG-2153_P,True,14,ALLWARA
2024-07-01,2092.509395293987,20152.382346514456,2191.93,0.0,1687.82,BG-2153_P,True,15,ALLWARA
2024-08-01,2055.399867527682,22207.782214042138,2204.05,0.0,1685.02,BG-2153_P,True,16,ALLWARA
2024-09-01,2027.037424162422,24234.81963820456,2176.17,0.0,1670.26,BG-2153_P,True,17,ALLWARA
2024-10-01,2018.8421463193833,26253.661784523945,2131.91,0.0,1780.51,BG-2153_P,True,18,ALLWARA
2024-11-01,2025.7941194002026,28279.455903924147,2056.21,0.0,1522.3,BG-2153_P,True,19,ALLWARA
2024-12-01,2026.8709482546735,30306.32685217882,1731.5,0.0,1297.3,BG-2153_P,True,20,ALLWARA
2025-01-01,2029.558366861269,32335.88521904009,1552.25,0.0,1191.33,BG-2153_P,True,21,ALLWARA
2025-02-01,2041.0248645722745,34376.91008361236,1538.55,0.0,1091.01,BG-2153_P,True,22,ALLWARA
2025-03-01,2041.0104607244625,36417.92054433683,1554.3,0.0,1059.48,BG-2153_P,True,23,ALLWARA
2025-04-01,2038.1170130647731,38456.0375574016,1775.78,0.0,1275.52,BG-2153_P,True,24,ALLWARA
2025-05-01,2038.3103519998454,40494.34790940145,2091.11,0.0,1546.03,BG-2153_P,True,25,ALLWARA
2025-06-01,2039.250162973251,42533.5980723747,2172.44,0.0,1657.97,BG-2153_P,True,26,ALLWARA
2025-07-01,2023.9702288286467,44557.56830120335,2176.67,0.0,1489.51,BG-2153_P,True,27,ALLWARA
2025-08-01,1968.7780287884789,46526.34632999183,2285.8,0.0,1336.07,BG-2153_P,True,28,ALLWARA
2025-09-01,1940.0896219717004,48466.43595196353,2085.15,0.0,1641.87,BG-2153_P,True,29,ALLWARA
2025-10-01,1927.8374308647396,50394.27338282827,2077.8,0.0,1798.15,BG-2153_P,True,30,ALLWARA
2025-11-01,1919.5375994103256,52313.810982238596,2077.73,0.0,1798.63,BG-2153_P,True,31,ALLWARA
2025-12-01,1916.7926687701115,54230.60365100871,2072.0,0.0,1795.9,BG-2153_P,True,32,ALLWARA
2026-01-01,1911.4515376305835,56142.05518863929,2036.44,0.0,1740.39,BG-2153_P,True,33,ALLWARA
2026-02-01,1910.9571151980497,58053.01230383734,2105.35,0.0,1610.95,BG-2153_P,True,34,ALLWARA
2026-03-01,1497.1674113749027,59550.179715212245,2599.7,0.0,1858.05,BG-2153_P,True,35,ALLWARA
2023-04-01,4827.827891566817,0.028980694634248717,4596.15,4827.798910872183,3171.89,BG-1239_P,True,0,ALLWARA
2023-05-01,4628.023279676559,0.08614359804859967,4389.15,4627.966116773144,2980.98,BG-1239_P,True,1,ALLWARA
2023-06-01,4436.47014761146,0.1514671049082959,4352.05,4436.4048241046,2823.9,BG-1239_P,True,2,ALLWARA
2023-07-01,4252.838994408287,0.2178035617451099,4175.16,4252.77265795145,2651.48,BG-1239_P,True,3,ALLWARA
2023-08-01,4076.8306925509223,0.3070810931864033,4036.28,4076.741415019481,2614.5,BG-1239_P,True,4,ALLWARA
2023-09-01,3908.11410946466,0.4247135157912811,3985.39,3907.996477042055,2588.4,BG-1239_P,True,5,ALLWARA
2023-10-01,3746.3800773334874,0.5685423821613506,4030.33,3746.2362484671175,2618.16,BG-1239_P,True,6,ALLWARA
2023-11-01,3591.3415674065495,0.7384923691691894,4083.78,3591.1716174195417,2636.41,BG-1239_P,True,7,ALLWARA
2023-12-01,0.0,0.7384923691691894,0.0,0.0,0.0,BG-1239_P,True,8,ALLWARA
2024-01-01,0.0,0.7384923691691894,0.0,0.0,0.0,BG-1239_P,True,9,ALLWARA
2024-02-01,0.0,0.7384923691691894,0.0,0.0,0.0,BG-1239_P,True,10,ALLWARA
2024-03-01,0.0,0.7384923691691894,0.0,0.0,0.0,BG-1239_P,True,11,ALLWARA
2024-04-01,0.0,0.7384923691691894,0.0,0.0,0.0,BG-1239_P,True,12,ALLWARA
2024-05-01,0.0,0.7384923691691894,0.0,0.0,0.0,BG-1239_P,True,13,ALLWARA
2024-06-01,0.0,0.7384923691691894,0.0,0.0,0.0,BG-1239_P,True,14,ALLWARA
2024-07-01,0.0,0.7384923691691894,0.0,0.0,0.0,BG-1239_P,True,15,ALLWARA
2024-08-01,0.0,0.7384923691691894,0.0,0.0,0.0,BG-1239_P,True,16,ALLWARA
2024-09-01,0.0,0.7384923691691894,0.0,0.0,0.0,BG-1239_P,True,17,ALLWARA
2024-10-01,0.0,0.7384923691691894,0.0,0.0,0.0,BG-1239_P,True,18,ALLWARA
2024-11-01,0.0,0.7384923691691894,0.0,0.0,0.0,BG-1239_P,True,19,ALLWARA
2024-12-01,0.0,0.7384923691691894,0.0,0.0,0.0,BG-1239_P,True,20,ALLWARA
2025-01-01,0.0,0.7384923691691894,0.0,0.0,0.0,BG-1239_P,True,21,ALLWARA
2025-02-01,0.0,0.7384923691691894,0.0,0.0,0.0,BG-1239_P,True,22,ALLWARA
2025-03-01,0.0,0.7384923691691894,0.0,0.0,0.0,BG-1239_P,True,23,ALLWARA
2025-04-01,0.0,0.7384923691691894,0.0,0.0,0.0,BG-1239_P,True,24,ALLWARA
2025-05-01,0.0,0.7384923691691894,0.0,0.0,0.0,BG-1239_P,True,25,ALLWARA
2025-06-01,0.0,0.7384923691691894,0.0,0.0,0.0,BG-1239_P,True,26,ALLWARA
2025-07-01,0.0,0.7384923691691894,0.0,0.0,0.0,BG-1239_P,True,27,ALLWARA
2025-08-01,0.0,0.7384923691691894,0.0,0.0,0.0,BG-1239_P,True,28,ALLWARA
2025-09-01,0.0,0.7384923691691894,0.0,0.0,0.0,BG-1239_P,True,29,ALLWARA
2025-10-01,0.0,0.7384923691691894,0.0,0.0,0.0,BG-1239_P,True,30,ALLWARA
2025-11-01,0.0,0.7384923691691894,0.0,0.0,0.0,BG-1239_P,True,31,ALLWARA
2025-12-01,0.0,0.7384923691691894,0.0,0.0,0.0,BG-1239_P,True,32,ALLWARA
2026-01-01,0.0,0.7384923691691894,0.0,0.0,0.0,BG-1239_P,True,33,ALLWARA
2026-02-01,0.0,0.7384923691691894,0.0,0.0,0.0,BG-1239_P,True,34,ALLWARA
2026-03-01,0.0,0.7384923691691894,0.0,0.0,0.0,BG-1239_P,True,35,ALLWARA
2023-04-01,0.0,0.0,0.0,0.0,0.0,BG-1890_P,True,0,ALLWARA
2023-05-01,2482.286761675649,2482.286761675649,2221.16,0.0,175.58,BG-1890_P,True,1,ALLWARA
2023-06-01,0.0,2482.286761675649,0.0,0.0,0.0,BG-1890_P,True,2,ALLWARA
2023-07-01,2710.2157228007854,5192.502484476434,2127.16,0.0,177.25,BG-1890_P,True,3,ALLWARA
2023-08-01,2801.2834512647223,7993.785935741156,4077.54,0.0,1774.79,BG-1890_P,True,4,ALLWARA
2023-09-01,2820.2202248291965,10814.006160570352,4376.0,0.0,742.62,BG-1890_P,True,5,ALLWARA
2023-10-01,2781.039992746191,13595.046153316543,4610.88,0.0,679.44,BG-1890_P,True,6,ALLWARA
2023-11-01,0.0,13595.046153316543,0.0,0.0,0.0,BG-1890_P,True,7,ALLWARA
2023-12-01,0.0,13595.046153316543,0.0,0.0,0.0,BG-1890_P,True,8,ALLWARA
2024-01-01,0.0,13595.046153316543,0.0,0.0,0.0,BG-1890_P,True,9,ALLWARA
2024-02-01,0.0,13595.046153316543,0.0,0.0,0.0,BG-1890_P,True,10,ALLWARA
2024-03-01,0.0,13595.046153316543,0.0,0.0,0.0,BG-1890_P,True,11,ALLWARA
2024-04-01,0.0,13595.046153316543,0.0,0.0,0.0,BG-1890_P,True,12,ALLWARA
2024-05-01,1909.6163248751895,15504.662478191733,3382.98,0.0,2579.08,BG-1890_P,True,13,ALLWARA
2024-06-01,2675.0247879502867,18179.68726614202,3412.43,0.0,1888.01,BG-1890_P,True,14,ALLWARA
2024-07-01,2951.1289045250264,21130.816170667047,3286.66,0.0,1558.07,BG-1890_P,True,15,ALLWARA
2024-08-01,3430.672283195827,24561.488453862876,3178.14,0.0,2234.75,BG-1890_P,True,16,ALLWARA
2024-09-01,3692.3849545171247,28253.87340838,3136.78,0.0,2222.49,BG-1890_P,True,17,ALLWARA
2024-10-01,3630.960544728725,31884.833953108726,3122.61,0.0,2201.35,BG-1890_P,True,18,ALLWARA
2024-11-01,3306.806880300605,35191.64083340933,2527.86,0.0,1272.64,BG-1890_P,True,19,ALLWARA
2024-12-01,3117.450409808798,38309.09124321813,2488.37,0.0,1145.77,BG-1890_P,True,20,ALLWARA
2025-01-01,3009.670180909676,41318.761424127806,2567.8,0.0,1208.18,BG-1890_P,True,21,ALLWARA
2025-02-01,2953.89605806846,44272.657482196264,2548.7,0.0,1185.43,BG-1890_P,True,22,ALLWARA
2025-03-01,2923.1582009187,47195.81568311496,2588.41,0.0,1223.06,BG-1890_P,True,23,ALLWARA
2025-04-01,2890.8904990884566,50086.706182203416,2801.2,0.0,1411.55,BG-1890_P,True,24,ALLWARA
2025-05-01,2870.7386975134705,52957.44487971689,3385.43,0.0,1883.39,BG-1890_P,True,25,ALLWARA
2025-06-01,2896.1172014457156,55853.56208116261,3493.21,0.0,2015.19,BG-1890_P,True,26,ALLWARA
2025-07-01,2800.844496280979,58654.40657744359,3465.0,0.0,2017.39,BG-1890_P,True,27,ALLWARA
2025-08-01,2924.9842888754333,61579.39086631902,3470.01,0.0,2028.24,BG-1890_P,True,28,ALLWARA
2025-09-01,3013.070816966347,64592.46168328537,3328.97,0.0,1821.64,BG-1890_P,True,29,ALLWARA
2025-10-01,2962.9995331725468,67555.46121645792,3406.19,0.0,1843.05,BG-1890_P,True,30,ALLWARA
2025-11-01,3024.3522487986643,70579.81346525658,3403.61,0.0,1843.54,BG-1890_P,True,31,ALLWARA
2025-12-01,3091.363418066149,73671.17688332273,3383.73,0.0,1840.59,BG-1890_P,True,32,ALLWARA
2026-01-01,3133.188139917009,76804.36502323973,3439.32,0.0,1784.19,BG-1890_P,True,33,ALLWARA
2026-02-01,3165.240853505928,79969.60587674566,2727.29,0.0,1778.74,BG-1890_P,True,34,ALLWARA
2026-03-01,2351.831658553078,82321.43753529874,2386.84,0.0,1799.57,BG-1890_P,True,35,ALLWARA
2023-04-01,2449.9931423546323,348.51693564119466,2470.8,2101.4762067134375,865.17,BG-1883_P,True,0,ALLWARA
2023-05-01,2571.2981669057754,997.2566754408689,2497.08,1922.558427106101,769.22,BG-1883_P,True,1,ALLWARA
2023-06-01,2674.9057074924717,1913.2888378374707,2608.13,1758.87354509587,736.92,BG-1883_P,True,2,ALLWARA
2023-07-01,2760.826557378116,3064.9907496282185,2554.72,1609.1246455873681,757.63,BG-1883_P,True,3,ALLWARA
2023-08-01,2857.585701381732,4450.4512193489445,2794.59,1472.1252316610064,874.43,BG-1883_P,True,4,ALLWARA
2023-09-01,2949.311649748528,6052.9730454279015,3136.77,1346.7898236695708,1039.04,BG-1883_P,True,5,ALLWARA
2023-10-01,3036.3865689654695,7857.234255674164,3372.2,1232.125358719207,946.48,BG-1883_P,True,6,ALLWARA
2023-11-01,3119.79027246454,9849.801205747903,3462.64,1127.223322390801,1072.06,BG-1883_P,True,7,ALLWARA
2023-12-01,3190.3789279764655,12008.9275833649,3471.93,1031.2525503594675,1238.46,BG-1883_P,True,8,ALLWARA
2024-01-01,3131.277601316719,14196.752541803988,3447.83,943.4526428776317,1330.63,BG-1883_P,True,9,ALLWARA
2024-02-01,3080.05235030557,16413.676952166505,3430.85,863.1279399430543,1498.4,BG-1883_P,True,10,ALLWARA
2024-03-01,3033.7484292170348,18657.78337196795,3362.67,789.6420094155886,1210.43,BG-1883_P,True,11,ALLWARA
2024-04-01,2990.440784394541,20925.81155195181,2919.87,722.4126044106819,1190.61,BG-1883_P,True,12,ALLWARA
2024-05-01,2960.207795637604,23225.11229757359,2576.98,660.9070500158241,1173.74,BG-1883_P,True,13,ALLWARA
2024-06-01,2953.982719576942,25574.456994372755,2547.79,604.6380227777771,1198.28,BG-1883_P,True,14,ALLWARA
2024-07-01,2928.091332411964,27949.388637264285,2549.68,553.1596895204345,1161.75,BG-1883_P,True,15,ALLWARA
2024-08-01,3034.4220757300154,30477.746538094067,2588.8,506.06417490023233,1159.81,BG-1883_P,True,16,ALLWARA
2024-09-01,3137.993522294476,33152.761730677856,2537.5,462.9783297106869,1508.7,BG-1883_P,True,17,ALLWARA
2024-10-01,3151.9816507953897,35881.182607142684,2480.39,423.5607743305583,1887.85,BG-1883_P,True,18,ALLWARA
2024-11-01,3094.4203825427676,38588.103795795294,2465.46,387.49919389015616,1905.21,BG-1883_P,True,19,ALLWARA
2024-12-01,3078.577901410909,41312.173833481465,2859.73,354.50786372473505,1705.23,BG-1883_P,True,20,ALLWARA
2025-01-01,3069.8297820916146,44057.678230064535,3052.1,324.3253855085451,1552.94,BG-1883_P,True,21,ALLWARA
2025-02-01,3068.1504792513506,46829.11609318351,2986.42,296.71261613237726,1693.08,BG-1883_P,True,22,ALLWARA
2025-03-01,3067.5660919334746,49625.23141220239,3073.03,271.4507729145976,1598.92,BG-1883_P,True,23,ALLWARA
2025-04-01,3067.760888420257,52444.65260048985,3115.24,248.33970013279773,1652.25,BG-1883_P,True,24,ALLWARA
2025-05-01,3069.039118338183,55286.495435686666,3069.12,227.19628314136705,1790.23,BG-1883_P,True,25,ALLWARA
2025-06-01,3070.901779089398,58149.544217266404,3169.31,207.85299750966053,1957.77,BG-1883_P,True,26,ALLWARA
2025-07-01,3067.6821752776395,61027.06981085882,3158.98,190.15658168522535,1796.66,BG-1883_P,True,27,ALLWARA
2025-08-01,3034.774272208651,63887.877260402194,3141.12,173.96682266527893,1714.37,BG-1883_P,True,28,ALLWARA
2025-09-01,3002.5483076122646,66731.27012295944,2968.3,159.15544505501634,1819.73,BG-1883_P,True,29,ALLWARA
2025-10-01,2976.5639184849897,69562.22894673394,3044.09,145.6050947104863,1890.48,BG-1883_P,True,30,ALLWARA
2025-11-01,2952.391912542637,72381.4124503634,3042.33,133.2084089131921,1890.99,BG-1883_P,True,31,ALLWARA
2025-12-01,2786.8619290513666,75046.40721370558,3026.9,121.86716570918354,1888.02,BG-1883_P,True,32,ALLWARA
2026-01-01,2650.489838001549,77585.40554603448,3051.0,111.49150567264822,1829.75,BG-1883_P,True,33,ALLWARA
2026-02-01,2650.085775915931,80133.49210202257,3186.98,101.99921992784505,2028.74,BG-1883_P,True,34,ALLWARA
2026-03-01,2520.893876421392,82561.07087965576,3034.31,93.31509878820515,1932.52,BG-1883_P,True,35,ALLWARA
2023-04-01,2379.454728506856,227.8550701801781,2571.01,2151.599658326678,1408.91,BG-0922ST1_P,True,0,ALLWARA
2023-05-01,2520.09237602583,688.8815852419945,2553.71,2059.0658609640136,1370.75,BG-0922ST1_P,True,1,ALLWARA
2023-06-01,2700.03838155073,1418.4083042816903,2489.43,1970.511662511034,1912.1,BG-0922ST1_P,True,2,ALLWARA
2023-07-01,2844.3041443149764,2376.9465361483412,2534.7,1885.7659124483255,1900.87,BG-0922ST1_P,True,3,ALLWARA
2023-08-01,2969.2003175595923,3541.48203278498,2500.52,1804.664820922953,1684.48,BG-0922ST1_P,True,4,ALLWARA
2023-09-01,3078.168327320446,4892.598717916981,2465.37,1727.0516421884458,1658.28,BG-0922ST1_P,True,5,ALLWARA
2023-10-01,3018.394426314697,6258.216772572606,2535.81,1652.7763716590723,1635.76,BG-0922ST1_P,True,6,ALLWARA
2023-11-01,2950.9412410036884,7627.4625575834025,2615.0,1581.6954559928927,1546.66,BG-0922ST1_P,True,7,ALLWARA
2023-12-01,2884.11399602066,8997.905037960798,2533.6,1513.671515643265,1644.44,BG-0922ST1_P,True,8,ALLWARA
2024-01-01,2965.142713707823,10514.474672326049,3098.11,1448.5730793425732,2250.61,BG-0922ST1_P,True,9,ALLWARA
2024-02-01,3172.8595688144114,12301.059911135457,4340.36,1386.2743300050024,3456.41,BG-0922ST1_P,True,10,ALLWARA
2024-03-01,3336.9720059786932,14311.377055556874,4368.43,1326.6548615572765,3860.03,BG-0922ST1_P,True,11,ALLWARA
2024-04-01,3462.9663274217546,16504.743936751267,4426.72,1269.5994462273604,3567.52,BG-0922ST1_P,True,12,ALLWARA
2024-05-01,3559.795196627747,18849.541321537632,4593.64,1214.9978118413803,3005.53,BG-0922ST1_P,True,13,ALLWARA
2024-06-01,3633.607342528854,21320.40423536816,3772.48,1162.7444286983252,2640.11,BG-0922ST1_P,True,14,ALLWARA
2024-07-01,3672.818479211865,23880.4844089694,3491.04,1112.738305610625,2499.27,BG-0922ST1_P,True,15,ALLWARA
2024-08-01,3649.3487656762654,26464.95037992926,3480.14,1064.8827947164073,2650.35,BG-0922ST1_P,True,16,ALLWARA
2024-09-01,3634.543565556455,29080.40854079953,3494.59,1019.0854046861871,2378.84,BG-0922ST1_P,True,17,ALLWARA
2024-10-01,3592.4077104989497,31697.558629335505,3459.38,975.2576219629747,2438.77,BG-0922ST1_P,True,18,ALLWARA
2024-11-01,3514.9651593788294,34279.20904902403,3426.73,933.3147396903033,2461.58,BG-0922ST1_P,True,19,ALLWARA
2024-12-01,3439.435533154289,36825.46888818077,3298.6,893.1756939975486,2465.29,BG-0922ST1_P,True,20,ALLWARA
2025-01-01,3362.3510704278196,39333.05705128247,3191.68,854.762907326118,2430.47,BG-0922ST1_P,True,21,ALLWARA
2025-02-01,3278.3116361566285,41793.36654894539,3259.82,818.0021384937091,1921.38,BG-0922ST1_P,True,22,ALLWARA
2025-03-01,0.0,41793.36654894539,0.0,0.0,0.0,BG-0922ST1_P,True,23,ALLWARA
2025-04-01,0.0,41793.36654894539,0.0,0.0,0.0,BG-0922ST1_P,True,24,ALLWARA
2025-05-01,0.0,41793.36654894539,0.0,0.0,0.0,BG-0922ST1_P,True,25,ALLWARA
2025-06-01,0.0,41793.36654894539,0.0,0.0,0.0,BG-0922ST1_P,True,26,ALLWARA
2025-07-01,0.0,41793.36654894539,0.0,0.0,0.0,BG-0922ST1_P,True,27,ALLWARA
2025-08-01,0.0,41793.36654894539,0.0,0.0,0.0,BG-0922ST1_P,True,28,ALLWARA
2025-09-01,0.0,41793.36654894539,0.0,0.0,0.0,BG-0922ST1_P,True,29,ALLWARA
2025-10-01,0.0,41793.36654894539,0.0,0.0,0.0,BG-0922ST1_P,True,30,ALLWARA
2025-11-01,0.0,41793.36654894539,0.0,0.0,0.0,BG-0922ST1_P,True,31,ALLWARA
2025-12-01,0.0,41793.36654894539,0.0,0.0,0.0,BG-0922ST1_P,True,32,ALLWARA
2026-01-01,0.0,41793.36654894539,0.0,0.0,0.0,BG-0922ST1_P,True,33,ALLWARA
2026-02-01,0.0,41793.36654894539,0.0,0.0,0.0,BG-0922ST1_P,True,34,ALLWARA
2026-03-01,0.0,41793.36654894539,0.0,0.0,0.0,BG-0922ST1_P,True,35,ALLWARA
2023-04-01,0.0,0.0,0.0,0.0,0.0,BG-1162_P,True,0,ALLWARA
2023-05-01,0.0,0.0,0.0,0.0,0.0,BG-1162_P,True,1,ALLWARA
2023-06-01,0.0,0.0,0.0,0.0,0.0,BG-1162_P,True,2,ALLWARA
2023-07-01,0.0,0.0,0.0,0.0,0.0,BG-1162_P,True,3,ALLWARA
2023-08-01,0.0,0.0,0.0,0.0,0.0,BG-1162_P,True,4,ALLWARA
2023-09-01,0.0,0.0,0.0,0.0,0.0,BG-1162_P,True,5,ALLWARA
2023-10-01,0.0,0.0,0.0,0.0,0.0,BG-1162_P,True,6,ALLWARA
2023-11-01,0.0,0.0,0.0,0.0,0.0,BG-1162_P,True,7,ALLWARA
2023-12-01,0.0,0.0,0.0,0.0,0.0,BG-1162_P,True,8,ALLWARA
2024-01-01,0.0,0.0,0.0,0.0,0.0,BG-1162_P,True,9,ALLWARA
2024-02-01,0.0,0.0,0.0,0.0,0.0,BG-1162_P,True,10,ALLWARA
2024-03-01,0.0,0.0,0.0,0.0,0.0,BG-1162_P,True,11,ALLWARA
2024-04-01,0.0,0.0,0.0,0.0,0.0,BG-1162_P,True,12,ALLWARA
2024-05-01,0.0,0.0,0.0,0.0,0.0,BG-1162_P,True,13,ALLWARA
2024-06-01,0.0,0.0,0.0,0.0,0.0,BG-1162_P,True,14,ALLWARA
2024-07-01,0.0,0.0,0.0,0.0,0.0,BG-1162_P,True,15,ALLWARA
2024-08-01,0.0,0.0,0.0,0.0,0.0,BG-1162_P,True,16,ALLWARA
2024-09-01,0.0,0.0,0.0,0.0,0.0,BG-1162_P,True,17,ALLWARA
2024-10-01,0.0,0.0,0.0,0.0,0.0,BG-1162_P,True,18,ALLWARA
2024-11-01,0.0,0.0,0.0,0.0,0.0,BG-1162_P,True,19,ALLWARA
2024-12-01,0.0,0.0,0.0,0.0,0.0,BG-1162_P,True,20,ALLWARA
2025-01-01,0.0,0.0,0.0,0.0,0.0,BG-1162_P,True,21,ALLWARA
2025-02-01,0.0,0.0,0.0,0.0,0.0,BG-1162_P,True,22,ALLWARA
2025-03-01,0.0,0.0,0.0,0.0,0.0,BG-1162_P,True,23,ALLWARA
2025-04-01,1021.2544595822624,1021.2544595822624,2274.69,0.0,555.95,BG-1162_P,True,24,ALLWARA
2025-05-01,1018.2619066230615,2039.5163662053237,1769.66,0.0,899.11,BG-1162_P,True,25,ALLWARA
2025-06-01,1017.0437011432066,3056.5600673485305,1678.46,0.0,793.57,BG-1162_P,True,26,ALLWARA
2025-07-01,1014.5939213176937,4071.153988666224,1691.03,0.0,822.12,BG-1162_P,True,27,ALLWARA
2025-08-01,1132.2728333857604,5203.426822051984,1731.97,0.0,844.48,BG-1162_P,True,28,ALLWARA
2025-09-01,1239.2695558159344,6442.696377867918,1754.35,0.0,791.76,BG-1162_P,True,29,ALLWARA
2025-10-01,1330.7773892554146,7773.473767123332,1857.12,0.0,1020.92,BG-1162_P,True,30,ALLWARA
2025-11-01,1406.2417597379197,9179.715526861251,2238.72,0.0,1770.54,BG-1162_P,True,31,ALLWARA
2025-12-01,1470.3347522450915,10650.050279106343,2264.25,0.0,1810.91,BG-1162_P,True,32,ALLWARA
2026-01-01,1522.3374799071794,12172.387759013522,2217.63,0.0,1761.27,BG-1162_P,True,33,ALLWARA
2026-02-01,1564.9051001452378,13737.292859158759,2349.15,0.0,1808.82,BG-1162_P,True,34,ALLWARA
2026-03-01,1524.977914653131,15262.27077381189,2486.21,0.0,1878.29,BG-1162_P,True,35,ALLWARA
2023-04-01,1166.1624069181426,150.77676021250429,1197.24,1015.3856467056382,815.14,BG-1237_P,True,0,ALLWARA
2023-05-01,1190.5477603307786,437.77355796958113,1143.77,903.5509625737017,766.67,BG-1237_P,True,1,ALLWARA
2023-06-01,1104.2037840028875,737.9435794147239,1132.3,804.0337625577447,741.05,BG-1237_P,True,2,ALLWARA
2023-07-01,988.379101359612,1010.8452831394109,1105.07,715.4773976349251,609.16,BG-1237_P,True,3,ALLWARA
2023-08-01,1009.256888363399,1383.4275312513937,1059.52,636.6746402514161,625.67,BG-1237_P,True,4,ALLWARA
2023-09-01,1063.2494839137776,1880.125788139403,1034.79,566.5512270257682,693.78,BG-1237_P,True,5,ALLWARA
2023-10-01,1104.721246917243,2480.6958209959575,1046.47,504.15121406068835,701.75,BG-1237_P,True,6,ALLWARA
2023-11-01,1145.9779725274311,3178.049848301034,1059.95,448.6239452223546,706.65,BG-1237_P,True,7,ALLWARA
2023-12-01,1181.5688048074594,3960.40619737365,1108.97,399.2124557348437,731.39,BG-1237_P,True,8,ALLWARA
2024-01-01,1211.4196986491709,4816.5827430189065,1077.39,355.2431530039142,725.71,BG-1237_P,True,9,ALLWARA
2024-02-01,1241.4278008678525,5741.893909890793,1088.08,316.116633995966,743.76,BG-1237_P,True,10,ALLWARA
2024-03-01,1268.7044184928984,6729.298814391825,1130.33,281.2995139918671,757.99,BG-1237_P,True,11,ALLWARA
2024-04-01,1295.3818702446652,7774.3635293137795,1131.91,250.31715532271048,769.21,BG-1237_P,True,12,ALLWARA
2024-05-01,1320.9206074601113,8872.536939810496,1599.95,222.74719696339585,1152.36,BG-1237_P,True,13,ALLWARA
2024-06-01,1369.3658531675742,10043.6889962006,1633.84,198.21379677746899,1171.21,BG-1237_P,True,14,ALLWARA
2024-07-01,1388.3321722734622,11255.638660552331,1672.03,176.382507921732,1191.85,BG-1237_P,True,15,ALLWARA
2024-08-01,1409.6571174689518,12508.340058457083,1576.72,156.95571956420054,1104.78,BG-1237_P,True,16,ALLWARA
2024-09-01,1428.6952978762295,13797.366756571439,1635.54,139.66859976187402,1212.78,BG-1237_P,True,17,ALLWARA
2024-10-01,1439.0846994891403,15112.165970870195,1579.57,124.28548519038432,1196.38,BG-1237_P,True,18,ALLWARA
2024-11-01,1441.4636221902192,16443.032924551208,1314.07,110.59666850920806,981.45,BG-1237_P,True,19,ALLWARA
2024-12-01,1442.9798445073998,17787.59722949179,1262.79,98.41553956681967,988.2,BG-1237_P,True,20,ALLWARA
2025-01-01,1444.8377574511878,19144.85894546916,1266.69,87.57604147381574,999.11,BG-1237_P,True,21,ALLWARA
2025-02-01,1449.8477385530516,20516.776277157795,1240.39,77.93040686441806,947.17,BG-1237_P,True,22,ALLWARA
2025-03-01,0.0,20516.776277157795,0.0,0.0,0.0,BG-1237_P,True,23,ALLWARA
2025-04-01,1459.9376993758697,21915.004734875438,1263.77,61.7092416582276,923.33,BG-1237_P,True,24,ALLWARA
2025-05-01,1464.679646956746,23324.77180267481,1347.77,54.912579157374005,1149.25,BG-1237_P,True,25,ALLWARA
2025-06-01,1465.298481412522,24741.205782293335,1387.89,48.86450179400035,1223.49,BG-1237_P,True,26,ALLWARA
2025-07-01,1467.17574348338,26164.898965456014,1483.37,43.48256032070248,1309.11,BG-1237_P,True,27,ALLWARA
2025-08-01,1421.0970732712058,27547.302652268183,1551.3,38.69338645903631,1333.39,BG-1237_P,True,28,ALLWARA
2025-09-01,1383.7570322147362,28896.627991762296,1432.91,34.43169272062191,1195.32,BG-1237_P,True,29,ALLWARA
2025-10-01,1341.4513839881115,30207.43999336235,1350.41,30.639382388058245,1167.02,BG-1237_P,True,30,ALLWARA
2025-11-01,1313.0447804793118,31493.220016319025,1470.5,27.264757522635584,1285.07,BG-1237_P,True,31,ALLWARA
2025-12-01,1287.6013405636513,32756.559542680512,1416.24,24.261814202163645,1208.44,BG-1237_P,True,32,ALLWARA
2026-01-01,1264.1469646608891,33999.11689196002,1253.47,21.589615381380728,968.88,BG-1237_P,True,33,ALLWARA
2026-02-01,1243.256820623909,35223.16197975834,1182.74,19.21173282558499,893.95,BG-1237_P,True,34,ALLWARA
2026-03-01,1164.494956604508,36370.56118585309,1169.91,17.095750509755277,888.91,BG-1237_P,True,35,ALLWARA
2023-04-01,2297.8781196923464,297.66497269650677,2291.08,2000.2131469958395,1118.84,BG-1236_P,True,0,ALLWARA
2023-05-01,2392.6323449406905,804.499122951976,2209.16,1885.7981946852212,1052.28,BG-1236_P,True,1,ALLWARA
2023-06-01,2214.5138333487052,1241.0850207608014,2204.41,1777.9279355398799,1025.33,BG-1236_P,True,2,ALLWARA
2023-07-01,1985.6045828306067,1550.4615995123502,2138.41,1676.2280040790579,962.75,BG-1236_P,True,3,ALLWARA
2023-08-01,2045.317845938991,2015.433996407218,2046.35,1580.3454490441231,949.32,BG-1236_P,True,4,ALLWARA
2023-09-01,2131.204175873907,2656.690663805614,1997.46,1489.9475084755113,1078.01,BG-1236_P,True,5,ALLWARA
2023-10-01,2153.108767294738,3405.078976243394,1995.8,1404.7204548569578,1254.86,BG-1236_P,True,6,ALLWARA
2023-11-01,2153.269017321131,4233.979487245451,2023.02,1324.3685063190737,1263.61,BG-1236_P,True,7,ALLWARA
2023-12-01,2128.622803027178,5113.98949014905,2141.83,1248.6128001235793,1321.68,BG-1236_P,True,8,ALLWARA
2024-01-01,2086.566002539349,6023.365067822742,2165.53,1177.1904248656567,1368.43,BG-1236_P,True,9,ALLWARA
2024-02-01,2044.0199443244428,6957.531504111523,2183.11,1109.8535080356621,1402.62,BG-1236_P,True,10,ALLWARA
2024-03-01,1996.5909982118476,7907.754146549802,2273.31,1046.3683557735683,1429.35,BG-1236_P,True,11,ALLWARA
2024-04-01,1950.492550310354,8871.732055029515,2060.87,986.5146418306401,1363.28,BG-1236_P,True,12,ALLWARA
2024-05-01,1905.159927772269,9846.807339878163,2239.17,930.0846429236216,1506.86,BG-1236_P,True,13,ALLWARA
2024-06-01,1908.591662435535,10878.516484485981,2199.77,876.8825178277174,1458.88,BG-1236_P,True,14,ALLWARA
2024-07-01,1848.0761737810703,11899.869030560598,2243.77,826.7236277064528,1516.91,BG-1236_P,True,15,ALLWARA
2024-08-01,1800.6814218905565,12921.116557131552,1496.51,779.4338953196013,938.75,BG-1236_P,True,16,ALLWARA
2024-09-01,1754.5916574356302,13940.859013681877,1489.61,734.849200885305,938.86,BG-1236_P,True,17,ALLWARA
2024-10-01,1697.1502061061467,14945.194407288309,1428.06,692.8148124997141,931.08,BG-1236_P,True,18,ALLWARA
2024-11-01,1631.7413887094565,15923.750946860357,1411.91,653.1848491374096,928.46,BG-1236_P,True,19,ALLWARA
2024-12-01,1574.3348684096256,16882.26404090104,1418.48,615.8217743689431,898.21,BG-1236_P,True,20,ALLWARA
2025-01-01,0.0,16882.26404090104,0.0,0.0,0.0,BG-1236_P,True,21,ALLWARA
2025-02-01,0.0,16882.26404090104,0.0,0.0,0.0,BG-1236_P,True,22,ALLWARA
2025-03-01,1456.0703760275437,17822.260564864744,1546.07,516.0738520638394,973.0,BG-1236_P,True,23,ALLWARA
2025-04-01,0.0,17822.260564864744,0.0,0.0,0.0,BG-1236_P,True,24,ALLWARA
2025-05-01,1396.9516242591571,18760.49001755731,1311.94,458.7221715665905,789.61,BG-1236_P,True,25,ALLWARA
2025-06-01,1362.715287352748,19690.722674595578,1356.88,432.48263031447823,850.37,BG-1236_P,True,26,ALLWARA
2025-07-01,1334.6831272679374,20617.661774830853,1446.95,407.7440270326627,909.99,BG-1236_P,True,27,ALLWARA
2025-08-01,1214.5368124634654,21447.778081296376,1015.94,384.42050599794237,596.66,BG-1236_P,True,28,ALLWARA
2025-09-01,1132.7858249265532,22218.132783669964,763.91,362.431122552964,399.76,BG-1236_P,True,29,ALLWARA
2025-10-01,1053.0837596916967,22929.51698117518,734.63,341.69956218647894,385.91,BG-1236_P,True,30,ALLWARA
2025-11-01,1011.4759681556657,23618.83907364825,777.35,322.1538756825964,424.84,BG-1236_P,True,31,ALLWARA
2025-12-01,978.0523610888761,24293.165205317262,1068.2,303.72622941986435,513.52,BG-1236_P,True,32,ALLWARA
2026-01-01,949.2376563987636,24956.050191762435,1263.99,286.35266995358916,561.21,BG-1236_P,True,33,ALLWARA
2026-02-01,925.5803355494096,25611.657625247477,1188.75,269.9729020643691,519.1,BG-1236_P,True,34,ALLWARA
2026-03-01,786.6895732680783,26143.817119012994,1167.48,254.53007950256028,516.05,BG-1236_P,True,35,ALLWARA
2023-04-01,2999.739191676441,188.72039588720918,2957.24,2811.0187957892317,1635.73,BG-0581_P,True,0,ALLWARA
2023-05-01,3061.8468652757015,513.7916047032093,2901.61,2736.7756564597016,1752.64,BG-0581_P,True,1,ALLWARA
2023-06-01,3102.246932309563,951.545149416078,3234.85,2664.4933875966944,1758.68,BG-0581_P,True,2,ALLWARA
2023-07-01,3089.367300655893,1446.7922503437735,3225.78,2594.1201997281973,1808.19,BG-0581_P,True,3,ALLWARA
2023-08-01,3122.010183402477,2043.1967625279544,3106.72,2525.6056712182963,1771.63,BG-0581_P,True,4,ALLWARA
2023-09-01,3148.600347085727,2732.896397473066,3030.56,2458.9007121406157,1989.45,BG-0581_P,True,5,ALLWARA
2023-10-01,3170.984498627422,3509.923366994577,3109.14,2393.957529105911,2013.22,BG-0581_P,True,6,ALLWARA
2023-11-01,3191.8119159921507,4371.005691968113,3168.85,2330.729591018615,2012.42,BG-0581_P,True,7,ALLWARA
2023-12-01,3205.3168815788954,5307.1509778092,3285.53,2269.1715957378083,1665.53,BG-0581_P,True,8,ALLWARA
2024-01-01,3206.455284415414,6304.366824605896,3217.12,2209.239437618718,1842.78,BG-0581_P,True,9,ALLWARA
2024-02-01,3207.8104884801805,7361.287137174579,3248.5,2150.8901759114983,2034.72,BG-0581_P,True,10,ALLWARA
2024-03-01,3206.54314729802,8473.748280477957,3216.62,2094.08200399464,2135.9,BG-0581_P,True,11,ALLWARA
2024-04-01,3156.7952557555054,9591.769316812488,3062.74,2038.7742194209752,2187.06,BG-0581_P,True,12,ALLWARA
2024-05-01,3114.2484071981653,10721.090529255845,2967.37,1984.9271947548066,1505.54,BG-0581_P,True,13,ALLWARA
2024-06-01,3068.2578822826695,11856.846062359235,2931.07,1932.5023491792797,1674.13,BG-0581_P,True,14,ALLWARA
2024-07-01,3013.629893442205,12989.013834947804,2915.82,1881.4621208536353,1623.09,BG-0581_P,True,15,ALLWARA
2024-08-01,2963.468698594842,14120.712593542092,2951.35,1831.769940000554,1620.38,BG-0581_P,True,16,ALLWARA
2024-09-01,2915.0020187299697,15252.324409567758,2700.25,1783.390202704303,1691.22,BG-0581_P,True,17,ALLWARA
2024-10-01,2871.103561381982,16387.13972554883,2601.96,1736.2882454009118,1781.59,BG-0581_P,True,18,ALLWARA
2024-11-01,2832.587850684379,17529.297256191112,2543.75,1690.4303200420986,1965.71,BG-0581_P,True,19,ALLWARA
2024-12-01,2794.582207655828,18678.095893931786,2747.46,1645.7835699151535,2057.92,BG-0581_P,True,20,ALLWARA
2025-01-01,2757.6803793306863,19833.460267161012,2803.19,1602.3160061014594,2053.56,BG-0581_P,True,21,ALLWARA
2025-02-01,2722.20067661177,20995.664459216012,2808.97,1559.996484556771,1835.04,BG-0581_P,True,22,ALLWARA
2025-03-01,2688.0181119666217,22164.88788738579,2884.68,1518.7946837968416,1816.47,BG-0581_P,True,23,ALLWARA
2025-04-01,2654.5756572578857,23340.782461471274,2965.26,1478.6810831724033,1799.96,BG-0581_P,True,24,ALLWARA
2025-05-01,2622.0705798949602,24523.226099648295,2936.31,1439.6269417179396,1941.13,BG-0581_P,True,25,ALLWARA
2025-06-01,2590.848693700488,25712.470515789693,3056.15,1401.604277559089,2076.91,BG-0581_P,True,26,ALLWARA
2025-07-01,2558.4551480741557,26906.339815999916,3038.27,1364.5858478639334,2079.18,BG-0581_P,True,27,ALLWARA
2025-08-01,2521.937183935389,28099.731870611504,3045.58,1328.5451293237993,2090.36,BG-0581_P,True,28,ALLWARA
2025-09-01,2487.480217112484,29293.755788574395,2928.18,1293.4562991495911,2031.56,BG-0581_P,True,29,ALLWARA
2025-10-01,2454.596880943722,30489.058452948077,2911.22,1259.2942165700404,2034.81,BG-0581_P,True,30,ALLWARA
2025-11-01,2425.465782012102,31688.489830141567,2420.26,1226.0344048186107,1663.75,BG-0581_P,True,31,ALLWARA
2025-12-01,2397.2226396191045,32892.05943616451,2409.39,1193.653033596157,1661.08,BG-0581_P,True,32,ALLWARA
2026-01-01,2369.24723995379,34099.17977412153,2412.32,1162.1269019967722,1609.87,BG-0581_P,True,33,ALLWARA
2026-02-01,2341.95506083885,35309.70141307579,2483.02,1131.433421884585,1623.16,BG-0581_P,True,34,ALLWARA
2026-03-01,2283.8763706817526,36492.02718204794,2419.77,1101.5506017096031,1554.82,BG-0581_P,True,35,ALLWARA
2023-04-01,3130.3299161540735,230.99133594838256,3216.8,2899.338580205691,2525.84,BG-0987_P,True,0,ALLWARA
2023-05-01,3230.4889577946024,704.510411972455,3240.75,2756.96988177053,2526.39,BG-0987_P,True,1,ALLWARA
2023-06-01,3354.2381971500954,1437.156574000329,3256.82,2621.592035122221,2445.52,BG-0987_P,True,2,ALLWARA
2023-07-01,3447.253492286672,2391.5483037919457,3094.49,2492.8617624950557,2358.12,BG-0987_P,True,3,ALLWARA
2023-08-01,3530.810911120432,3551.9065725277524,3163.9,2370.4526423846255,2378.83,BG-0987_P,True,4,ALLWARA
2023-09-01,3595.036128550234,4892.88841923756,3192.32,2254.0542818404265,2383.44,BG-0987_P,True,5,ALLWARA
2023-10-01,3601.014597645715,6350.531487481185,3380.9,2143.3715294020903,2570.06,BG-0987_P,True,6,ALLWARA
2023-11-01,0.0,6350.531487481185,0.0,0.0,0.0,BG-0987_P,True,7,ALLWARA
2023-12-01,3570.4643510310034,7982.95184180532,3768.52,1938.0439967068678,1371.43,BG-0987_P,True,8,ALLWARA
2024-01-01,3585.5666976549287,9725.639972277539,3873.17,1842.8785671827104,3104.2,BG-0987_P,True,9,ALLWARA
2024-02-01,3657.279892380098,11630.533737638725,3822.24,1752.3861270189113,3041.68,BG-0987_P,True,10,ALLWARA
2024-03-01,3709.1480529341507,13673.344576144855,3894.21,1666.337214428021,3169.2,BG-0987_P,True,11,ALLWARA
2024-04-01,3700.769149866607,15789.600090930755,4044.19,1584.5136350807068,2312.36,BG-0987_P,True,12,ALLWARA
2024-05-01,3649.4982108404884,17932.39039294111,3783.5,1506.7079088301346,2774.75,BG-0987_P,True,13,ALLWARA
2024-06-01,3593.033541866601,20092.701191203396,3617.95,1432.7227436043152,2652.6,BG-0987_P,True,14,ALLWARA
2024-07-01,3519.5729748318877,22249.903630902918,3545.53,1362.3705351323647,2576.12,BG-0987_P,True,15,ALLWARA
2024-08-01,3437.2403886845987,24391.671128351383,3224.89,1295.4728912361322,2118.01,BG-0987_P,True,16,ALLWARA
2024-09-01,3388.9063113103407,26548.71726018078,3193.88,1231.8601794809433,2095.76,BG-0987_P,True,17,ALLWARA
2024-10-01,3397.173468304406,28774.51963144675,3195.25,1171.3710970384352,1768.7,BG-0987_P,True,18,ALLWARA
2024-11-01,3405.874599899093,31066.541969675058,3526.91,1113.8522616707846,2454.02,BG-0987_P,True,19,ALLWARA
2024-12-01,3417.8103464784917,33425.194493354364,3587.0,1059.1578227991852,2565.74,BG-0987_P,True,20,ALLWARA
2025-01-01,3435.9966325504042,35854.04203423441,3629.42,1007.1490916703627,2320.6,BG-0987_P,True,21,ALLWARA
2025-02-01,3458.223322899211,38354.57116745028,3601.32,957.6941896833405,2431.02,BG-0987_P,True,22,ALLWARA
2025-03-01,3463.035132979334,40906.9385864449,3755.07,910.6677139847137,2701.18,BG-0987_P,True,23,ALLWARA
2025-04-01,3464.3111421421227,43505.299309102535,3727.08,865.9504194844869,2711.52,BG-0987_P,True,24,ALLWARA
2025-05-01,3472.960161602688,46154.830554219065,3715.41,823.4289164861575,2641.78,BG-0987_P,True,25,ALLWARA
2025-06-01,3488.030921738791,48859.86609279353,3445.03,782.995383164329,2529.6,BG-0987_P,True,26,ALLWARA
2025-07-01,3492.243292914722,51607.562093547465,3294.01,744.5472921607811,2566.87,BG-0987_P,True,27,ALLWARA
2025-08-01,3504.4107226851947,54403.98566562693,3379.74,707.9871506057254,2637.39,BG-0987_P,True,28,ALLWARA
2025-09-01,3520.7316434527875,57251.495056174695,3459.28,673.2222529050213,2733.36,BG-0987_P,True,29,ALLWARA
2025-10-01,3539.5242701452653,60150.85488065347,3457.29,640.1644456664906,2734.31,BG-0987_P,True,30,ALLWARA
2025-11-01,3551.4518645141006,63093.576840998314,3499.55,608.7299041692575,2740.79,BG-0987_P,True,31,ALLWARA
2025-12-01,3558.493334177572,66073.23125536658,3527.19,578.8389198093041,2796.72,BG-0987_P,True,32,ALLWARA
2026-01-01,3562.177693715976,69084.99325110028,3509.02,550.4156979822696,2879.13,BG-0987_P,True,33,ALLWARA
2026-02-01,3571.946509894886,72133.55159510419,3519.98,523.3881658909825,2900.3,BG-0987_P,True,34,ALLWARA
2026-03-01,3545.671003705982,75181.5348090198,3634.85,497.6877897903826,2986.9,BG-0987_P,True,35,ALLWARA
2023-04-01,1558.2729758245098,464.87725886235665,1666.89,1093.395716962153,1047.1,BG-1241_P,True,0,ALLWARA
2023-05-01,1679.1794739691936,1141.832273220462,1514.88,1002.2244596110883,934.47,BG-1241_P,True,1,ALLWARA
2023-06-01,1700.2680850566294,1923.4449695094527,1526.41,918.6553887676388,925.29,BG-1241_P,True,2,ALLWARA
2023-07-01,1512.3741473030775,2593.764509963974,1337.37,842.0546068485562,791.4,BG-1241_P,True,3,ALLWARA
2023-08-01,1549.1263830389994,3371.049820077833,1305.92,771.8410729251407,790.1,BG-1241_P,True,4,ALLWARA
2023-09-01,1573.581251515696,4237.148876247763,1465.79,707.4821953457658,929.15,BG-1241_P,True,5,ALLWARA
2023-10-01,1589.7770482112992,5178.436132597713,1483.35,648.4897918613485,1169.04,BG-1241_P,True,6,ALLWARA
2023-11-01,1604.2142699107258,6188.23401589839,1499.58,594.4163866100492,1177.39,BG-1241_P,True,7,ALLWARA
2023-12-01,1602.5611099357889,7245.943309961505,1579.04,544.851815872673,1231.17,BG-1241_P,True,8,ALLWARA
2024-01-01,1557.0894021157749,8303.612595224919,1613.15,499.4201168523614,1274.98,BG-1241_P,True,9,ALLWARA
2024-02-01,1519.914691240638,9365.750610586561,1635.47,457.7766758789946,1261.14,BG-1241_P,True,10,ALLWARA
2024-03-01,1484.6655150237557,10430.810511203776,1689.07,419.6056144065418,1258.09,BG-1241_P,True,11,ALLWARA
2024-04-01,1454.037994437365,11500.23111266581,1696.46,384.61739297533006,1276.66,BG-1241_P,True,12,ALLWARA
2024-05-01,1426.3671580059358,12574.051655707213,1709.53,352.546614964533,1300.24,BG-1241_P,True,13,ALLWARA
2024-06-01,1429.809102131896,13680.71074436345,1507.83,323.15001347565897,1288.3,BG-1241_P,True,14,ALLWARA
2024-07-01,1398.4886227233362,14782.994761009873,1541.0,296.20460607691274,1344.85,BG-1241_P,True,15,ALLWARA
2024-08-01,1365.234175746059,15876.722933344337,1434.43,271.5060034115945,1260.27,BG-1241_P,True,16,ALLWARA
2024-09-01,1334.7736078898824,16962.629682393424,1501.78,248.8668588407965,1320.45,BG-1241_P,True,17,ALLWARA
2024-10-01,1313.4256740570777,18047.939909090048,1470.62,228.11544736045437,1306.02,BG-1241_P,True,18,ALLWARA
2024-11-01,1301.6815499363427,19140.527096012996,1471.16,209.0943630133925,1311.46,BG-1241_P,True,19,ALLWARA
2024-12-01,1289.8400396085733,20238.707810705742,1448.99,191.65932491582618,1295.44,BG-1241_P,True,20,ALLWARA
2025-01-01,1279.5514046339817,21342.581132498068,1468.41,175.67808284165685,1319.35,BG-1241_P,True,21,ALLWARA
2025-02-01,1272.9504030986968,22454.50212153369,1421.76,161.02941406307525,1265.68,BG-1241_P,True,22,ALLWARA
2025-03-01,1267.5630066856597,23574.462924381154,1468.85,147.60220383819373,1312.42,BG-1241_P,True,23,ALLWARA
2025-04-01,1261.410491909892,24700.578813720127,1452.48,135.2946025709189,1300.74,BG-1241_P,True,24,ALLWARA
2025-05-01,1255.3465667836579,25831.912127253927,1342.68,124.01325324985675,1217.5,BG-1241_P,True,25,ALLWARA
2025-06-01,1250.3854220471835,26968.624965994975,1321.28,113.67258330613424,1232.69,BG-1241_P,True,26,ALLWARA
2025-07-01,1240.084353654255,28104.515164130575,1412.56,104.19415551865583,1320.49,BG-1241_P,True,27,ALLWARA
2025-08-01,1150.501389792923,29159.51048088029,1476.98,95.50607304320835,1386.17,BG-1241_P,True,28,ALLWARA
2025-09-01,1079.6051515379647,30151.57319836588,1413.54,87.54243405237322,1329.27,BG-1241_P,True,29,ALLWARA
2025-10-01,1010.3553478175768,31081.685714333937,1180.9,80.24283184951966,1126.79,BG-1241_P,True,30,ALLWARA
2025-11-01,963.1121486134493,31971.2459662823,1295.01,73.55189666508636,1240.32,BG-1241_P,True,31,ALLWARA
2025-12-01,0.0,31971.2459662823,0.0,0.0,0.0,BG-1241_P,True,32,ALLWARA
2026-01-01,887.9683544263775,32797.41707276153,441.56,61.79724794715009,367.1,BG-1241_P,True,33,ALLWARA
2026-02-01,858.7115103266955,33599.48421136765,150.52,56.64437172057145,134.08,BG-1241_P,True,34,ALLWARA
2026-03-01,0.0,33599.48421136765,0.0,0.0,0.0,BG-1241_P,True,35,ALLWARA
2023-04-01,2282.4019904471493,373.40652663318684,2546.69,1908.9954638139623,1370.86,BG-0776_P,True,0,ALLWARA
2023-05-01,2363.2443599662065,984.9983820937066,2059.03,1751.6525045056871,1143.35,BG-0776_P,True,1,ALLWARA
2023-06-01,2388.9390830097773,1766.6594203401146,2069.42,1607.278044763369,1144.66,BG-0776_P,True,2,ALLWARA
2023-07-01,2318.6750047355154,2610.5312283608955,1982.02,1474.8031967147344,1080.81,BG-0776_P,True,3,ALLWARA
2023-08-01,2335.8669882319678,3593.1510443774173,2475.4,1353.247172215446,1706.67,BG-0776_P,True,4,ALLWARA
2023-09-01,2346.5901214685155,4698.031144340387,2529.58,1241.710021505546,1668.95,BG-0776_P,True,5,ALLWARA
2023-10-01,2350.4021509326144,5909.067324913647,2516.55,1139.3659703593542,1686.91,BG-0776_P,True,6,ALLWARA
2023-11-01,2352.968163018454,7216.578181532232,2479.73,1045.4573063998696,1651.98,BG-0776_P,True,7,ALLWARA
2023-12-01,2343.11224142044,8600.40165363815,2411.79,959.2887693145223,1590.46,BG-0776_P,True,8,ALLWARA
2024-01-01,2311.0812168930297,10031.2604670914,2359.62,880.2224034397786,1523.22,BG-0776_P,True,9,ALLWARA
2024-02-01,2283.5114582040906,11507.09909069018,2098.9,807.6728346053112,1382.22,BG-0776_P,True,10,ALLWARA
2024-03-01,2256.2442025493365,13022.24035697006,2106.13,741.1029362694567,1440.37,BG-0776_P,True,11,ALLWARA
2024-04-01,2213.3961608806517,14555.61666499085,2125.85,680.0198528598609,1490.57,BG-0776_P,True,12,ALLWARA
2024-05-01,2173.0403769042796,16104.685691017343,2259.06,623.9713508777861,1541.9,BG-0776_P,True,13,ALLWARA
2024-06-01,2154.970133901035,17687.11335416718,2114.17,572.542470751196,1605.5,BG-0776_P,True,14,ALLWARA
2024-07-01,2099.415760710522,19261.176660229365,2066.66,525.3524546483374,1569.78,BG-0776_P,True,15,ALLWARA
2024-08-01,2056.496466127045,20835.62119884976,2068.77,482.0519275066493,1580.76,BG-0776_P,True,16,ALLWARA
2024-09-01,2015.8606349541176,22409.161523397364,2077.99,442.3203104065126,1510.85,BG-0776_P,True,17,ALLWARA
2024-10-01,1983.4385062074732,23986.736582465288,2052.98,405.86344713955094,1355.97,BG-0776_P,True,18,ALLWARA
2024-11-01,1959.437044154166,25573.762200219862,2180.46,372.41142639959065,1409.97,BG-0776_P,True,19,ALLWARA
2024-12-01,1935.8776139148429,27167.92323066201,2154.65,341.71658347269414,1394.55,BG-0776_P,True,20,ALLWARA
2025-01-01,1914.9711164063747,28769.342680436763,2141.36,313.5516666316206,1369.15,BG-0776_P,True,21,ALLWARA
2025-02-01,1899.3260529510883,30380.960578728384,2095.58,287.7081546594681,1373.23,BG-0776_P,True,22,ALLWARA
2025-03-01,1885.902539365074,32002.86840504731,2153.97,263.99471304614883,1340.96,BG-0776_P,True,23,ALLWARA
2025-04-01,1873.0764752261903,33633.709102845474,2145.51,242.23577742802416,1299.58,BG-0776_P,True,24,ALLWARA
2025-05-01,1861.3912760825567,35272.83012514495,2160.53,222.2702537830815,1266.19,BG-0776_P,True,25,ALLWARA
2025-06-01,1850.7495231156859,36919.629322502195,2276.08,203.9503257584439,1386.79,BG-0776_P,True,26,ALLWARA
2025-07-01,1834.616478559138,38567.10544076117,2199.58,187.14036030016686,1291.53,BG-0776_P,True,27,ALLWARA
2025-08-01,1770.5873190123089,40165.976856290414,2198.55,171.71590348306327,1285.9,BG-0776_P,True,28,ALLWARA
2025-09-01,1717.8196468350116,41726.23374401932,2205.26,157.56275910610398,1484.79,BG-0776_P,True,29,ALLWARA
2025-10-01,1669.4081989420756,43251.065799729695,2203.09,144.5761432317002,1485.47,BG-0776_P,True,30,ALLWARA
2025-11-01,1631.2792306440817,44749.68512196434,2280.16,132.65990840943158,1731.01,BG-0776_P,True,31,ALLWARA
2025-12-01,1598.4550351009418,46226.414325224585,2301.8,121.72583184069916,1771.18,BG-0776_P,True,32,ALLWARA
2026-01-01,1568.5058437040761,47683.22720671449,1382.33,111.6929622141721,935.46,BG-0776_P,True,33,ALLWARA
2026-02-01,1543.0417891311429,49123.781975469356,1071.72,102.48702037627267,662.96,BG-0776_P,True,34,ALLWARA
2026-03-01,1389.741315543171,50419.48344161301,1109.6,94.03984939951557,682.41,BG-0776_P,True,35,ALLWARA
2023-04-01,1868.6007865352244,281.9053592362945,2093.66,1586.6954272989299,1779.73,BG-0184_P,True,0,ALLWARA
2023-05-01,1951.101917786615,710.8216403279968,1991.05,1522.1856366949128,1688.8,BG-0184_P,True,1,ALLWARA
2023-06-01,1977.8195494913814,1228.3425889059904,1938.59,1460.2986009133879,1429.23,BG-0184_P,True,2,ALLWARA
2023-07-01,1876.3036315892741,1703.7185330814048,1846.6,1400.9276874138598,1231.09,BG-0184_P,True,3,ALLWARA
2023-08-01,1903.9628007607478,2263.7107348597397,1804.06,1343.9705989824126,1224.63,BG-0184_P,True,4,ALLWARA
2023-09-01,1924.8318417546784,2899.2133791427545,1721.08,1289.3291974716635,1269.27,BG-0184_P,True,5,ALLWARA
2023-10-01,1938.2257178475234,3600.5297622834123,1558.9,1236.9093347068656,1388.0,BG-0184_P,True,6,ALLWARA
2023-11-01,1950.378546348681,4364.287618365281,1609.73,1186.6206902668125,1428.59,BG-0184_P,True,7,ALLWARA
2023-12-01,1952.428417214329,5178.339419719577,1693.36,1138.376615860033,1498.85,BG-0184_P,True,8,ALLWARA
2024-01-01,1927.1557130058422,6013.4011466972825,1799.77,1092.093986028136,1648.06,BG-0184_P,True,9,ALLWARA
2024-02-01,1905.1261535746082,6870.834245352828,1841.33,1047.6930549190627,1644.02,BG-0184_P,True,10,ALLWARA
2024-03-01,1883.6812096170102,7749.41813608637,1853.55,1005.0973188834673,1644.16,BG-0184_P,True,11,ALLWARA
2024-04-01,1862.9887104504837,8648.173461879382,1865.59,964.2333846574717,1662.37,BG-0184_P,True,12,ALLWARA
2024-05-01,1842.356490939876,9565.499109914581,1888.94,925.0308429046761,1690.37,BG-0184_P,True,13,ALLWARA
2024-06-01,1839.5502869155941,10517.627249930643,1800.64,887.422146899532,1674.02,BG-0184_P,True,14,ALLWARA
2024-07-01,1814.9334637164507,11481.218217504047,1846.8,851.3424961430476,1718.78,BG-0184_P,True,15,ALLWARA
2024-08-01,1787.7864789287735,12452.274971722523,1752.87,816.7297247102966,1610.81,BG-0184_P,True,16,ALLWARA
2024-09-01,1760.868810598228,13429.619588183406,1906.28,783.5241941373446,1759.62,BG-0184_P,True,17,ALLWARA
2024-10-01,1736.8772054291635,14414.828102949528,1874.62,751.668690663042,1732.25,BG-0184_P,True,18,ALLWARA
2024-11-01,1716.7467070597065,15410.466483360611,1879.82,721.1083266486236,1716.25,BG-0184_P,True,19,ALLWARA
2024-12-01,1696.494381127996,16415.170418483343,1719.22,691.7904460052632,1602.34,BG-0184_P,True,20,ALLWARA
2025-01-01,1677.11882687677,17428.624711893484,1704.31,663.6645334666299,1530.81,BG-0184_P,True,21,ALLWARA
2025-02-01,1659.9875069176085,18451.93009126097,1651.43,636.682127550123,1461.55,BG-0184_P,True,22,ALLWARA
2025-03-01,1643.7218616108617,19484.855215815016,1705.94,610.7967370568155,1515.61,BG-0184_P,True,23,ALLWARA
2025-04-01,1627.188718770693,20526.080173619477,1686.47,585.9637609662323,1501.89,BG-0184_P,True,24,ALLWARA
2025-05-01,1610.8489684545516,21574.788730486085,1707.25,562.1404115879445,1524.17,BG-0184_P,True,25,ALLWARA
2025-06-01,1595.3215353601204,22630.82462500864,1752.08,539.285640837564,1564.91,BG-0184_P,True,26,ALLWARA
2025-07-01,1576.7571998992466,23690.221755397775,1872.83,517.3600695101121,1674.43,BG-0184_P,True,27,ALLWARA
2025-08-01,1510.2487740613306,24704.144610030206,1945.79,496.32591942890105,1819.04,BG-0184_P,True,28,ALLWARA
2025-09-01,1452.2013296281805,25680.19899130537,2011.08,476.1469483530157,1657.57,BG-0184_P,True,29,ALLWARA
2025-10-01,1393.3422625850608,26616.752866359187,1936.55,456.78838753124325,1610.29,BG-0184_P,True,30,ALLWARA
2025-11-01,1346.136716011567,27524.672700575902,2100.72,438.21688179485244,1813.91,BG-0184_P,True,31,ALLWARA
2025-12-01,1302.924235405351,28407.196503895248,1921.06,420.40043208600395,1646.19,BG-0184_P,True,32,ALLWARA
2026-01-01,1262.7551126709063,29266.64327624339,1283.23,403.30834032276414,1056.54,BG-0184_P,True,33,ALLWARA
2026-02-01,1225.9054721384064,30105.63759187607,1205.08,386.9111565057255,974.99,BG-0184_P,True,34,ALLWARA
2026-03-01,1141.9421662679047,30876.399130168877,1193.88,371.18062797509776,969.9,BG-0184_P,True,35,ALLWARA
2023-04-01,1317.4115239308278,37.256878120964274,1106.54,1280.1546458098635,418.57,BG-0188_P,True,0,ALLWARA
2023-05-01,1292.789668378793,88.73700116701235,1112.37,1241.309545332745,405.46,BG-0188_P,True,1,ALLWARA
2023-06-01,1273.131620440069,158.2254583551917,1094.18,1203.6431632518895,319.62,BG-0188_P,True,2,ALLWARA
2023-07-01,1253.0628853277203,244.1686112275707,1036.59,1167.1197324553414,305.21,BG-0188_P,True,3,ALLWARA
2023-08-01,1234.2653963436724,346.7294364203969,978.12,1131.704571150846,302.72,BG-0188_P,True,4,ALLWARA
2023-09-01,1215.3525671086588,464.71795359622047,1090.9,1097.3640499328353,255.74,BG-0188_P,True,5,ALLWARA
2023-10-01,1196.3787262658425,597.031120013331,1138.8,1064.065559848732,246.31,BG-0188_P,True,6,ALLWARA
2023-11-01,1178.6948034838065,743.9484420628818,1162.76,1031.7774814342556,248.02,BG-0188_P,True,7,ALLWARA
2023-12-01,1160.628829619275,904.1081169938362,1247.21,1000.4691546883205,259.39,BG-0188_P,True,8,ALLWARA
2024-01-01,1142.7296491248555,1076.7269161596716,1228.79,970.11084995902,268.61,BG-0188_P,True,9,ALLWARA
2024-02-01,1125.756669481125,1261.8098459277508,1215.44,940.6737397130461,275.31,BG-0188_P,True,10,ALLWARA
2024-03-01,1109.0850868372827,1458.7650616032934,1284.04,912.1298711617403,473.27,BG-0188_P,True,11,ALLWARA
2024-04-01,1092.8814750132954,1667.194396898805,1269.56,884.4521397177837,504.55,BG-0188_P,True,12,ALLWARA
2024-05-01,1076.9483620732676,1886.5284957147574,1305.44,857.6142632573153,517.87,BG-0188_P,True,13,ALLWARA
2024-06-01,1069.7294114738904,2124.667150025602,1289.59,831.590757163046,493.97,BG-0188_P,True,14,ALLWARA
2024-07-01,1061.613141608168,2379.923381509107,1224.2,806.3569101246629,250.65,BG-0188_P,True,15,ALLWARA
2024-08-01,1053.0046280126785,2651.0392488482344,1190.35,781.8887606735509,241.03,BG-0188_P,True,16,ALLWARA
2024-09-01,1044.7734669576676,2937.649641376359,1240.77,758.163074429543,252.52,BG-0188_P,True,17,ALLWARA
2024-10-01,1058.9055657763165,3261.397885114575,1130.23,735.1573220381005,238.09,BG-0188_P,True,18,ALLWARA
2024-11-01,1072.5535841850904,3621.1018115227002,900.81,712.8496577769649,94.4,BG-0188_P,True,19,ALLWARA
2024-12-01,1086.7124441833216,4016.595356894047,876.83,691.2188988119746,90.74,BG-0188_P,True,20,ALLWARA
2025-01-01,1100.1005389575157,4446.451390769221,857.87,670.2445050823421,91.75,BG-0188_P,True,21,ALLWARA
2025-02-01,1112.6765462950862,4909.221377268012,883.13,649.906559796295,107.43,BG-0188_P,True,22,ALLWARA
2025-03-01,1124.7197094939838,5403.755336243437,829.51,630.1857505185578,263.86,BG-0188_P,True,23,ALLWARA
2025-04-01,1135.472990877689,5928.1649762894085,810.06,611.0633508317176,261.47,BG-0188_P,True,24,ALLWARA
2025-05-01,1145.8715161320279,6481.51528986738,822.87,592.5212025540569,266.76,BG-0188_P,True,25,ALLWARA
2025-06-01,1158.0602984067916,7065.0338897772,886.05,574.5416984969713,274.45,BG-0188_P,True,26,ALLWARA
2025-07-01,1173.2674409810725,7681.193565012676,967.87,557.1077657455966,280.62,BG-0188_P,True,27,ALLWARA
2025-08-01,1203.282630323028,8344.273345888934,966.89,540.2028494467693,338.98,BG-0188_P,True,28,ALLWARA
2025-09-01,1231.6490019788298,9052.111450778837,961.99,523.8108970889273,334.01,BG-0188_P,True,29,ALLWARA
2025-10-01,1260.0644058118692,9804.259513331685,921.4,507.91634325902146,337.68,BG-0188_P,True,30,ALLWARA
2025-11-01,1286.8660953211465,10598.621513790866,959.67,492.50409486196503,371.77,BG-0188_P,True,31,ALLWARA
2025-12-01,1312.5010504110467,11433.563047413327,959.69,477.55951678858537,368.34,BG-0188_P,True,32,ALLWARA
2026-01-01,1336.4344545044235,12306.929083899284,2934.17,463.06841801846696,1076.66,BG-0188_P,True,33,ALLWARA
2026-02-01,1359.369244626484,13217.281290381276,4996.64,449.0170381444926,1369.23,BG-0188_P,True,34,ALLWARA
2026-03-01,0.0,13217.281290381276,0.0,0.0,0.0,BG-0188_P,True,35,ALLWARA
2023-04-01,532.1766999128816,0.19012163095240028,414.73,531.9865782819293,286.21,BG-1223_P,True,0,ALLWARA
2023-05-01,521.6709001307912,0.4666816030180593,395.98,521.3943401587255,269.16,BG-1223_P,True,1,ALLWARA
2023-06-01,511.3193659103111,0.773046344184439,996.41,511.01300116914473,871.43,BG-1223_P,True,2,ALLWARA
2023-07-01,501.1489100381047,1.0835942236196017,1033.15,500.83836215866955,909.24,BG-1223_P,True,3,ALLWARA
2023-08-01,0.0,1.0835942236196017,0.0,0.0,0.0,BG-1223_P,True,4,ALLWARA
2023-09-01,481.416680071835,1.4074704621469802,1001.39,481.09280383330764,887.76,BG-1223_P,True,5,ALLWARA
2023-10-01,471.85326077046204,1.7468336078364972,1012.81,471.51389762477254,898.13,BG-1223_P,True,6,ALLWARA
2023-11-01,462.4744242887493,2.095543519163294,1025.12,462.12571437742247,907.49,BG-1223_P,True,7,ALLWARA
2023-12-01,453.2651469524707,2.436233812685668,804.0,452.9244566589483,668.07,BG-1223_P,True,8,ALLWARA
2024-01-01,444.23968454538544,2.769515711402342,745.54,443.90640264666877,623.42,BG-1223_P,True,9,ALLWARA
2024-02-01,0.0,2.769515711402342,0.0,0.0,0.0,BG-1223_P,True,10,ALLWARA
2024-03-01,0.0,2.769515711402342,0.0,0.0,0.0,BG-1223_P,True,11,ALLWARA
2024-04-01,0.0,2.769515711402342,0.0,0.0,0.0,BG-1223_P,True,12,ALLWARA
2024-05-01,0.0,2.769515711402342,0.0,0.0,0.0,BG-1223_P,True,13,ALLWARA
2024-06-01,0.0,2.769515711402342,0.0,0.0,0.0,BG-1223_P,True,14,ALLWARA
2024-07-01,0.0,2.769515711402342,0.0,0.0,0.0,BG-1223_P,True,15,ALLWARA
2024-08-01,0.0,2.769515711402342,0.0,0.0,0.0,BG-1223_P,True,16,ALLWARA
2024-09-01,0.0,2.769515711402342,0.0,0.0,0.0,BG-1223_P,True,17,ALLWARA
2024-10-01,0.0,2.769515711402342,0.0,0.0,0.0,BG-1223_P,True,18,ALLWARA
2024-11-01,0.0,2.769515711402342,0.0,0.0,0.0,BG-1223_P,True,19,ALLWARA
2024-12-01,0.0,2.769515711402342,0.0,0.0,0.0,BG-1223_P,True,20,ALLWARA
2025-01-01,0.0,2.769515711402342,0.0,0.0,0.0,BG-1223_P,True,21,ALLWARA
2025-02-01,0.0,2.769515711402342,0.0,0.0,0.0,BG-1223_P,True,22,ALLWARA
2025-03-01,0.0,2.769515711402342,0.0,0.0,0.0,BG-1223_P,True,23,ALLWARA
2025-04-01,0.0,2.769515711402342,0.0,0.0,0.0,BG-1223_P,True,24,ALLWARA
2025-05-01,0.0,2.769515711402342,0.0,0.0,0.0,BG-1223_P,True,25,ALLWARA
2025-06-01,0.0,2.769515711402342,0.0,0.0,0.0,BG-1223_P,True,26,ALLWARA
2025-07-01,0.0,2.769515711402342,0.0,0.0,0.0,BG-1223_P,True,27,ALLWARA
2025-08-01,0.0,2.769515711402342,0.0,0.0,0.0,BG-1223_P,True,28,ALLWARA
2025-09-01,0.0,2.769515711402342,0.0,0.0,0.0,BG-1223_P,True,29,ALLWARA
2025-10-01,0.0,2.769515711402342,0.0,0.0,0.0,BG-1223_P,True,30,ALLWARA
2025-11-01,0.0,2.769515711402342,0.0,0.0,0.0,BG-1223_P,True,31,ALLWARA
2025-12-01,0.0,2.769515711402342,0.0,0.0,0.0,BG-1223_P,True,32,ALLWARA
2026-01-01,0.0,2.769515711402342,0.0,0.0,0.0,BG-1223_P,True,33,ALLWARA
2026-02-01,0.0,2.769515711402342,0.0,0.0,0.0,BG-1223_P,True,34,ALLWARA
2026-03-01,0.0,2.769515711402342,0.0,0.0,0.0,BG-1223_P,True,35,ALLWARA
2023-04-01,846.7014327818692,11.99023333506025,1078.84,834.711199446809,504.88,BG-1214_P,True,0,ALLWARA
2023-05-01,798.4497763516193,26.76404887152362,1041.32,783.6759608151559,474.86,BG-1214_P,True,1,ALLWARA
2023-06-01,749.0088078159216,40.01177912364314,1038.5,735.7610775638021,473.05,BG-1214_P,True,2,ALLWARA
2023-07-01,697.4944821293474,46.73049381110398,1005.98,690.7757674418865,452.91,BG-1214_P,True,3,ALLWARA
2023-08-01,0.0,46.73049381110398,0.0,0.0,0.0,BG-1214_P,True,4,ALLWARA
2023-09-01,624.0183786445004,61.86052479136282,949.26,608.8883476642416,442.16,BG-1214_P,True,5,ALLWARA
2023-10-01,0.0,61.86052479136282,0.0,0.0,0.0,BG-1214_P,True,6,ALLWARA
2023-11-01,0.0,61.86052479136282,0.0,0.0,0.0,BG-1214_P,True,7,ALLWARA
2023-12-01,0.0,61.86052479136282,0.0,0.0,0.0,BG-1214_P,True,8,ALLWARA
2024-01-01,0.0,61.86052479136282,0.0,0.0,0.0,BG-1214_P,True,9,ALLWARA
2024-02-01,0.0,61.86052479136282,0.0,0.0,0.0,BG-1214_P,True,10,ALLWARA
2024-03-01,0.0,61.86052479136282,0.0,0.0,0.0,BG-1214_P,True,11,ALLWARA
2024-04-01,0.0,61.86052479136282,0.0,0.0,0.0,BG-1214_P,True,12,ALLWARA
2024-05-01,0.0,61.86052479136282,0.0,0.0,0.0,BG-1214_P,True,13,ALLWARA
2024-06-01,0.0,61.86052479136282,0.0,0.0,0.0,BG-1214_P,True,14,ALLWARA
2024-07-01,0.0,61.86052479136282,0.0,0.0,0.0,BG-1214_P,True,15,ALLWARA
2024-08-01,0.0,61.86052479136282,0.0,0.0,0.0,BG-1214_P,True,16,ALLWARA
2024-09-01,0.0,61.86052479136282,0.0,0.0,0.0,BG-1214_P,True,17,ALLWARA
2024-10-01,0.0,61.86052479136282,0.0,0.0,0.0,BG-1214_P,True,18,ALLWARA
2024-11-01,0.0,61.86052479136282,0.0,0.0,0.0,BG-1214_P,True,19,ALLWARA
2024-12-01,0.0,61.86052479136282,0.0,0.0,0.0,BG-1214_P,True,20,ALLWARA
2025-01-01,0.0,61.86052479136282,0.0,0.0,0.0,BG-1214_P,True,21,ALLWARA
2025-02-01,0.0,61.86052479136282,0.0,0.0,0.0,BG-1214_P,True,22,ALLWARA
2025-03-01,0.0,61.86052479136282,0.0,0.0,0.0,BG-1214_P,True,23,ALLWARA
2025-04-01,0.0,61.86052479136282,0.0,0.0,0.0,BG-1214_P,True,24,ALLWARA
2025-05-01,0.0,61.86052479136282,0.0,0.0,0.0,BG-1214_P,True,25,ALLWARA
2025-06-01,0.0,61.86052479136282,0.0,0.0,0.0,BG-1214_P,True,26,ALLWARA
2025-07-01,0.0,61.86052479136282,0.0,0.0,0.0,BG-1214_P,True,27,ALLWARA
2025-08-01,0.0,61.86052479136282,0.0,0.0,0.0,BG-1214_P,True,28,ALLWARA
2025-09-01,0.0,61.86052479136282,0.0,0.0,0.0,BG-1214_P,True,29,ALLWARA
2025-10-01,0.0,61.86052479136282,0.0,0.0,0.0,BG-1214_P,True,30,ALLWARA
2025-11-01,0.0,61.86052479136282,0.0,0.0,0.0,BG-1214_P,True,31,ALLWARA
2025-12-01,0.0,61.86052479136282,0.0,0.0,0.0,BG-1214_P,True,32,ALLWARA
2026-01-01,0.0,61.86052479136282,0.0,0.0,0.0,BG-1214_P,True,33,ALLWARA
2026-02-01,0.0,61.86052479136282,0.0,0.0,0.0,BG-1214_P,True,34,ALLWARA
2026-03-01,0.0,61.86052479136282,0.0,0.0,0.0,BG-1214_P,True,35,ALLWARA
2023-04-01,1753.1013994478856,160.28111921861608,2044.32,1592.8202802292694,1844.38,BG-0909_P,True,0,ALLWARA
2023-05-01,1813.5629272554756,470.37709881298827,2076.94,1503.4669476611034,1681.04,BG-0909_P,True,1,ALLWARA
2023-06-01,1866.1964900448238,917.4474697553899,2066.21,1419.126119102422,1824.5,BG-0909_P,True,2,ALLWARA
2023-07-01,1903.5007643562367,1481.4316288070058,1919.11,1339.516605304621,1712.23,BG-0909_P,True,3,ALLWARA
2023-08-01,1938.5325387832454,2155.591176540175,1952.36,1264.3729910500758,1752.31,BG-0909_P,True,4,ALLWARA
2023-09-01,1912.8770729268058,2875.023499199501,1967.64,1193.4447502674795,1772.16,BG-0909_P,True,5,ALLWARA
2023-10-01,1925.214810619825,3673.742899032276,1983.66,1126.4954107870503,1759.34,BG-0909_P,True,6,ALLWARA
2023-11-01,1932.399420180069,4542.840553261409,1947.34,1063.3017659509362,1723.46,BG-0909_P,True,7,ALLWARA
2023-12-01,1917.3738642433736,5456.561287054429,1825.27,1003.6531304503532,1650.69,BG-0909_P,True,8,ALLWARA
2024-01-01,1902.3726321396196,6411.583281285605,1741.57,947.3506379084433,1596.3,BG-0909_P,True,9,ALLWARA
2024-02-01,1906.728484115748,7424.105187534331,1711.31,894.2065778670222,1563.87,BG-0909_P,True,10,ALLWARA
2024-03-01,1911.0079274829886,8491.069345050566,1766.59,844.0437699667531,1629.63,BG-0909_P,True,11,ALLWARA
2024-04-01,1908.12572592473,9602.50009774101,1291.98,796.6949732342856,1090.93,BG-0909_P,True,12,ALLWARA
2024-05-01,1906.2200591097285,10756.717828343793,1449.57,752.0023285069454,1084.55,BG-0909_P,True,13,ALLWARA
2024-06-01,1925.4280153429336,11972.329011550686,1864.62,709.81683213604,1679.53,BG-0909_P,True,14,ALLWARA
2024-07-01,1907.1179394431833,13209.449111779746,1812.81,669.9978392141239,1639.62,BG-0909_P,True,15,ALLWARA
2024-08-01,1846.0253523387082,14423.061869448451,1813.54,632.4125946700032,1650.07,BG-0909_P,True,16,ALLWARA
2024-09-01,1792.7852239047274,15618.911302685014,1791.17,596.9357906681657,1621.57,BG-0909_P,True,17,ALLWARA
2024-10-01,1753.030884913444,16808.493038761433,1661.47,563.4491488370257,1462.94,BG-0909_P,True,18,ALLWARA
2024-11-01,1728.3717065403548,18005.023719368644,1584.04,531.8410259331423,1419.52,BG-0909_P,True,19,ALLWARA
2024-12-01,1704.361706404059,19207.37938414599,1501.21,502.0060416267154,1356.12,BG-0909_P,True,20,ALLWARA
2025-01-01,1680.9686918018351,20414.503348780418,1478.82,473.8447271674068,1331.42,BG-0909_P,True,21,ALLWARA
2025-02-01,1660.8715982487856,21628.111753270052,1473.28,447.26319375915125,1335.39,BG-0909_P,True,22,ALLWARA
2025-03-01,1643.1346738974553,22849.073607629176,1601.15,422.1728195383327,1461.2,BG-0909_P,True,23,ALLWARA
2025-04-01,1627.1230596154196,24077.706713132877,1759.59,398.4899541117203,1618.07,BG-0909_P,True,24,ALLWARA
2025-05-01,1610.9278879950082,25312.49896145878,1726.14,376.13563966910624,1576.51,BG-0909_P,True,25,ALLWARA
2025-06-01,1595.578217266108,26553.041830984042,1648.87,355.03534774084426,1482.11,BG-0909_P,True,26,ALLWARA
2025-07-01,1578.528569531625,27796.45166979302,1650.23,335.1187307226483,1456.84,BG-0909_P,True,27,ALLWARA
2025-08-01,1573.2917123503037,29053.42399480408,1694.45,316.31938733924267,1496.87,BG-0909_P,True,28,ALLWARA
2025-09-01,1571.715036372947,30326.5643899121,1744.42,298.57464126493124,1551.22,BG-0909_P,True,29,ALLWARA
2025-10-01,1571.0155807774058,31615.754638526494,1744.48,281.8253321630116,1552.04,BG-0909_P,True,30,ALLWARA
2025-11-01,1569.9639809122496,32919.70300099137,1787.2,266.0156184473684,1618.78,BG-0909_P,True,31,ALLWARA
2025-12-01,1568.8152398712677,34237.42544975398,1818.16,251.0927911086603,1683.04,BG-0909_P,True,32,ALLWARA
2026-01-01,1566.1560100948432,35566.57436186442,1773.12,237.00709798440414,1637.08,BG-0909_P,True,33,ALLWARA
2026-02-01,1562.9710922970785,36905.83387627442,1724.11,223.71157788707833,1614.7,BG-0909_P,True,34,ALLWARA
2026-03-01,1494.7630982737667,38189.43507051095,1546.16,211.16190403723505,1528.92,BG-0909_P,True,35,ALLWARA
2023-04-01,1525.2335058502965,153.07986587851175,1576.98,1372.1536399717847,750.31,BG-0775_P,True,0,ALLWARA
2023-05-01,1544.761955400387,445.96555771169074,1569.48,1251.8762635672078,750.45,BG-0775_P,True,1,ALLWARA
2023-06-01,1562.9961369995083,866.8197846294543,1578.46,1142.1419100817448,751.31,BG-0775_P,True,2,ALLWARA
2023-07-01,1568.35933564148,1393.1526990269913,1515.49,1042.026421243943,709.4,BG-0775_P,True,3,ALLWARA
2023-08-01,1585.2647484566096,2027.730800766692,1575.04,950.6866467169089,715.63,BG-0775_P,True,4,ALLWARA
2023-09-01,1510.1271044985342,2670.5045619911634,1594.38,867.3533432740628,756.9,BG-0775_P,True,5,ALLWARA
2023-10-01,1537.1096025649576,3416.2894681520165,1555.97,791.3246964041047,882.15,BG-0775_P,True,6,ALLWARA
2023-11-01,1562.6062186901477,4256.935277056569,1555.6,721.9604097855951,890.19,BG-0775_P,True,7,ALLWARA
2023-12-01,1584.180832316933,5182.43979651948,1517.11,658.6763128540224,856.94,BG-0775_P,True,8,ALLWARA
2024-01-01,1591.2739570435754,6172.774312515569,1523.72,600.9394410474868,831.96,BG-0775_P,True,9,ALLWARA
2024-02-01,1602.7533830737223,7227.264148291364,1517.38,548.2635472979277,815.2,BG-0775_P,True,10,ALLWARA
2024-03-01,1613.6488056565356,8340.707946981227,1501.52,500.20500696667347,849.34,BG-0775_P,True,11,ALLWARA
2024-04-01,1623.9937294739939,9508.342594718628,1529.07,456.35908173659374,700.62,BG-0775_P,True,12,ALLWARA
2024-05-01,1571.7436142060735,10663.729697928517,1674.1,416.35651099618593,598.59,BG-0775_P,True,13,ALLWARA
2024-06-01,1442.402954954317,11726.27225087384,1578.41,379.8604020089923,780.66,BG-0775_P,True,14,ALLWARA
2024-07-01,1323.721297656024,12703.430155851816,1559.37,346.5633926780482,758.21,BG-0775_P,True,15,ALLWARA
2024-08-01,1326.4856741540796,13713.7307669951,1564.84,316.1850630107947,759.16,BG-0775_P,True,16,ALLWARA
2024-09-01,1357.0156005723063,14782.276794083016,1546.57,288.46957348439133,755.06,BG-0775_P,True,17,ALLWARA
2024-10-01,1394.8320549756827,15913.925338636433,1471.52,263.1835104222671,720.26,BG-0775_P,True,18,ALLWARA
2024-11-01,1430.1663454124905,17103.97776381277,1555.55,240.11392023615073,761.31,BG-0775_P,True,19,ALLWARA
2024-12-01,1462.0668316554302,18346.978079489796,1529.19,219.06651597840607,779.13,BG-0775_P,True,20,ALLWARA
2025-01-01,1492.207917389419,19639.32195577856,1512.49,199.86404110065416,802.35,BG-0775_P,True,21,ALLWARA
2025-02-01,1522.695321183336,20979.67250032327,1464.35,182.34477663862384,792.55,BG-0775_P,True,22,ALLWARA
2025-03-01,1551.5208456631735,22364.832166735374,1477.99,166.3611792510724,815.56,BG-0775_P,True,23,ALLWARA
2025-04-01,1578.3309888764702,23791.3845169692,1457.11,151.7786386426446,818.73,BG-0775_P,True,24,ALLWARA
2025-05-01,1604.3991883700999,25257.309361433337,1472.59,138.47434390596268,797.7,BG-0775_P,True,25,ALLWARA
2025-06-01,1628.58283334632,26759.555945544125,1458.5,126.33624923553144,933.88,BG-0775_P,True,26,ALLWARA
2025-07-01,1647.1760059922353,28291.469821233426,1578.96,115.26213030293371,830.3,BG-0775_P,True,27,ALLWARA
2025-08-01,1600.3365684729117,29786.647666360022,1621.47,105.15872334631594,834.6,BG-0775_P,True,28,ALLWARA
2025-09-01,1555.2922217336281,31245.99894836988,1634.42,95.94093972376933,864.96,BG-0775_P,True,29,ALLWARA
2025-10-01,1513.7287665397248,32672.196565593855,1632.16,87.53114931574923,862.36,BG-0775_P,True,30,ALLWARA
2025-11-01,1477.8622515307488,34070.200290383094,1445.87,79.85852674150738,453.94,BG-0775_P,True,31,ALLWARA
2025-12-01,1446.0230429854591,35443.36487848504,1244.31,72.85845488351869,454.39,BG-0775_P,True,32,ALLWARA
2026-01-01,1413.3871329539757,36790.2800307425,1166.65,66.47198069651651,748.74,BG-0775_P,True,33,ALLWARA
2026-02-01,1387.1882375532484,38116.82294957766,1155.49,60.64531871808307,779.6,BG-0775_P,True,34,ALLWARA
2026-03-01,1298.0463448573614,39359.539896335555,1192.42,55.329398099470396,826.41,BG-0775_P,True,35,ALLWARA
2023-04-01,3002.5623185925524,99.71483501797405,3188.32,2902.8474835745783,24.14,BG-1914_P,True,0,ALLWARA
2023-05-01,3043.0127052121857,298.9414279713046,3138.28,2843.786112258855,41.35,BG-1914_P,True,1,ALLWARA
2023-06-01,3116.9503710222243,629.965394648709,3169.03,2785.9264043448197,41.4,BG-1914_P,True,2,ALLWARA
2023-07-01,3173.6236641145256,1074.3451479894075,3066.17,2729.2439107738273,39.25,BG-1914_P,True,3,ALLWARA
2023-08-01,3227.070699901297,1627.7011679626178,2015.77,2673.7146799280863,30.05,BG-1914_P,True,4,ALLWARA
2023-09-01,3267.6879928571043,2276.0739133099996,3268.67,2619.3152475097227,47.41,BG-1914_P,True,5,ALLWARA
2023-10-01,3297.0659426236784,3007.117229307919,3153.49,2566.0226266257596,47.92,BG-1914_P,True,6,ALLWARA
2023-11-01,3326.3152915255246,3819.6182227586114,3211.64,2513.8142980748325,351.04,BG-1914_P,True,7,ALLWARA
2023-12-01,3343.416920238369,4700.366942165448,3195.24,2462.6682008315333,960.46,BG-1914_P,True,8,ALLWARA
2024-01-01,3353.4939328443556,5641.2981522854525,3460.39,2412.562722724351,175.54,BG-1914_P,True,9,ALLWARA
2024-02-01,0.0,5641.2981522854525,0.0,0.0,0.0,BG-1914_P,True,10,ALLWARA
2024-03-01,3367.395443187216,6693.304230579389,3255.53,2315.38936489328,277.11,BG-1914_P,True,11,ALLWARA
2024-04-01,3368.7306734789936,7793.754480228738,3213.16,2268.280423829644,51.68,BG-1914_P,True,12,ALLWARA
2024-05-01,3365.9014143661457,8937.525932723034,3617.84,2222.129961871849,100.35,BG-1914_P,True,13,ALLWARA
2024-06-01,3390.6426257229964,10151.250080654047,3458.42,2176.9184777919845,110.09,BG-1914_P,True,14,ALLWARA
2024-07-01,3389.8827708893878,11408.505984409068,3460.18,2132.6268671343664,136.05,BG-1914_P,True,15,ALLWARA
2024-08-01,3390.9129284418086,12710.18249870807,3557.49,2089.2364141428066,168.69,BG-1914_P,True,16,ALLWARA
2024-09-01,3387.666487954868,14051.120202810813,3373.76,2046.7287838521265,266.05,BG-1914_P,True,17,ALLWARA
2024-10-01,3372.4764276049423,15418.510616075175,3272.33,2005.0860143405796,207.09,BG-1914_P,True,18,ALLWARA
2024-11-01,3327.80862947976,16782.028736415028,3514.28,1964.290509139905,55.36,BG-1914_P,True,19,ALLWARA
2024-12-01,3285.71342088205,18143.417127497272,3456.89,1924.3250297998043,97.28,BG-1914_P,True,20,ALLWARA
2025-01-01,3245.587874106426,19503.83231299999,3275.71,1885.1726886037059,455.79,BG-1914_P,True,21,ALLWARA
2025-02-01,3208.148592088708,20865.163963655967,3094.74,1846.8169414327322,457.11,BG-1914_P,True,22,ALLWARA
2025-03-01,3171.6977280278807,22227.620110908993,3073.12,1809.2415807748548,475.59,BG-1914_P,True,23,ALLWARA
2025-04-01,3136.005879292564,23591.19526132527,3013.75,1772.4307288762882,565.39,BG-1914_P,True,24,ALLWARA
2025-05-01,3101.221320968536,24956.04775126158,3139.3,1736.3688310322257,550.86,BG-1914_P,True,25,ALLWARA
2025-06-01,3069.7676840607955,26324.7747863083,3131.37,1701.0406490140786,532.24,BG-1914_P,True,26,ALLWARA
2025-07-01,3041.259630773131,27699.60316245098,3104.65,1666.431254630449,551.58,BG-1914_P,True,27,ALLWARA
2025-08-01,3038.51143599653,29105.588575028403,3173.84,1632.526023419108,566.51,BG-1914_P,True,28,ALLWARA
2025-09-01,3035.489420739291,30541.767367300374,3137.38,1599.3106284673186,587.23,BG-1914_P,True,29,ALLWARA
2025-10-01,3033.243579883583,32008.239912826066,3094.93,1566.7710343578908,658.39,BG-1914_P,True,30,ALLWARA
2025-11-01,3028.548462111913,33501.89488369957,3213.78,1534.8934912384077,734.31,BG-1914_P,True,31,ALLWARA
2025-12-01,3022.3593134496996,35020.58966813815,3150.91,1503.664529011123,750.82,BG-1914_P,True,32,ALLWARA
2026-01-01,3013.6464094943885,36561.16512599147,3147.28,1473.0709516410682,730.45,BG-1914_P,True,33,ALLWARA
2026-02-01,3004.0964762464746,38122.16177065798,3301.8,1443.0998315799668,925.79,BG-1914_P,True,34,ALLWARA
2026-03-01,2861.861868101601,39570.285134455975,3558.18,1413.7385043036031,1073.57,BG-1914_P,True,35,ALLWARA
2023-04-01,1930.1316449602127,140.3069211996771,1540.58,1789.8247237605356,695.43,BG-1909_P,True,0,ALLWARA
2023-05-01,1817.3324319273968,237.12178091825749,1538.18,1720.5175722088163,714.31,BG-1909_P,True,1,ALLWARA
2023-06-01,1721.4940822149665,304.72167060034224,1547.17,1653.8941925328818,715.13,BG-1909_P,True,2,ALLWARA
2023-07-01,1637.7844900363505,352.6554992555912,1486.09,1589.8506613811014,675.24,BG-1909_P,True,3,ALLWARA
2023-08-01,1569.7843924258514,394.15281206907935,1503.21,1528.2870796123632,662.46,BG-1909_P,True,4,ALLWARA
2023-09-01,1507.0749784787167,432.1203740807049,1469.46,1469.107416467091,789.61,BG-1909_P,True,5,ALLWARA
2023-10-01,1442.6643784288694,462.56539273716896,1449.5,1412.2193597724054,821.23,BG-1909_P,True,6,ALLWARA
2023-11-01,1384.2407531183514,489.2719739077488,1435.3,1357.5341719477717,782.45,BG-1909_P,True,7,ALLWARA
2023-12-01,1329.31184285113,513.6172651723567,1423.21,1304.9665515865222,645.46,BG-1909_P,True,8,ALLWARA
2024-01-01,1277.4895998226748,536.6723645976916,1441.64,1254.43450039734,626.66,BG-1909_P,True,9,ALLWARA
2024-02-01,1229.7332005936025,560.5463698931455,1414.9,1205.8591952981487,689.37,BG-1909_P,True,10,ALLWARA
2024-03-01,1186.0896923110338,587.4711967412825,1423.96,1159.1648654628968,560.11,BG-1909_P,True,11,ALLWARA
2024-04-01,1142.916237904253,616.1087605160941,1362.34,1114.2786741294412,504.94,BG-1909_P,True,12,ALLWARA
2024-05-01,1100.658754310816,645.6369098427416,1118.04,1071.1306049841685,438.13,BG-1909_P,True,13,ALLWARA
2024-06-01,1085.6530918732585,701.6366487698668,1051.91,1029.6533529461333,484.79,BG-1909_P,True,14,ALLWARA
2024-07-01,1065.1733131763256,777.0277427658486,1037.12,989.7822191803439,480.64,BG-1909_P,True,15,ALLWARA
2024-08-01,1017.4863479662392,843.0590805556503,1128.57,951.4550101764374,502.31,BG-1909_P,True,16,ALLWARA
2024-09-01,979.0914534859197,907.5385933062515,1164.46,914.6119407353185,530.33,BG-1909_P,True,17,ALLWARA
2024-10-01,1143.3645451296718,1171.7075977234908,1132.01,879.1955407124325,520.66,BG-1909_P,True,18,ALLWARA
2024-11-01,1249.1041473213652,1575.6611796726484,1199.11,845.1505653722076,550.81,BG-1909_P,True,19,ALLWARA
2024-12-01,1301.3924535840545,2064.629724042872,1174.56,812.4239092138307,545.77,BG-1909_P,True,20,ALLWARA
2025-01-01,1315.6241880718485,2599.289388980784,1165.15,780.9645231339364,536.74,BG-1909_P,True,21,ALLWARA
2025-02-01,1309.1997257811545,3157.7657799649455,1126.04,750.7233347969931,538.27,BG-1909_P,True,22,ALLWARA
2025-03-01,1295.526750751107,3731.6393586268737,1133.61,721.653172089179,553.97,BG-1909_P,True,23,ALLWARA
2025-04-01,1272.271638257157,4310.202307347689,1114.71,693.7086895363414,556.12,BG-1909_P,True,24,ALLWARA
2025-05-01,1250.6074952007143,4893.963504977139,1160.16,666.8462975712652,603.75,BG-1909_P,True,25,ALLWARA
2025-06-01,1244.4084038134524,5497.347814250676,1140.12,641.024094539915,593.21,BG-1909_P,True,26,ALLWARA
2025-07-01,1257.8553103429274,6139.001323253011,1606.0,616.201801340592,857.05,BG-1909_P,True,27,ALLWARA
2025-08-01,1312.3937435916137,6859.054368250577,1787.78,592.340698594048,940.78,BG-1909_P,True,28,ALLWARA
2025-09-01,1329.623614415536,7619.2744164195565,1803.56,569.403566246556,972.73,BG-1909_P,True,29,ALLWARA
2025-10-01,1337.3960785391687,8409.315869447004,1730.98,547.3546255117204,957.44,BG-1909_P,True,30,ALLWARA
2025-11-01,1331.1302208922116,9214.286607278746,1564.96,526.1594830604695,927.28,BG-1909_P,True,31,ALLWARA
2025-12-01,1320.3624827999683,10028.864012706545,1565.43,505.7850773721698,948.15,BG-1909_P,True,32,ALLWARA
2026-01-01,1304.5281691705623,10847.192554713927,1544.02,486.1996271631799,922.43,BG-1909_P,True,33,ALLWARA
2026-02-01,1289.4016241855516,11669.22159708708,1340.48,467.3725818123993,804.32,BG-1909_P,True,34,ALLWARA
2026-03-01,996.0999088822582,12216.046932262856,1279.45,449.27457370648153,760.2,BG-1909_P,True,35,ALLWARA
2023-04-01,1353.2020335682676,142.43968832700207,1294.09,1210.7623452412654,1153.81,BG-0253_P,True,0,ALLWARA
2023-05-01,1366.6773335434636,420.08212798759746,1306.83,1089.0348938828683,1168.74,BG-0253_P,True,1,ALLWARA
2023-06-01,1387.4083991381146,827.944867520532,1309.39,979.54565960518,1169.95,BG-0253_P,True,2,ALLWARA
2023-07-01,1273.5820383052978,1220.4626675347213,1222.46,881.0642382911085,1105.72,BG-0253_P,True,3,ALLWARA
2023-08-01,1307.6074203967155,1735.586159914871,1197.49,792.4839280165659,1117.29,BG-0253_P,True,4,ALLWARA
2023-09-01,1348.303466009987,2371.0803336277613,1202.17,712.8092922970967,1119.54,BG-0253_P,True,5,ALLWARA
2023-10-01,1237.5399086135192,2967.4752685422472,1214.77,641.1449736990335,1104.79,BG-0253_P,True,6,ALLWARA
2023-11-01,1135.644097554667,3526.4337339907,1210.61,576.685632106214,1088.44,BG-0253_P,True,7,ALLWARA
2023-12-01,1042.579922149907,4050.306761568808,1162.88,518.7068945717995,1108.81,BG-0253_P,True,8,ALLWARA
2024-01-01,957.5482970889906,4541.297843605204,1163.68,466.5572150525936,1072.94,BG-0253_P,True,9,ALLWARA
2024-02-01,0.0,4541.297843605204,0.0,0.0,0.0,BG-0253_P,True,10,ALLWARA
2024-03-01,1000.700732396074,5164.538790636727,1334.21,377.45978536455124,1174.18,BG-0253_P,True,11,ALLWARA
2024-04-01,1071.457669050565,5896.485672194456,1264.44,339.5107874928354,1123.16,BG-0253_P,True,12,ALLWARA
2024-05-01,1140.0971284629495,6731.205700120247,1266.59,305.37710053715966,1110.4,BG-0253_P,True,13,ALLWARA
2024-06-01,1229.714529286185,7686.245088091664,1153.54,274.6751413147673,1032.39,BG-0253_P,True,14,ALLWARA
2024-07-01,1290.2701605025632,8729.455357320203,1270.84,247.0598912740241,1145.63,BG-0253_P,True,15,ALLWARA
2024-08-01,1352.4834535882942,9859.717791619443,1269.26,222.22101928905423,1154.86,BG-0253_P,True,16,ALLWARA
2024-09-01,1410.8350719375417,11070.67346929669,1269.44,199.8793942602948,1156.67,BG-0253_P,True,17,ALLWARA
2024-10-01,1417.468062129486,12308.35758309546,1192.91,179.783948330716,1093.59,BG-0253_P,True,18,ALLWARA
2024-11-01,1371.7339333650996,13518.382660992998,1209.05,161.70885546756043,1113.44,BG-0253_P,True,19,ALLWARA
2024-12-01,1335.4984156658015,14708.430082955372,1195.58,145.4509937034278,1101.26,BG-0253_P,True,20,ALLWARA
2025-01-01,1302.2377551440745,15879.840175581245,1177.0,130.8276625182013,1081.18,BG-0253_P,True,21,ALLWARA
2025-02-01,1272.734948208656,17034.900594079398,1194.86,117.67452971050429,1096.23,BG-0253_P,True,22,ALLWARA
2025-03-01,1245.5811820328045,18174.6379914259,1325.51,105.84378468629946,1186.33,BG-0253_P,True,23,ALLWARA
2025-04-01,1221.0861149025538,19300.52162891656,1328.94,95.20247741189554,1160.77,BG-0253_P,True,24,ALLWARA
2025-05-01,1198.4765812968967,20413.367185848398,1310.71,85.63102436505822,1123.09,BG-0253_P,True,25,ALLWARA
2025-06-01,1177.776141128857,21514.12146228266,1133.75,77.02186469459438,986.75,BG-0253_P,True,26,ALLWARA
2025-07-01,1157.7799729330739,22602.62318372896,1094.34,69.27825148677198,964.95,BG-0253_P,True,27,ALLWARA
2025-08-01,1117.320880543763,23657.6308997175,1122.01,62.313164555223565,999.82,BG-0253_P,True,28,ALLWARA
2025-09-01,1080.5336671933621,24682.11623437424,1153.66,56.04833253662268,1050.26,BG-0253_P,True,29,ALLWARA
2025-10-01,1047.042796174156,25678.74567724563,1153.46,50.41335330276531,1050.49,BG-0253_P,True,30,ALLWARA
2025-11-01,0.0,25678.74567724563,0.0,0.0,0.0,BG-0253_P,True,31,ALLWARA
2025-12-01,0.0,25678.74567724563,0.0,0.0,0.0,BG-0253_P,True,32,ALLWARA
2026-01-01,0.0,25678.74567724563,0.0,0.0,0.0,BG-0253_P,True,33,ALLWARA
2026-02-01,0.0,25678.74567724563,0.0,0.0,0.0,BG-0253_P,True,34,ALLWARA
2026-03-01,0.0,25678.74567724563,0.0,0.0,0.0,BG-0253_P,True,35,ALLWARA
2023-04-01,2521.0491967433245,13.742580833534866,2479.47,2507.30661590979,1635.65,BG-1222_P,True,0,ALLWARA
2023-05-01,2434.655084069342,36.259367986480086,2373.48,2412.138296916397,1515.28,BG-1222_P,True,1,ALLWARA
2023-06-01,2349.9160942996077,65.59323810546252,2194.64,2320.5822241806254,1463.93,BG-1222_P,True,2,ALLWARA
2023-07-01,2266.1438374983763,99.23578574527464,2077.52,2232.501289858564,1372.49,BG-1222_P,True,3,ALLWARA
2023-08-01,2189.54476586091,141.01696138046972,2011.4,2147.763590225715,1353.47,BG-1222_P,True,4,ALLWARA
2023-09-01,2114.8431156620545,189.61784889514763,1986.43,2066.2422281473764,1339.97,BG-1222_P,True,5,ALLWARA
2023-10-01,2037.3818053298185,239.18453117841352,2008.84,1987.8151230465526,1355.36,BG-1222_P,True,6,ALLWARA
2023-11-01,1962.831483770438,289.65118686406623,2034.72,1912.3648280847851,1364.9,BG-1222_P,True,7,ALLWARA
2023-12-01,0.0,289.65118686406623,0.0,0.0,0.0,BG-1222_P,True,8,ALLWARA
2024-01-01,0.0,289.65118686406623,0.0,0.0,0.0,BG-1222_P,True,9,ALLWARA
2024-02-01,0.0,289.65118686406623,0.0,0.0,0.0,BG-1222_P,True,10,ALLWARA
2024-03-01,1696.2962742011646,347.8121317335999,2057.19,1638.1353293316308,1864.17,BG-1222_P,True,11,ALLWARA
2024-04-01,1633.2973873248923,405.1519004970339,2007.22,1575.9576185614583,1838.03,BG-1222_P,True,12,ALLWARA
2024-05-01,1573.401225747026,462.41317673497747,1765.69,1516.1399495090825,1624.23,BG-1222_P,True,13,ALLWARA
2024-06-01,1515.4223935600455,519.2428267949474,1600.71,1458.5927435000756,1488.15,BG-1222_P,True,14,ALLWARA
2024-07-01,1458.708664104035,574.7216689554691,1641.75,1403.2298219435133,1527.94,BG-1222_P,True,15,ALLWARA
2024-08-01,1404.8474435259072,629.6008352043117,1477.36,1349.9682772770645,1331.39,BG-1222_P,True,16,ALLWARA
2024-09-01,1353.1858681912263,684.058354584999,1342.31,1298.728348810539,1052.2,BG-1222_P,True,17,ALLWARA
2024-10-01,1437.2044771890205,871.829528492053,1303.87,1249.4333032819666,1040.56,BG-1222_P,True,18,ALLWARA
2024-11-01,1565.067017266653,1234.8872258113668,1300.61,1202.0093199473392,1044.42,BG-1222_P,True,19,ALLWARA
2024-12-01,1707.179978407931,1785.681824187369,1747.31,1156.3853800319287,1341.57,BG-1222_P,True,20,ALLWARA
2025-01-01,1819.5655982323547,2492.754262042088,1885.36,1112.4931603776358,1435.87,BG-1222_P,True,21,ALLWARA
2025-02-01,1911.9926419466929,3334.479972861679,1855.34,1070.2669311271022,1335.01,BG-1222_P,True,22,ALLWARA
2025-03-01,1984.0675874831913,4288.904103053505,1905.94,1029.6434572913645,1384.4,BG-1222_P,True,23,ALLWARA
2025-04-01,2038.827406468728,5337.169605468588,1982.03,990.5619040536453,1507.81,BG-1222_P,True,24,ALLWARA
2025-05-01,2079.0763861706064,6463.2822459717245,2000.63,952.9637456674704,1470.81,BG-1222_P,True,25,ALLWARA
2025-06-01,2107.9691912262474,7654.458759385285,2069.16,916.7926778126873,1497.33,BG-1222_P,True,26,ALLWARA
2025-07-01,2122.5897006086393,8895.053926715795,2208.25,881.9945332781285,1602.12,BG-1222_P,True,27,ALLWARA
2025-08-01,2133.79179903277,10180.328524903904,2279.41,848.5172008446619,1681.64,BG-1222_P,True,28,ALLWARA
2025-09-01,2144.9739289964177,11508.991906653175,2210.51,816.3105472471467,1599.78,BG-1222_P,True,29,ALLWARA
2025-10-01,2155.39462143927,12879.060185994016,2109.45,785.3263420984283,1519.51,BG-1222_P,True,30,ALLWARA
2025-11-01,2158.1755873822594,14281.717587713321,2269.56,755.5181856629546,1673.09,BG-1222_P,True,31,ALLWARA
2025-12-01,2157.9747478283216,15712.850896169804,2237.97,726.8414393718386,1736.1,BG-1222_P,True,32,ALLWARA
2026-01-01,2153.386692060453,17166.984429254935,2189.24,699.2531589753238,1669.78,BG-1222_P,True,33,ALLWARA
2026-02-01,2147.4937236356564,18641.766122658053,2067.97,672.7120302325378,1540.78,BG-1222_P,True,34,ALLWARA
2026-03-01,2120.646747915621,20115.23456353144,2046.6,647.1783070422321,1533.26,BG-1222_P,True,35,ALLWARA
2023-04-01,1301.5786140664284,230.38104526890535,1388.03,1071.197568797523,689.24,BG-1075_P,True,0,ALLWARA
2023-05-01,1361.7246231672257,630.567577988916,1395.2,961.5380904472148,790.86,BG-1075_P,True,1,ALLWARA
2023-06-01,1405.6305158616021,1173.0935403004764,1406.33,863.1045535500418,881.15,BG-1075_P,True,2,ALLWARA
2023-07-01,1479.5223078488493,1877.8680999739643,1388.06,774.7477481753616,861.9,BG-1075_P,True,3,ALLWARA
2023-08-01,1546.8945048399241,2729.3264947459174,1431.94,695.4361100679708,878.41,BG-1075_P,True,4,ALLWARA
2023-09-01,0.0,2729.3264947459174,0.0,0.0,0.0,BG-1075_P,True,5,ALLWARA
2023-10-01,0.0,2729.3264947459174,0.0,0.0,0.0,BG-1075_P,True,6,ALLWARA
2023-11-01,0.0,2729.3264947459174,0.0,0.0,0.0,BG-1075_P,True,7,ALLWARA
2023-12-01,0.0,2729.3264947459174,0.0,0.0,0.0,BG-1075_P,True,8,ALLWARA
2024-01-01,0.0,2729.3264947459174,0.0,0.0,0.0,BG-1075_P,True,9,ALLWARA
2024-02-01,0.0,2729.3264947459174,0.0,0.0,0.0,BG-1075_P,True,10,ALLWARA
2024-03-01,0.0,2729.3264947459174,0.0,0.0,0.0,BG-1075_P,True,11,ALLWARA
2024-04-01,0.0,2729.3264947459174,0.0,0.0,0.0,BG-1075_P,True,12,ALLWARA
2024-05-01,0.0,2729.3264947459174,0.0,0.0,0.0,BG-1075_P,True,13,ALLWARA
2024-06-01,1480.7940746205668,3973.949669121873,1570.01,236.17090024461137,1176.89,BG-1075_P,True,14,ALLWARA
2024-07-01,1424.9600896210147,5186.915890333234,1549.37,211.9938684096539,1376.44,BG-1075_P,True,15,ALLWARA
2024-08-01,1357.6384602872731,6354.262489105214,1532.33,190.291861515293,1493.64,BG-1075_P,True,16,ALLWARA
2024-09-01,1303.6987546098846,7487.1497347285185,1514.61,170.8115089865799,1476.6,BG-1075_P,True,17,ALLWARA
2024-10-01,1258.2329017682866,8592.057258469917,486.9,153.32537802688776,456.89,BG-1075_P,True,18,ALLWARA
2024-11-01,1219.6448081180563,9674.072748244236,963.49,137.62931834373663,813.06,BG-1075_P,True,19,ALLWARA
2024-12-01,1186.3921339634378,10736.924803510201,953.5,123.5400786974736,804.86,BG-1075_P,True,20,ALLWARA
2025-01-01,1158.170431662165,11784.202067726314,941.2,110.89316744605188,790.19,BG-1075_P,True,21,ALLWARA
2025-02-01,1135.9504724167587,12820.611608035268,933.81,99.54093210780493,792.55,BG-1075_P,True,22,ALLWARA
2025-03-01,1117.9923305651678,13849.253103079292,1055.83,89.35083552114196,938.47,BG-1075_P,True,23,ALLWARA
2025-04-01,1103.219593252561,14872.268787856496,1130.71,80.20390847535752,1033.26,BG-1075_P,True,24,ALLWARA
2025-05-01,1089.8132381709258,15890.088665280377,1109.74,71.99336074704577,1006.71,BG-1075_P,True,25,ALLWARA
2025-06-01,1079.1460505921139,16904.6113815465,1089.68,64.62333432599173,995.16,BG-1075_P,True,26,ALLWARA
2025-07-01,1066.967856099831,17913.571453371856,1139.8,58.00778427447243,1056.8,BG-1075_P,True,27,ALLWARA
2025-08-01,1032.268116801618,18893.770096019456,1170.58,52.069474154018586,1085.79,BG-1075_P,True,28,ALLWARA
2025-09-01,1005.1752372659909,19852.206258994185,1207.88,46.73907429126105,1124.98,BG-1075_P,True,29,ALLWARA
2025-10-01,0.0,19852.206258994185,0.0,0.0,0.0,BG-1075_P,True,30,ALLWARA
2025-11-01,0.0,19852.206258994185,0.0,0.0,0.0,BG-1075_P,True,31,ALLWARA
2025-12-01,950.5469655655999,20768.949009899734,992.46,33.80421466005028,823.81,BG-1075_P,True,32,ALLWARA
2026-01-01,939.125840938305,21677.731204661002,1048.72,30.34364617703532,1008.58,BG-1075_P,True,33,ALLWARA
2026-02-01,929.5134329047927,22580.007298299777,1112.96,27.23733926601864,1002.88,BG-1075_P,True,34,ALLWARA
2026-03-01,0.0,22580.007298299777,0.0,0.0,0.0,BG-1075_P,True,35,ALLWARA
2023-04-01,2585.5459853032744,1.740191775282095,2409.21,2583.805793527992,1992.25,BG-1215_P,True,0,ALLWARA
2023-05-01,2290.7132947981736,4.519886000919807,2287.66,2287.933600572536,1855.9,BG-1215_P,True,1,ALLWARA
2023-06-01,2029.322701530742,7.900787362036011,2256.63,2025.9418001696258,1752.74,BG-1215_P,True,2,ALLWARA
2023-07-01,0.0,7.900787362036011,0.0,0.0,0.0,BG-1215_P,True,3,ALLWARA
2023-08-01,0.0,7.900787362036011,0.0,0.0,0.0,BG-1215_P,True,4,ALLWARA
2023-09-01,0.0,7.900787362036011,0.0,0.0,0.0,BG-1215_P,True,5,ALLWARA
2023-10-01,0.0,7.900787362036011,0.0,0.0,0.0,BG-1215_P,True,6,ALLWARA
2023-11-01,0.0,7.900787362036011,0.0,0.0,0.0,BG-1215_P,True,7,ALLWARA
2023-12-01,0.0,7.900787362036011,0.0,0.0,0.0,BG-1215_P,True,8,ALLWARA
2024-01-01,0.0,7.900787362036011,0.0,0.0,0.0,BG-1215_P,True,9,ALLWARA
2024-02-01,0.0,7.900787362036011,0.0,0.0,0.0,BG-1215_P,True,10,ALLWARA
2024-03-01,0.0,7.900787362036011,0.0,0.0,0.0,BG-1215_P,True,11,ALLWARA
2024-04-01,0.0,7.900787362036011,0.0,0.0,0.0,BG-1215_P,True,12,ALLWARA
2024-05-01,0.0,7.900787362036011,0.0,0.0,0.0,BG-1215_P,True,13,ALLWARA
2024-06-01,0.0,7.900787362036011,0.0,0.0,0.0,BG-1215_P,True,14,ALLWARA
2024-07-01,0.0,7.900787362036011,0.0,0.0,0.0,BG-1215_P,True,15,ALLWARA
2024-08-01,0.0,7.900787362036011,0.0,0.0,0.0,BG-1215_P,True,16,ALLWARA
2024-09-01,0.0,7.900787362036011,0.0,0.0,0.0,BG-1215_P,True,17,ALLWARA
2024-10-01,0.0,7.900787362036011,0.0,0.0,0.0,BG-1215_P,True,18,ALLWARA
2024-11-01,0.0,7.900787362036011,0.0,0.0,0.0,BG-1215_P,True,19,ALLWARA
2024-12-01,0.0,7.900787362036011,0.0,0.0,0.0,BG-1215_P,True,20,ALLWARA
2025-01-01,0.0,7.900787362036011,0.0,0.0,0.0,BG-1215_P,True,21,ALLWARA
2025-02-01,0.0,7.900787362036011,0.0,0.0,0.0,BG-1215_P,True,22,ALLWARA
2025-03-01,0.0,7.900787362036011,0.0,0.0,0.0,BG-1215_P,True,23,ALLWARA
2025-04-01,0.0,7.900787362036011,0.0,0.0,0.0,BG-1215_P,True,24,ALLWARA
2025-05-01,0.0,7.900787362036011,0.0,0.0,0.0,BG-1215_P,True,25,ALLWARA
2025-06-01,0.0,7.900787362036011,0.0,0.0,0.0,BG-1215_P,True,26,ALLWARA
2025-07-01,0.0,7.900787362036011,0.0,0.0,0.0,BG-1215_P,True,27,ALLWARA
2025-08-01,0.0,7.900787362036011,0.0,0.0,0.0,BG-1215_P,True,28,ALLWARA
2025-09-01,0.0,7.900787362036011,0.0,0.0,0.0,BG-1215_P,True,29,ALLWARA
2025-10-01,0.0,7.900787362036011,0.0,0.0,0.0,BG-1215_P,True,30,ALLWARA
2025-11-01,0.0,7.900787362036011,0.0,0.0,0.0,BG-1215_P,True,31,ALLWARA
2025-12-01,0.0,7.900787362036011,0.0,0.0,0.0,BG-1215_P,True,32,ALLWARA
2026-01-01,0.0,7.900787362036011,0.0,0.0,0.0,BG-1215_P,True,33,ALLWARA
2026-02-01,0.0,7.900787362036011,0.0,0.0,0.0,BG-1215_P,True,34,ALLWARA
2026-03-01,0.0,7.900787362036011,0.0,0.0,0.0,BG-1215_P,True,35,ALLWARA
2023-04-01,0.0,0.0,0.0,0.0,0.0,BG-1148_P,True,0,ALLWARA
2023-05-01,0.0,0.0,0.0,0.0,0.0,BG-1148_P,True,1,ALLWARA
2023-06-01,0.0,0.0,0.0,0.0,0.0,BG-1148_P,True,2,ALLWARA
2023-07-01,0.0,0.0,0.0,0.0,0.0,BG-1148_P,True,3,ALLWARA
2023-08-01,0.0,0.0,0.0,0.0,0.0,BG-1148_P,True,4,ALLWARA
2023-09-01,0.0,0.0,0.0,0.0,0.0,BG-1148_P,True,5,ALLWARA
2023-10-01,0.0,0.0,0.0,0.0,0.0,BG-1148_P,True,6,ALLWARA
2023-11-01,0.0,0.0,0.0,0.0,0.0,BG-1148_P,True,7,ALLWARA
2023-12-01,0.0,0.0,0.0,0.0,0.0,BG-1148_P,True,8,ALLWARA
2024-01-01,0.0,0.0,0.0,0.0,0.0,BG-1148_P,True,9,ALLWARA
2024-02-01,0.0,0.0,0.0,0.0,0.0,BG-1148_P,True,10,ALLWARA
2024-03-01,0.0,0.0,0.0,0.0,0.0,BG-1148_P,True,11,ALLWARA
2024-04-01,0.0,0.0,0.0,0.0,0.0,BG-1148_P,True,12,ALLWARA
2024-05-01,0.0,0.0,0.0,0.0,0.0,BG-1148_P,True,13,ALLWARA
2024-06-01,0.0,0.0,0.0,0.0,0.0,BG-1148_P,True,14,ALLWARA
2024-07-01,0.0,0.0,0.0,0.0,0.0,BG-1148_P,True,15,ALLWARA
2024-08-01,0.0,0.0,0.0,0.0,0.0,BG-1148_P,True,16,ALLWARA
2024-09-01,0.0,0.0,0.0,0.0,0.0,BG-1148_P,True,17,ALLWARA
2024-10-01,0.0,0.0,0.0,0.0,0.0,BG-1148_P,True,18,ALLWARA
2024-11-01,0.0,0.0,0.0,0.0,0.0,BG-1148_P,True,19,ALLWARA
2024-12-01,0.0,0.0,0.0,0.0,0.0,BG-1148_P,True,20,ALLWARA
2025-01-01,0.0,0.0,0.0,0.0,0.0,BG-1148_P,True,21,ALLWARA
2025-02-01,0.0,0.0,0.0,0.0,0.0,BG-1148_P,True,22,ALLWARA
2025-03-01,0.0,0.0,0.0,0.0,0.0,BG-1148_P,True,23,ALLWARA
2025-04-01,0.0,0.0,0.0,0.0,0.0,BG-1148_P,True,24,ALLWARA
2025-05-01,0.0,0.0,0.0,0.0,0.0,BG-1148_P,True,25,ALLWARA
2025-06-01,0.0,0.0,0.0,0.0,0.0,BG-1148_P,True,26,ALLWARA
2025-07-01,0.0,0.0,0.0,0.0,0.0,BG-1148_P,True,27,ALLWARA
2025-08-01,0.0,0.0,0.0,0.0,0.0,BG-1148_P,True,28,ALLWARA
2025-09-01,0.0,0.0,0.0,0.0,0.0,BG-1148_P,True,29,ALLWARA
2025-10-01,20.72955357482791,20.72955357482791,966.41,0.0,411.89,BG-1148_P,True,30,ALLWARA
2025-11-01,20.86752157889901,41.59707515372692,1012.81,0.0,469.78,BG-1148_P,True,31,ALLWARA
2025-12-01,21.004996659603563,62.60207181333048,1009.12,0.0,471.33,BG-1148_P,True,32,ALLWARA
2026-01-01,21.13902678066896,83.74109859399944,988.47,0.0,597.0,BG-1148_P,True,33,ALLWARA
2026-02-01,21.267205075780108,105.00830366977955,948.25,0.0,550.92,BG-1148_P,True,34,ALLWARA
2026-03-01,20.850215150073108,125.85851881985266,934.79,0.0,548.04,BG-1148_P,True,35,ALLWARA
2023-04-01,2040.2792567918361,1.7416617736134812,1910.79,2038.5375950182226,1377.13,BG-1220_P,True,0,ALLWARA
2023-05-01,1840.5527345442592,4.7421918118247754,1821.88,1837.552204506048,1295.21,BG-1220_P,True,1,ALLWARA
2023-06-01,1660.0738137547137,8.433453418976725,1799.13,1656.3825521475617,1262.26,BG-1220_P,True,2,ALLWARA
2023-07-01,1496.0853176049118,11.443824727939223,1720.49,1493.0749462959493,1185.19,BG-1220_P,True,3,ALLWARA
2023-08-01,1349.5653249720792,15.140834215581664,1502.72,1345.8683154844368,1101.9,BG-1220_P,True,4,ALLWARA
2023-09-01,1217.4601355670616,19.425752343908187,821.77,1213.175217438735,582.06,BG-1220_P,True,5,ALLWARA
2023-10-01,0.0,19.425752343908187,0.0,0.0,0.0,BG-1220_P,True,6,ALLWARA
2023-11-01,0.0,19.425752343908187,0.0,0.0,0.0,BG-1220_P,True,7,ALLWARA
2023-12-01,0.0,19.425752343908187,0.0,0.0,0.0,BG-1220_P,True,8,ALLWARA
2024-01-01,0.0,19.425752343908187,0.0,0.0,0.0,BG-1220_P,True,9,ALLWARA
2024-02-01,0.0,19.425752343908187,0.0,0.0,0.0,BG-1220_P,True,10,ALLWARA
2024-03-01,0.0,19.425752343908187,0.0,0.0,0.0,BG-1220_P,True,11,ALLWARA
2024-04-01,0.0,19.425752343908187,0.0,0.0,0.0,BG-1220_P,True,12,ALLWARA
2024-05-01,0.0,19.425752343908187,0.0,0.0,0.0,BG-1220_P,True,13,ALLWARA
2024-06-01,0.0,19.425752343908187,0.0,0.0,0.0,BG-1220_P,True,14,ALLWARA
2024-07-01,0.0,19.425752343908187,0.0,0.0,0.0,BG-1220_P,True,15,ALLWARA
2024-08-01,0.0,19.425752343908187,0.0,0.0,0.0,BG-1220_P,True,16,ALLWARA
2024-09-01,0.0,19.425752343908187,0.0,0.0,0.0,BG-1220_P,True,17,ALLWARA
2024-10-01,0.0,19.425752343908187,0.0,0.0,0.0,BG-1220_P,True,18,ALLWARA
2024-11-01,0.0,19.425752343908187,0.0,0.0,0.0,BG-1220_P,True,19,ALLWARA
2024-12-01,0.0,19.425752343908187,0.0,0.0,0.0,BG-1220_P,True,20,ALLWARA
2025-01-01,0.0,19.425752343908187,0.0,0.0,0.0,BG-1220_P,True,21,ALLWARA
2025-02-01,0.0,19.425752343908187,0.0,0.0,0.0,BG-1220_P,True,22,ALLWARA
2025-03-01,0.0,19.425752343908187,0.0,0.0,0.0,BG-1220_P,True,23,ALLWARA
2025-04-01,0.0,19.425752343908187,0.0,0.0,0.0,BG-1220_P,True,24,ALLWARA
2025-05-01,0.0,19.425752343908187,0.0,0.0,0.0,BG-1220_P,True,25,ALLWARA
2025-06-01,0.0,19.425752343908187,0.0,0.0,0.0,BG-1220_P,True,26,ALLWARA
2025-07-01,0.0,19.425752343908187,0.0,0.0,0.0,BG-1220_P,True,27,ALLWARA
2025-08-01,0.0,19.425752343908187,0.0,0.0,0.0,BG-1220_P,True,28,ALLWARA
2025-09-01,0.0,19.425752343908187,0.0,0.0,0.0,BG-1220_P,True,29,ALLWARA
2025-10-01,0.0,19.425752343908187,0.0,0.0,0.0,BG-1220_P,True,30,ALLWARA
2025-11-01,0.0,19.425752343908187,0.0,0.0,0.0,BG-1220_P,True,31,ALLWARA
2025-12-01,0.0,19.425752343908187,0.0,0.0,0.0,BG-1220_P,True,32,ALLWARA
2026-01-01,0.0,19.425752343908187,0.0,0.0,0.0,BG-1220_P,True,33,ALLWARA
2026-02-01,0.0,19.425752343908187,0.0,0.0,0.0,BG-1220_P,True,34,ALLWARA
2026-03-01,0.0,19.425752343908187,0.0,0.0,0.0,BG-1220_P,True,35,ALLWARA
2023-04-01,2087.404777584659,14.372242105921268,2101.07,2073.0325354787374,1592.24,BG-1221_P,True,0,ALLWARA
2023-05-01,1953.544977593852,28.06516359541007,1876.37,1939.8520561043633,1460.29,BG-1221_P,True,1,ALLWARA
2023-06-01,1828.539393348476,41.37689641741602,1829.94,1815.2276605264701,1421.33,BG-1221_P,True,2,ALLWARA
2023-07-01,1708.741588438671,51.50881554059917,1741.86,1698.6096693154877,1334.47,BG-1221_P,True,3,ALLWARA
2023-08-01,1604.2008727824161,66.22597152285618,1618.56,1589.483716800159,1222.68,BG-1221_P,True,4,ALLWARA
2023-09-01,1503.3108578564816,82.16834701872006,1486.11,1487.3684823606177,1140.81,BG-1221_P,True,5,ALLWARA
2023-10-01,1402.3218480636356,92.67662760944708,1442.76,1391.8135674729085,1080.37,BG-1221_P,True,6,ALLWARA
2023-11-01,0.0,92.67662760944708,0.0,0.0,0.0,BG-1221_P,True,7,ALLWARA
2023-12-01,0.0,92.67662760944708,0.0,0.0,0.0,BG-1221_P,True,8,ALLWARA
2024-01-01,0.0,92.67662760944708,0.0,0.0,0.0,BG-1221_P,True,9,ALLWARA
2024-02-01,0.0,92.67662760944708,0.0,0.0,0.0,BG-1221_P,True,10,ALLWARA
2024-03-01,0.0,92.67662760944708,0.0,0.0,0.0,BG-1221_P,True,11,ALLWARA
2024-04-01,0.0,92.67662760944708,0.0,0.0,0.0,BG-1221_P,True,12,ALLWARA
2024-05-01,0.0,92.67662760944708,0.0,0.0,0.0,BG-1221_P,True,13,ALLWARA
2024-06-01,0.0,92.67662760944708,0.0,0.0,0.0,BG-1221_P,True,14,ALLWARA
2024-07-01,0.0,92.67662760944708,0.0,0.0,0.0,BG-1221_P,True,15,ALLWARA
2024-08-01,0.0,92.67662760944708,0.0,0.0,0.0,BG-1221_P,True,16,ALLWARA
2024-09-01,0.0,92.67662760944708,0.0,0.0,0.0,BG-1221_P,True,17,ALLWARA
2024-10-01,0.0,92.67662760944708,0.0,0.0,0.0,BG-1221_P,True,18,ALLWARA
2024-11-01,0.0,92.67662760944708,0.0,0.0,0.0,BG-1221_P,True,19,ALLWARA
2024-12-01,0.0,92.67662760944708,0.0,0.0,0.0,BG-1221_P,True,20,ALLWARA
2025-01-01,0.0,92.67662760944708,0.0,0.0,0.0,BG-1221_P,True,21,ALLWARA
2025-02-01,0.0,92.67662760944708,0.0,0.0,0.0,BG-1221_P,True,22,ALLWARA
2025-03-01,0.0,92.67662760944708,0.0,0.0,0.0,BG-1221_P,True,23,ALLWARA
2025-04-01,0.0,92.67662760944708,0.0,0.0,0.0,BG-1221_P,True,24,ALLWARA
2025-05-01,0.0,92.67662760944708,0.0,0.0,0.0,BG-1221_P,True,25,ALLWARA
2025-06-01,0.0,92.67662760944708,0.0,0.0,0.0,BG-1221_P,True,26,ALLWARA
2025-07-01,0.0,92.67662760944708,0.0,0.0,0.0,BG-1221_P,True,27,ALLWARA
2025-08-01,0.0,92.67662760944708,0.0,0.0,0.0,BG-1221_P,True,28,ALLWARA
2025-09-01,0.0,92.67662760944708,0.0,0.0,0.0,BG-1221_P,True,29,ALLWARA
2025-10-01,0.0,92.67662760944708,0.0,0.0,0.0,BG-1221_P,True,30,ALLWARA
2025-11-01,0.0,92.67662760944708,0.0,0.0,0.0,BG-1221_P,True,31,ALLWARA
2025-12-01,0.0,92.67662760944708,0.0,0.0,0.0,BG-1221_P,True,32,ALLWARA
2026-01-01,0.0,92.67662760944708,0.0,0.0,0.0,BG-1221_P,True,33,ALLWARA
2026-02-01,0.0,92.67662760944708,0.0,0.0,0.0,BG-1221_P,True,34,ALLWARA
2026-03-01,0.0,92.67662760944708,0.0,0.0,0.0,BG-1221_P,True,35,ALLWARA
2023-04-01,2986.269505133285,49.73354813108645,3424.56,2936.5359570021983,3067.46,BG-1063_P,True,0,ALLWARA
2023-05-01,2971.3000280025904,143.13784935364666,3237.24,2877.89572678003,2884.84,BG-1063_P,True,1,ALLWARA
2023-06-01,2956.714218204788,279.4255733860839,3170.67,2820.4264941723504,2811.45,BG-1063_P,True,2,ALLWARA
2023-07-01,2951.823420765581,467.14411884067925,3026.48,2764.104875310986,2633.24,BG-1063_P,True,3,ALLWARA
2023-08-01,2949.3157375300957,707.551903086218,2996.23,2708.907953284557,2591.24,BG-1063_P,True,4,ALLWARA
2023-09-01,2928.6668689454805,981.4055032179668,2967.32,2654.8132688137316,2631.93,BG-1063_P,True,5,ALLWARA
2023-10-01,2922.1390158754275,1301.745707980713,2674.12,2601.7988111126815,2374.42,BG-1063_P,True,6,ALLWARA
2023-11-01,2915.7928481326344,1667.6955471803076,2835.26,2549.84300893304,2512.48,BG-1063_P,True,7,ALLWARA
2023-12-01,2903.4639745053532,2072.234799898971,2976.24,2498.92472178669,2627.67,BG-1063_P,True,8,ALLWARA
2024-01-01,2892.135425460985,2515.3469940161185,3059.83,2449.023231343837,2721.0,BG-1063_P,True,9,ALLWARA
2024-02-01,2888.0142107266115,3003.2429717398804,2740.5,2400.1182330028496,2489.82,BG-1063_P,True,10,ALLWARA
2024-03-01,2885.6601637166987,3536.7133078281317,2523.88,2352.1898276284473,2316.36,BG-1063_P,True,11,ALLWARA
2024-04-01,2866.6644958246316,4098.159290197899,2552.73,2305.218513454864,2350.58,BG-1063_P,True,12,ALLWARA
2024-05-01,2851.2409617605176,4690.215073807711,2591.33,2259.185178150706,2383.23,BG-1063_P,True,13,ALLWARA
2024-06-01,2835.959740881286,5312.103723646733,2514.79,2214.0710910422645,2304.94,BG-1063_P,True,14,ALLWARA
2024-07-01,2814.7665511071823,5957.012379261794,2597.32,2169.857895492121,2319.69,BG-1063_P,True,15,ALLWARA
2024-08-01,2789.6373116268132,6620.122089458659,2634.53,2126.5276014299484,2336.55,BG-1063_P,True,16,ALLWARA
2024-09-01,2765.631964239617,7301.69147566581,2828.16,2084.0625780324663,2525.1,BG-1063_P,True,17,ALLWARA
2024-10-01,2742.2260277846726,8001.471956900917,2791.07,2042.445546549566,2510.23,BG-1063_P,True,18,ALLWARA
2024-11-01,2719.318508729365,8719.130892356581,2795.72,2001.6595732737007,2492.23,BG-1063_P,True,19,ALLWARA
2024-12-01,2696.762441028198,9454.205270735114,2691.47,1961.6880626496643,2395.62,BG-1063_P,True,20,ALLWARA
2025-01-01,2674.626787013578,10206.317307226725,2562.72,1922.5147505219666,2276.79,BG-1063_P,True,21,ALLWARA
2025-02-01,2653.3127440079597,10975.506353717637,2449.4,1884.1236975170473,2150.61,BG-1063_P,True,22,ALLWARA
2025-03-01,2632.625805804306,11761.632876964293,2529.28,1846.4992825576498,2229.83,BG-1063_P,True,23,ALLWARA
2025-04-01,2612.457119903699,12564.463800361293,2500.58,1809.6261965067004,2210.11,BG-1063_P,True,24,ALLWARA
2025-05-01,2592.4988768742537,13383.473241297428,2491.18,1773.4894359381183,2208.43,BG-1063_P,True,25,ALLWARA
2025-06-01,2573.0995888013526,14218.498533066764,2417.7,1738.0742970320168,2241.85,BG-1063_P,True,26,ALLWARA
2025-07-01,2553.4814730545104,15068.613636529464,2562.53,1703.36636959181,2391.82,BG-1063_P,True,27,ALLWARA
2025-08-01,2528.918685392385,15928.180790741055,2674.26,1669.3515311807955,2558.23,BG-1063_P,True,28,ALLWARA
2025-09-01,2505.2794180309215,16797.44426739615,2643.8,1636.0159413758254,2454.84,BG-1063_P,True,29,ALLWARA
2025-10-01,2482.3475588079746,17676.4457900684,2564.6,1603.3460361357231,2365.41,BG-1063_P,True,30,ALLWARA
2025-11-01,2459.461794947927,18564.579062734163,2805.29,1571.3285222821612,2603.93,BG-1063_P,True,31,ALLWARA
2025-12-01,2437.937977756136,19462.566668399548,2781.09,1539.9503720907528,2579.35,BG-1063_P,True,32,ALLWARA
2026-01-01,0.0,19462.566668399548,0.0,0.0,0.0,BG-1063_P,True,33,ALLWARA
2026-02-01,2395.958936167879,20379.464257200423,2569.88,1479.0613473670048,2366.07,BG-1063_P,True,34,ALLWARA
2026-03-01,2353.4303934087056,21283.36895313447,2562.56,1449.5256974746555,2364.69,BG-1063_P,True,35,ALLWARA
2023-04-01,1040.8715292318504,8.5320352594847,1083.07,1032.3394939723657,252.38,BG-0252_P,True,0,ALLWARA
2023-05-01,998.0927288861357,14.54694577401727,1073.21,992.0778183716031,255.61,BG-0252_P,True,1,ALLWARA
2023-06-01,957.7705432721953,18.93112394866071,1081.77,953.3863650975518,255.94,BG-0252_P,True,2,ALLWARA
2023-07-01,919.9947940557055,22.722023187056504,1046.37,916.2038948173097,241.64,BG-0252_P,True,3,ALLWARA
2023-08-01,884.1480863012223,26.398552930496137,824.31,880.4715565577826,136.78,BG-0252_P,True,4,ALLWARA
2023-09-01,849.7452765442458,30.011034916097472,832.15,846.1327945586445,134.39,BG-0252_P,True,5,ALLWARA
2023-10-01,815.88268453807,32.76046069609614,809.07,813.1332587580713,129.91,BG-0252_P,True,6,ALLWARA
2023-11-01,783.8444475773267,35.1841895038534,713.52,781.4207187695695,132.97,BG-0252_P,True,7,ALLWARA
2023-12-01,753.2130291231247,37.45223741323369,559.76,750.9449812137444,136.73,BG-0252_P,True,8,ALLWARA
2024-01-01,723.7804673264716,39.574894465540986,574.15,721.6578102741643,139.0,BG-0252_P,True,9,ALLWARA
2024-02-01,695.4435853800503,41.50562849401271,642.99,693.5128513515785,150.56,BG-0252_P,True,10,ALLWARA
2024-03-01,668.3555618595896,43.39563265794621,644.03,666.4655576956561,168.08,BG-0252_P,True,11,ALLWARA
2024-04-01,642.4402390647283,45.36275182456146,634.2,640.473119898113,174.16,BG-0252_P,True,12,ALLWARA
2024-05-01,617.6714879470318,47.53984163595126,921.49,615.494398135642,291.63,BG-0252_P,True,13,ALLWARA
2024-06-01,843.9773897706486,300.02737435120764,888.07,591.4898570553922,289.49,BG-0252_P,True,14,ALLWARA
2024-07-01,896.0354565267567,627.6413276780171,879.59,568.4215031999473,289.15,BG-0252_P,True,15,ALLWARA
2024-08-01,890.4239069208816,971.8124097261476,778.49,546.252824872751,287.14,BG-0252_P,True,16,ALLWARA
2024-09-01,877.8616427991906,1324.7253181765284,723.71,524.9487343488098,292.65,BG-0252_P,True,17,ALLWARA
2024-10-01,825.3460137452669,1645.5958195825935,702.52,504.4755123392018,288.58,BG-0252_P,True,18,ALLWARA
2024-11-01,757.7387384873998,1918.5338034485012,713.75,484.8007546214921,264.26,BG-0252_P,True,19,ALLWARA
2024-12-01,723.5077116447364,2176.148194341652,657.64,465.8933207515855,198.04,BG-0252_P,True,20,ALLWARA
2025-01-01,691.8241156288871,2420.2490251947006,661.36,447.7232847758385,194.43,BG-0252_P,True,21,ALLWARA
2025-02-01,680.4962744105427,2670.4834117398236,630.88,430.2618878654195,194.73,BG-0252_P,True,22,ALLWARA
2025-03-01,667.1318663191246,2924.1337852609995,622.74,413.48149279794876,221.57,BG-0252_P,True,23,ALLWARA
2025-04-01,652.8774160092447,3179.65566105587,612.64,397.35554021437395,224.06,BG-0252_P,True,24,ALLWARA
2025-05-01,636.9637949077289,3434.760949381753,630.73,381.8585065818458,210.32,BG-0252_P,True,25,ALLWARA
2025-06-01,628.6692462347212,3696.464331820415,715.13,366.9658637960594,229.99,BG-0252_P,True,26,ALLWARA
2025-07-01,617.1490052005383,3960.959296661832,728.97,352.65404035912127,242.71,BG-0252_P,True,27,ALLWARA
2025-08-01,630.1042467898651,4252.163159380201,746.2,338.90038407149586,249.38,BG-0252_P,True,28,ALLWARA
2025-09-01,630.7543183926246,4557.234351593845,744.16,325.68312617898164,258.41,BG-0252_P,True,29,ALLWARA
2025-10-01,627.5715005172956,4871.824505193169,724.72,312.9813469179711,244.4,BG-0252_P,True,30,ALLWARA
2025-11-01,617.4866434411392,5188.536206229849,618.22,300.77494240445907,216.67,BG-0252_P,True,31,ALLWARA
2025-12-01,607.6727388667994,5507.164352282254,609.63,289.04459281439426,228.11,BG-0252_P,True,32,ALLWARA
2026-01-01,596.2815443111213,5825.674164788365,598.85,277.7717318050109,231.34,BG-0252_P,True,33,ALLWARA
2026-02-01,586.6372234991401,6145.372871158765,568.76,266.93851712874016,160.05,BG-0252_P,True,34,ALLWARA
2026-03-01,451.7997679168261,6340.644836682398,592.24,256.52780239319253,164.85,BG-0252_P,True,35,ALLWARA
2023-04-01,0.0,0.0,0.0,0.0,0.0,BG-0067_P,True,0,ALLWARA
2023-05-01,0.0,0.0,0.0,0.0,0.0,BG-0067_P,True,1,ALLWARA
2023-06-01,0.0,0.0,0.0,0.0,0.0,BG-0067_P,True,2,ALLWARA
2023-07-01,0.0,0.0,0.0,0.0,0.0,BG-0067_P,True,3,ALLWARA
2023-08-01,0.0,0.0,0.0,0.0,0.0,BG-0067_P,True,4,ALLWARA
2023-09-01,0.0,0.0,0.0,0.0,0.0,BG-0067_P,True,5,ALLWARA
2023-10-01,0.0,0.0,0.0,0.0,0.0,BG-0067_P,True,6,ALLWARA
2023-11-01,0.0,0.0,0.0,0.0,0.0,BG-0067_P,True,7,ALLWARA
2023-12-01,0.0,0.0,0.0,0.0,0.0,BG-0067_P,True,8,ALLWARA
2024-01-01,0.0,0.0,0.0,0.0,0.0,BG-0067_P,True,9,ALLWARA
2024-02-01,0.0,0.0,0.0,0.0,0.0,BG-0067_P,True,10,ALLWARA
2024-03-01,0.0,0.0,0.0,0.0,0.0,BG-0067_P,True,11,ALLWARA
2024-04-01,0.0,0.0,0.0,0.0,0.0,BG-0067_P,True,12,ALLWARA
2024-05-01,0.0,0.0,0.0,0.0,0.0,BG-0067_P,True,13,ALLWARA
2024-06-01,1285.6044732952193,1285.6044732952193,975.92,0.0,187.4,BG-0067_P,True,14,ALLWARA
2024-07-01,1239.34884294144,2524.9533162366592,961.02,0.0,82.92,BG-0067_P,True,15,ALLWARA
2024-08-01,1189.9338711694213,3714.8871874060806,1154.68,0.0,174.13,BG-0067_P,True,16,ALLWARA
2024-09-01,1205.3336535901217,4920.220840996202,1419.37,0.0,314.04,BG-0067_P,True,17,ALLWARA
2024-10-01,1207.4499803724646,6127.670821368667,1373.6,0.0,309.42,BG-0067_P,True,18,ALLWARA
2024-11-01,1185.8380447114462,7313.508866080113,1268.66,0.0,307.89,BG-0067_P,True,19,ALLWARA
2024-12-01,1164.4744353094675,8477.98330138958,1021.73,0.0,280.5,BG-0067_P,True,20,ALLWARA
2025-01-01,1161.7009317634308,9639.684233153012,1028.43,0.0,275.39,BG-0067_P,True,21,ALLWARA
2025-02-01,1157.2705189269368,10796.954752079948,980.64,0.0,276.21,BG-0067_P,True,22,ALLWARA
2025-03-01,1139.1987906017148,11936.153542681663,993.12,0.0,294.15,BG-0067_P,True,23,ALLWARA
2025-04-01,1124.4091094757077,13060.56265215737,1107.5,0.0,392.68,BG-0067_P,True,24,ALLWARA
2025-05-01,1110.9801405251153,14171.542792682485,1138.31,0.0,382.59,BG-0067_P,True,25,ALLWARA
2025-06-01,1094.9411112964171,15266.483903978902,960.41,0.0,260.02,BG-0067_P,True,26,ALLWARA
2025-07-01,1081.8155117657197,16348.299415744623,926.55,0.0,249.05,BG-0067_P,True,27,ALLWARA
2025-08-01,1069.2945154494807,17417.593931194104,947.95,0.0,255.86,BG-0067_P,True,28,ALLWARA
2025-09-01,1061.4178220213887,18479.01175321549,941.94,0.0,265.17,BG-0067_P,True,29,ALLWARA
2025-10-01,1052.6781855748086,19531.6899387903,939.8,0.0,247.96,BG-0067_P,True,30,ALLWARA
2025-11-01,1050.4825489778393,20582.172487768137,992.12,0.0,130.41,BG-0067_P,True,31,ALLWARA
2025-12-01,1051.5788590111579,21633.751346779296,967.58,0.0,133.36,BG-0067_P,True,32,ALLWARA
2026-01-01,1056.1501611216727,22689.90150790097,1266.15,0.0,328.7,BG-0067_P,True,33,ALLWARA
2026-02-01,1062.4967085175945,23752.398216418565,1310.42,0.0,393.37,BG-0067_P,True,34,ALLWARA
2026-03-01,979.0207392271956,24731.41895564576,1265.99,0.0,297.99,BG-0067_P,True,35,ALLWARA
2023-04-01,1376.8396781303893,0.3970361428960443,1092.53,1376.4426419874933,753.97,BG-1418_P,True,0,ALLWARA
2023-05-01,1319.6595352637516,1.1328579413398905,1096.98,1318.9237134653079,771.49,BG-1418_P,True,1,ALLWARA
2023-06-01,1264.8569171434387,2.1813831642068164,1099.03,1263.808391920572,769.91,BG-1418_P,True,2,ALLWARA
2023-07-01,1212.3155946922066,3.500742681910803,1055.22,1210.9962351745025,704.08,BG-1418_P,True,3,ALLWARA
2023-08-01,1161.964704607582,5.074448952945627,1023.41,1160.3909983365472,684.44,BG-1418_P,True,4,ALLWARA
2023-09-01,1113.7021796242473,6.876170169525336,1010.7,1111.9004584076677,677.63,BG-1418_P,True,5,ALLWARA
2023-10-01,1067.270441069052,8.710365025461101,963.44,1065.4362462131162,661.15,BG-1418_P,True,6,ALLWARA
2023-11-01,1022.7563825753442,10.553062242378703,932.92,1020.9136853584266,640.77,BG-1418_P,True,7,ALLWARA
2023-12-01,980.0989318980911,12.400356225343595,989.26,978.2516379151263,652.44,BG-1418_P,True,8,ALLWARA
2024-01-01,939.2255549220458,14.253554592439484,1002.97,937.37235655495,675.59,BG-1418_P,True,9,ALLWARA
2024-02-01,900.057861253797,16.110072983149706,1117.31,898.2013428630868,787.39,BG-1418_P,True,10,ALLWARA
2024-03-01,862.5266320696733,17.96949348057888,1208.05,860.6672115722441,843.78,BG-1418_P,True,11,ALLWARA
2024-04-01,826.5480798331366,19.816012843598667,1190.55,824.7015604701169,841.73,BG-1418_P,True,12,ALLWARA
2024-05-01,792.025382466963,21.602549567388504,1102.31,790.2388457431732,793.29,BG-1418_P,True,13,ALLWARA
2024-06-01,759.1106484550518,23.49693549284999,951.56,757.2162625295903,723.62,BG-1418_P,True,14,ALLWARA
2024-07-01,727.5570266552138,25.480331684410054,1013.86,725.5736304636538,773.8,BG-1418_P,True,15,ALLWARA
2024-08-01,0.0,25.480331684410054,0.0,0.0,0.0,BG-1418_P,True,16,ALLWARA
2024-09-01,0.0,25.480331684410054,0.0,0.0,0.0,BG-1418_P,True,17,ALLWARA
2024-10-01,640.6356169128811,27.75521489854237,639.02,638.3607336987488,467.02,BG-1418_P,True,18,ALLWARA
2024-11-01,613.9966880264436,30.067054070933626,580.26,611.6848488540523,449.84,BG-1418_P,True,19,ALLWARA
2024-12-01,588.4628617339409,32.40621714051513,559.56,586.1236986643594,432.41,BG-1418_P,True,20,ALLWARA
2025-01-01,564.0072519827171,34.78276864145932,561.21,561.6307004817729,437.29,BG-1418_P,True,21,ALLWARA
2025-02-01,540.5691523746659,37.190702757186166,417.15,538.161218258939,266.82,BG-1418_P,True,22,ALLWARA
2025-03-01,518.0921279372027,39.61034949008808,403.23,515.6724812043008,248.93,BG-1418_P,True,23,ALLWARA
2025-04-01,496.55240308562253,42.03924673911542,396.32,494.1235058365952,246.67,BG-1418_P,True,24,ALLWARA
2025-05-01,475.93733854633814,44.50156398891011,438.33,473.47502129654345,241.28,BG-1418_P,True,25,ALLWARA
2025-06-01,456.1982176033042,47.01038381258862,521.74,453.6893977796257,244.68,BG-1418_P,True,26,ALLWARA
2025-07-01,437.2876491280975,49.56745498117222,555.12,434.7305779595139,263.61,BG-1418_P,True,27,ALLWARA
2025-08-01,419.1684511434793,52.171894847462795,562.75,416.5640112771887,288.87,BG-1418_P,True,28,ALLWARA
2025-09-01,401.8031194119105,54.818423283382515,579.75,399.15659097599075,268.61,BG-1418_P,True,29,ALLWARA
2025-10-01,385.1709222676569,57.51275178318205,576.11,382.47659376785737,284.93,BG-1418_P,True,30,ALLWARA
2025-11-01,369.2315227180943,60.25065248048449,607.53,366.49362202079186,324.33,BG-1418_P,True,31,ALLWARA
2025-12-01,353.95708420804823,63.02918832632229,604.98,351.17854836221045,322.54,BG-1418_P,True,32,ALLWARA
2026-01-01,339.3180094019654,65.84373513107806,578.17,336.50346259720965,289.84,BG-1418_P,True,33,ALLWARA
2026-02-01,325.2872315993249,68.68934588538502,526.5,322.44162084501795,230.74,BG-1418_P,True,34,ALLWARA
2026-03-01,311.6576248826912,71.37957396713631,515.72,308.9673968009399,238.19,BG-1418_P,True,35,ALLWARA
2023-04-01,0.0,0.0,0.0,0.0,0.0,BG-1059_P,True,0,ALLWARA
2023-05-01,0.0,0.0,0.0,0.0,0.0,BG-1059_P,True,1,ALLWARA
2023-06-01,0.0,0.0,0.0,0.0,0.0,BG-1059_P,True,2,ALLWARA
2023-07-01,0.0,0.0,0.0,0.0,0.0,BG-1059_P,True,3,ALLWARA
2023-08-01,0.0,0.0,0.0,0.0,0.0,BG-1059_P,True,4,ALLWARA
2023-09-01,0.0,0.0,0.0,0.0,0.0,BG-1059_P,True,5,ALLWARA
2023-10-01,0.0,0.0,0.0,0.0,0.0,BG-1059_P,True,6,ALLWARA
2023-11-01,0.0,0.0,0.0,0.0,0.0,BG-1059_P,True,7,ALLWARA
2023-12-01,0.0,0.0,0.0,0.0,0.0,BG-1059_P,True,8,ALLWARA
2024-01-01,0.0,0.0,0.0,0.0,0.0,BG-1059_P,True,9,ALLWARA
2024-02-01,0.0,0.0,0.0,0.0,0.0,BG-1059_P,True,10,ALLWARA
2024-03-01,1502.1706663456473,1502.1706663456475,1793.73,0.0,1671.27,BG-1059_P,True,11,ALLWARA
2024-04-01,1567.777460404135,3069.948126749782,1815.77,0.0,1701.0,BG-1059_P,True,12,ALLWARA
2024-05-01,1537.0222008346243,4606.970327584407,1692.23,0.0,1592.99,BG-1059_P,True,13,ALLWARA
2024-06-01,1391.6533843735967,5998.623711958004,1618.24,0.0,1523.25,BG-1059_P,True,14,ALLWARA
2024-07-01,1260.0350048747582,7258.658716832762,1572.88,0.0,1485.08,BG-1059_P,True,15,ALLWARA
2024-08-01,1301.744116751312,8560.402833584074,1441.28,0.0,1117.29,BG-1059_P,True,16,ALLWARA
2024-09-01,1379.641789186262,9940.044622770336,1428.26,0.0,1094.31,BG-1059_P,True,17,ALLWARA
2024-10-01,1464.9048969946984,11404.949519765034,1371.72,0.0,1175.54,BG-1059_P,True,18,ALLWARA
2024-11-01,1543.1073646892266,12948.056884454261,1358.88,0.0,1168.81,BG-1059_P,True,19,ALLWARA
2024-12-01,1612.8591186428198,14560.916003097082,1519.61,0.0,1138.96,BG-1059_P,True,20,ALLWARA
2025-01-01,1676.9876667790163,16237.903669876097,1515.0,0.0,1086.35,BG-1059_P,True,21,ALLWARA
2025-02-01,1738.9056678387342,17976.809337714833,1506.45,0.0,1019.72,BG-1059_P,True,22,ALLWARA
2025-03-01,1795.9790262446945,19772.788363959527,1587.32,0.0,1164.25,BG-1059_P,True,23,ALLWARA
2025-04-01,1847.8810026575698,21620.669366617098,1688.42,0.0,1284.27,BG-1059_P,True,24,ALLWARA
2025-05-01,1895.681457661749,23516.350824278845,1679.27,0.0,1248.03,BG-1059_P,True,25,ALLWARA
2025-06-01,1938.9684517562912,25455.319276035138,1645.43,0.0,1183.72,BG-1059_P,True,26,ALLWARA
2025-07-01,1973.5499109869556,27428.869187022094,1703.11,0.0,1112.5,BG-1059_P,True,27,ALLWARA
2025-08-01,1912.8586534161757,29341.72784043827,1708.96,0.0,1217.29,BG-1059_P,True,28,ALLWARA
2025-09-01,1855.2821964773595,31197.01003691563,1571.95,0.0,1188.84,BG-1059_P,True,29,ALLWARA
2025-10-01,1802.9181047797515,32999.92814169538,1574.47,0.0,1161.97,BG-1059_P,True,30,ALLWARA
2025-11-01,1758.8479766938522,34758.776118389236,1602.69,0.0,1266.95,BG-1059_P,True,31,ALLWARA
2025-12-01,1720.563896611963,36479.3400150012,1672.85,0.0,1390.63,BG-1059_P,True,32,ALLWARA
2026-01-01,1681.0036616078876,38160.34367660909,1712.35,0.0,1324.27,BG-1059_P,True,33,ALLWARA
2026-02-01,1650.625357618429,39810.96903422752,1714.78,0.0,1333.55,BG-1059_P,True,34,ALLWARA
2026-03-01,1527.9342316763305,41338.90326590385,1771.37,0.0,1372.88,BG-1059_P,True,35,ALLWARA
2023-04-01,1791.3385210261163,383.01475442299204,2105.16,1408.323766603124,19.26,BG-1911_P,True,0,ALLWARA
2023-05-01,1853.823308494179,921.9433641142542,2073.13,1314.8946988029168,15.25,BG-1911_P,True,1,ALLWARA
2023-06-01,1835.317708280822,1529.5972993762946,2093.95,1227.6637730187815,14.06,BG-1911_P,True,2,ALLWARA
2023-07-01,1804.5952337702468,2187.97273246225,1278.63,1146.2198006842912,1.99,BG-1911_P,True,3,ALLWARA
2023-08-01,1767.7797739338366,2885.573634659813,1292.23,1070.1788717362738,0.0,BG-1911_P,True,4,ALLWARA
2023-09-01,1701.3413695142015,3587.7324592319433,1756.12,999.182544942071,0.0,BG-1911_P,True,5,ALLWARA
2023-10-01,1662.2456952013613,4317.081996151698,1693.1,932.8961582816064,0.0,BG-1911_P,True,6,ALLWARA
2023-11-01,1649.326019193394,5095.400763925346,1689.28,871.0072514197459,0.0,BG-1911_P,True,7,ALLWARA
2023-12-01,1608.339187927454,5890.515859019982,1626.96,813.2240928328183,238.84,BG-1911_P,True,8,ALLWARA
2024-01-01,1498.5817989299785,6629.823353303491,1512.25,759.2743046464695,219.16,BG-1911_P,True,9,ALLWARA
2024-02-01,1385.666709895128,7306.586484495994,1257.3,708.903578702624,130.21,BG-1911_P,True,10,ALLWARA
2024-03-01,1361.5288177972611,8006.240824489901,1169.53,661.8744778033549,201.5,BG-1911_P,True,11,ALLWARA
2024-04-01,1363.520622154328,8751.796130163253,1142.14,617.9653164809763,193.87,BG-1911_P,True,12,ALLWARA
2024-05-01,1349.860579483593,9524.687593628309,1247.17,576.9691160185381,111.62,BG-1911_P,True,13,ALLWARA
2024-06-01,1389.4519922420031,10375.446957075406,1191.03,538.6926287949061,115.71,BG-1911_P,True,14,ALLWARA
2024-07-01,1272.3594766331112,11144.851006353125,1191.75,502.9554273553919,112.33,BG-1911_P,True,15,ALLWARA
2024-08-01,1327.0836965720982,12002.345649011224,1134.11,469.5890539139988,106.47,BG-1911_P,True,16,ALLWARA
2024-09-01,1375.1263521525088,12939.035774885519,1328.46,438.4362262782142,165.36,BG-1911_P,True,17,ALLWARA
2024-10-01,1326.5704510419419,13856.256129474219,1475.66,409.3500964532405,211.91,BG-1911_P,True,18,ALLWARA
2024-11-01,1306.1127808520719,14780.17535189541,1564.33,382.19355843088044,224.19,BG-1911_P,True,19,ALLWARA
2024-12-01,1286.0721477855882,15709.408897780866,1520.07,356.8386019001325,206.45,BG-1911_P,True,20,ALLWARA
2025-01-01,1264.5287587611983,16640.771947709036,1497.95,333.16570883302734,177.61,BG-1911_P,True,21,ALLWARA
2025-02-01,1442.3007685909593,17772.009426198667,1413.27,311.0632901013288,178.14,BG-1911_P,True,22,ALLWARA
2025-03-01,1551.19217011868,19032.774436848915,1401.18,290.427159468434,183.31,BG-1911_P,True,23,ALLWARA
2025-04-01,1605.9186292919496,20367.53302366389,1357.63,271.1600424769726,184.02,BG-1911_P,True,24,ALLWARA
2025-05-01,1635.6585996912358,21750.02050543802,1923.23,253.1711179171078,702.35,BG-1911_P,True,25,ALLWARA
2025-06-01,1660.074954631235,23173.719870355144,1914.06,236.37558971411227,688.51,BG-1911_P,True,26,ALLWARA
2025-07-01,1670.9009336952827,24623.926516833242,1916.79,220.69428721718623,713.31,BG-1911_P,True,27,ALLWARA
2025-08-01,1566.401393183377,25984.274618011255,1951.13,206.0532920053632,788.21,BG-1911_P,True,28,ALLWARA
2025-09-01,1494.6567643365515,27286.547792896465,1927.22,192.38358945134095,1019.91,BG-1911_P,True,29,ALLWARA
2025-10-01,1461.3584215509068,28568.285471046587,1881.5,179.6207434007837,985.29,BG-1911_P,True,30,ALLWARA
2025-11-01,1435.4928712969418,29836.07374990993,1444.67,167.70459243360008,579.38,BG-1911_P,True,31,ALLWARA
2025-12-01,1423.825239040569,31103.320022675063,1429.89,156.57896627543525,592.36,BG-1911_P,True,32,ALLWARA
2026-01-01,1412.4338533929256,32369.56245504539,1419.52,146.1914210225995,576.23,BG-1911_P,True,33,ALLWARA
2026-02-01,1404.0632546471834,33637.132717760236,1395.27,136.49299193233895,600.49,BG-1911_P,True,34,ALLWARA
2026-03-01,1277.5838448189247,34787.27859996601,1192.12,127.4379626131516,539.35,BG-1911_P,True,35,ALLWARA
2023-04-01,0.0,0.0,0.0,0.0,0.0,BG-1402_P,True,0,ALLWARA
2023-05-01,1125.4551839638689,1125.455183963869,1779.53,0.0,563.33,BG-1402_P,True,1,ALLWARA
2023-06-01,1498.8052616274626,2624.2604455913315,1792.23,0.0,563.97,BG-1402_P,True,2,ALLWARA
2023-07-01,1754.3504788865134,4378.610924477845,1729.5,0.0,532.51,BG-1402_P,True,3,ALLWARA
2023-08-01,1963.8840177251377,6342.494942202983,1813.45,0.0,537.21,BG-1402_P,True,4,ALLWARA
2023-09-01,2110.247563579833,8452.742505782817,1843.75,0.0,535.52,BG-1402_P,True,5,ALLWARA
2023-10-01,2072.0565037449796,10524.799009527796,1783.43,0.0,535.58,BG-1402_P,True,6,ALLWARA
2023-11-01,2038.5821891339347,12563.381198661731,1823.45,0.0,546.76,BG-1402_P,True,7,ALLWARA
2023-12-01,1999.918240638605,14563.299439300336,1980.83,0.0,608.44,BG-1402_P,True,8,ALLWARA
2024-01-01,1892.2823457844104,16455.581785084745,2028.57,0.0,590.65,BG-1402_P,True,9,ALLWARA
2024-02-01,1714.2934468268913,18169.875231911636,1890.49,0.0,744.11,BG-1402_P,True,10,ALLWARA
2024-03-01,1595.5475773652297,19765.422809276864,1819.13,0.0,721.71,BG-1402_P,True,11,ALLWARA
2024-04-01,1573.0446704328483,21338.467479709714,1661.16,0.0,1199.92,BG-1402_P,True,12,ALLWARA
2024-05-01,1679.9089832921122,23018.376463001827,1747.02,0.0,1210.15,BG-1402_P,True,13,ALLWARA
2024-06-01,1750.7578027384739,24769.1342657403,1974.19,0.0,697.84,BG-1402_P,True,14,ALLWARA
2024-07-01,1785.440531195132,26554.57479693543,1953.06,0.0,697.05,BG-1402_P,True,15,ALLWARA
2024-08-01,1814.3121159898262,28368.886912925256,1950.19,0.0,733.52,BG-1402_P,True,16,ALLWARA
2024-09-01,1845.6816821246186,30214.568595049874,1868.61,0.0,726.47,BG-1402_P,True,17,ALLWARA
2024-10-01,1860.2459382876882,32074.81453333756,1694.14,0.0,672.29,BG-1402_P,True,18,ALLWARA
2024-11-01,1819.0145040436112,33893.829037381176,1794.99,0.0,711.28,BG-1402_P,True,19,ALLWARA
2024-12-01,1805.275835874022,35699.1048732552,1771.18,0.0,702.95,BG-1402_P,True,20,ALLWARA
2025-01-01,1802.6341174438649,37501.738990699065,1843.07,0.0,688.59,BG-1402_P,True,21,ALLWARA
2025-02-01,1805.9631949428476,39307.70218564191,1891.77,0.0,688.22,BG-1402_P,True,22,ALLWARA
2025-03-01,1831.902556655008,41139.60474229691,1895.23,0.0,708.3,BG-1402_P,True,23,ALLWARA
2025-04-01,1842.0412923265133,42981.64603462342,1854.62,0.0,710.95,BG-1402_P,True,24,ALLWARA
2025-05-01,1910.761040647344,44892.40707527077,1904.56,0.0,678.88,BG-1402_P,True,25,ALLWARA
2025-06-01,2010.2653198152618,46902.67239508603,2046.82,0.0,785.39,BG-1402_P,True,26,ALLWARA
2025-07-01,2081.3980329849,48984.07042807093,2240.29,0.0,977.12,BG-1402_P,True,27,ALLWARA
2025-08-01,2118.3455101431664,51102.4159382141,2258.28,0.0,1183.78,BG-1402_P,True,28,ALLWARA
2025-09-01,2166.5783042489584,53268.99424246306,2240.34,0.0,1508.41,BG-1402_P,True,29,ALLWARA
2025-10-01,2191.2203492092403,55460.214591672295,2235.99,0.0,1485.34,BG-1402_P,True,30,ALLWARA
2025-11-01,2225.9304482884545,57686.14503996075,2277.73,0.0,1016.82,BG-1402_P,True,31,ALLWARA
2025-12-01,2265.5500304227126,59951.69507038346,2260.42,0.0,1039.76,BG-1402_P,True,32,ALLWARA
2026-01-01,2309.7327584939203,62261.42782887738,2238.21,0.0,1025.4,BG-1402_P,True,33,ALLWARA
2026-02-01,2356.950751484407,64618.37858036179,2389.39,0.0,1172.06,BG-1402_P,True,34,ALLWARA
2026-03-01,2143.449568132324,66761.82814849411,2476.62,0.0,1307.04,BG-1402_P,True,35,ALLWARA
2023-04-01,1427.1534503356704,43.23776935445342,1331.92,1383.915680981217,636.0,BG-0918_P,True,0,ALLWARA
2023-05-01,1397.6190741199846,121.33473692666033,1329.26,1319.5221065477776,644.22,BG-0918_P,True,1,ALLWARA
2023-06-01,1342.6485616824668,205.8585345094885,1336.79,1258.1247640996387,644.96,BG-0918_P,True,2,ALLWARA
2023-07-01,1279.4469853133505,285.72128081224525,1283.2,1199.5842390105938,608.98,BG-0918_P,True,3,ALLWARA
2023-08-01,1218.2277134098795,360.1813906073674,1111.49,1143.7676036147573,522.05,BG-0918_P,True,4,ALLWARA
2023-09-01,1160.5212589098005,430.15453414876356,1136.14,1090.5481153684043,528.41,BG-0918_P,True,5,ALLWARA
2023-10-01,1106.3672566281289,496.71686172055627,1121.49,1039.8049290563363,522.22,BG-0918_P,True,6,ALLWARA
2023-11-01,1084.3365587108894,589.6305980421666,1109.49,991.4228223892791,511.49,BG-0918_P,True,7,ALLWARA
2023-12-01,1069.2912117924282,713.6298754653651,1085.81,945.2919343692298,492.44,BG-0918_P,True,8,ALLWARA
2024-01-01,1052.0259713785254,864.34833101523,1099.87,901.3075158286605,478.1,BG-0918_P,True,9,ALLWARA
2024-02-01,1028.4627386723828,1033.4413781104856,1099.46,859.3696915771271,468.4,BG-0918_P,True,10,ALLWARA
2024-03-01,1004.3758689791088,1218.434013474399,1074.41,819.3832336151953,488.14,BG-0918_P,True,11,ALLWARA
2024-04-01,976.9060571517314,1414.082725725414,1034.69,781.2573449007164,468.8,BG-0918_P,True,12,ALLWARA
2024-05-01,946.2415884668405,1615.418861015799,995.58,744.9054531764558,430.75,BG-0918_P,True,13,ALLWARA
2024-06-01,944.5012036112653,1849.6750502361444,930.21,710.2450143909197,494.61,BG-0918_P,True,14,ALLWARA
2024-07-01,942.7391712808958,2115.2168962510345,914.75,677.1973252660057,489.65,BG-0918_P,True,15,ALLWARA
2024-08-01,938.3085601790187,2407.8381118441744,947.19,645.6873445858788,467.77,BG-0918_P,True,16,ALLWARA
2024-09-01,943.0486411793298,2735.243230222231,939.14,615.6435228012733,474.98,BG-0918_P,True,17,ALLWARA
2024-10-01,949.3208570591717,3097.5664477191,922.69,586.9976395623027,433.54,BG-0918_P,True,18,ALLWARA
2024-11-01,956.6045676992242,3494.486366607458,926.38,559.6846488108658,464.07,BG-0918_P,True,19,ALLWARA
2024-12-01,960.355454038487,3921.199289565043,900.42,533.642531080902,474.66,BG-0918_P,True,20,ALLWARA
2025-01-01,960.6403372530505,4373.027474146982,901.65,508.8121526711111,467.61,BG-0918_P,True,21,ALLWARA
2025-02-01,959.3485920761693,4847.238934852786,894.89,485.13713137036586,461.21,BG-0918_P,True,22,ALLWARA
2025-03-01,955.819263926965,5340.494490348833,940.49,462.563708430918,458.65,BG-0918_P,True,23,ALLWARA
2025-04-01,949.7854156396514,5849.239279489795,924.77,441.0406264986898,460.44,BG-0918_P,True,24,ALLWARA
2025-05-01,942.4414492391716,6371.1617155055,939.57,420.5190132234663,448.64,BG-0918_P,True,25,ALLWARA
2025-06-01,937.5057771459158,6907.715222366712,929.8,400.95227028470384,473.67,BG-0918_P,True,26,ALLWARA
2025-07-01,933.2930657279824,7458.712320513728,948.95,382.2959675809664,500.12,BG-0918_P,True,27,ALLWARA
2025-08-01,925.8436775818236,8020.048255752827,980.01,364.50774234272467,475.15,BG-0918_P,True,28,ALLWARA
2025-09-01,925.3089405519233,8597.809993365314,982.49,347.54720293943575,519.95,BG-0918_P,True,29,ALLWARA
2025-10-01,917.6024136135204,9184.036569816355,983.19,331.37583716247843,502.21,BG-0918_P,True,30,ALLWARA
2025-11-01,908.7101604868867,9776.789805527562,987.22,315.9569247756804,502.8,BG-0918_P,True,31,ALLWARA
2025-12-01,899.8807179164718,10375.415069309165,1028.46,301.2554541348693,568.6,BG-0918_P,True,32,ALLWARA
2026-01-01,890.2616725651513,10978.438699187202,1016.05,287.23804268711467,553.08,BG-0918_P,True,33,ALLWARA
2026-02-01,880.888526756613,11585.454364774676,997.48,273.8728611691381,559.14,BG-0918_P,True,34,ALLWARA
2026-03-01,813.6086770489823,12137.933480490887,1002.08,261.1295613327709,579.45,BG-0918_P,True,35,ALLWARA
2023-04-01,0.0,0.0,0.0,0.0,0.0,BG-0773_P,True,0,ALLWARA
2023-05-01,1437.358342915371,1437.358342915371,2021.17,0.0,1807.6,BG-0773_P,True,1,ALLWARA
2023-06-01,1711.329128529314,3148.687471444685,2025.53,0.0,1809.83,BG-0773_P,True,2,ALLWARA
2023-07-01,1722.883449117615,4871.5709205623,1919.01,0.0,1708.8,BG-0773_P,True,3,ALLWARA
2023-08-01,1680.1154857272466,6551.6864062895465,1888.28,0.0,1741.05,BG-0773_P,True,4,ALLWARA
2023-09-01,1607.5650623043782,8159.251468593925,1871.28,0.0,1729.12,BG-0773_P,True,5,ALLWARA
2023-10-01,1638.721292029034,9797.972760622959,1894.77,0.0,1680.5,BG-0773_P,True,6,ALLWARA
2023-11-01,1717.2967836358762,11515.269544258836,1859.42,0.0,1645.64,BG-0773_P,True,7,ALLWARA
2023-12-01,1713.4946206474847,13228.76416490632,1796.74,0.0,1584.59,BG-0773_P,True,8,ALLWARA
2024-01-01,1606.0396575283871,14834.803822434707,1760.48,0.0,1538.21,BG-0773_P,True,9,ALLWARA
2024-02-01,1509.6016977775398,16344.405520212247,1732.56,0.0,1506.98,BG-0773_P,True,10,ALLWARA
2024-03-01,1596.9662507237194,17941.371770935966,1780.0,0.0,1570.43,BG-0773_P,True,11,ALLWARA
2024-04-01,1668.940291839776,19610.31206277574,1818.5,0.0,1615.33,BG-0773_P,True,12,ALLWARA
2024-05-01,1671.7844089151963,21282.096471690937,1811.54,0.0,1662.44,BG-0773_P,True,13,ALLWARA
2024-06-01,1644.2458510641077,22926.342322755045,1721.38,0.0,1613.13,BG-0773_P,True,14,ALLWARA
2024-07-01,1484.6750021882767,24411.01732494332,1672.17,0.0,1576.6,BG-0773_P,True,15,ALLWARA
2024-08-01,1709.9041574544497,26120.92148239777,1688.58,0.0,1535.87,BG-0773_P,True,16,ALLWARA
2024-09-01,1874.5053945160234,27995.426876913793,1634.51,0.0,1493.08,BG-0773_P,True,17,ALLWARA
2024-10-01,1768.445326937152,29763.872203850944,1482.48,0.0,1338.64,BG-0773_P,True,18,ALLWARA
2024-11-01,1562.070394971284,31325.94259882223,1611.72,0.0,1411.72,BG-0773_P,True,19,ALLWARA
2024-12-01,1532.0365680045065,32857.979166826735,1593.59,0.0,1396.29,BG-0773_P,True,20,ALLWARA
2025-01-01,1419.9276506162194,34277.906817442956,1569.51,0.0,1375.65,BG-0773_P,True,21,ALLWARA
2025-02-01,1249.5743795823971,35527.48119702535,1551.96,0.0,1408.73,BG-0773_P,True,22,ALLWARA
2025-03-01,1257.7086465129948,36785.18984353835,1591.06,0.0,1449.81,BG-0773_P,True,23,ALLWARA
2025-04-01,1564.1565267335461,38349.346370271895,1591.37,0.0,1455.26,BG-0773_P,True,24,ALLWARA
2025-05-01,1637.3656161740978,39986.71198644599,1561.77,0.0,1417.88,BG-0773_P,True,25,ALLWARA
2025-06-01,1951.4995292928231,41938.21151573881,1555.7,0.0,1360.59,BG-0773_P,True,26,ALLWARA
2025-07-01,1997.5883789640684,43935.79989470288,1636.73,0.0,1413.06,BG-0773_P,True,27,ALLWARA
2025-08-01,1856.769761060838,45792.56965576372,1687.95,0.0,1412.11,BG-0773_P,True,28,ALLWARA
2025-09-01,1824.2112912476111,47616.78094701133,1733.18,0.0,1463.44,BG-0773_P,True,29,ALLWARA
2025-10-01,1851.3161291755343,49468.09707618686,1729.84,0.0,1465.69,BG-0773_P,True,30,ALLWARA
2025-11-01,1851.0364888747768,51319.13356506164,1657.0,0.0,1544.2,BG-0773_P,True,31,ALLWARA
2025-12-01,1865.2765509179274,53184.41011597957,1688.13,0.0,1578.94,BG-0773_P,True,32,ALLWARA
2026-01-01,1858.0155387859827,55042.42565476555,1645.87,0.0,1535.93,BG-0773_P,True,33,ALLWARA
2026-02-01,1865.1467643324136,56907.57241909797,1691.11,0.0,1590.73,BG-0773_P,True,34,ALLWARA
2026-03-01,1438.5160678739076,58346.08848697187,1781.34,0.0,1684.6,BG-0773_P,True,35,ALLWARA
2023-04-01,2803.522910062741,189.28617546912074,3457.65,2614.2367345936204,1651.05,BG-1913_P,True,0,ALLWARA
2023-05-01,2787.9444935971565,478.56186197622156,2790.57,2498.6688070900555,1105.66,BG-1913_P,True,1,ALLWARA
2023-06-01,2715.165508030212,805.5175629495523,2804.14,2388.2098070568813,1088.85,BG-1913_P,True,2,ALLWARA
2023-07-01,2641.4450456942727,1164.3287252181128,2701.11,2282.633883425712,1015.19,BG-1913_P,True,3,ALLWARA
2023-08-01,2571.44103755915,1554.0445934194565,2487.61,2181.7251693578064,902.9,BG-1913_P,True,4,ALLWARA
2023-09-01,2501.8572676210288,1970.6245201706529,2511.45,2085.2773408698326,895.39,BG-1913_P,True,5,ALLWARA
2023-10-01,2432.72451743141,2410.2558426305286,2462.57,1993.0931949715339,904.91,BG-1913_P,True,6,ALLWARA
2023-11-01,2365.227981705913,2870.499577883728,2382.71,1904.9842464527137,865.43,BG-1913_P,True,7,ALLWARA
2023-12-01,2297.4171340762064,3347.1463694648137,2096.32,1820.77034249512,747.51,BG-1913_P,True,8,ALLWARA
2024-01-01,2214.23462476886,3821.10169991244,2139.31,1740.2792943212341,725.79,BG-1913_P,True,9,ALLWARA
2024-02-01,2123.1398121914813,4280.894986977109,2064.76,1663.3465251268124,660.81,BG-1913_P,True,10,ALLWARA
2024-03-01,2222.771276391506,4913.8515297912945,1568.25,1589.8147335773203,413.16,BG-1913_P,True,11,ALLWARA
2024-04-01,2334.5855450368076,5728.903502647867,1645.02,1519.5335721802353,486.87,BG-1913_P,True,12,ALLWARA
2024-05-01,2443.276595283735,6719.820758056023,2485.64,1452.3593398755788,913.99,BG-1913_P,True,13,ALLWARA
2024-06-01,2596.8285384452583,7928.494608285131,2390.76,1388.1546882161501,824.5,BG-1913_P,True,14,ALLWARA
2024-07-01,2693.1740803870775,9294.88034813552,2363.17,1326.7883405366867,835.25,BG-1913_P,True,15,ALLWARA
2024-08-01,2782.623170019126,10809.368694616893,2362.24,1268.1348235377548,870.43,BG-1913_P,True,16,ALLWARA
2024-09-01,2994.613368187517,12591.907852068862,3157.67,1212.0742107355486,1299.06,BG-1913_P,True,17,ALLWARA
2024-10-01,3292.5728837244706,14725.988858540295,3962.07,1158.4918772530375,1728.65,BG-1913_P,True,18,ALLWARA
2024-11-01,3548.5369543256925,17167.24754741489,3049.02,1107.278265451098,1340.18,BG-1913_P,True,19,ALLWARA
2024-12-01,3775.347087585211,19884.265974079677,3494.17,1058.328660920421,1623.47,BG-1913_P,True,20,ALLWARA
2025-01-01,3971.5383843545833,22844.261380058084,3914.13,1011.5429783761779,1927.13,BG-1913_P,True,21,ALLWARA
2025-02-01,4137.889815110729,26015.325638151146,3791.59,966.8255570176681,1932.87,BG-1913_P,True,22,ALLWARA
2025-03-01,4289.361859808799,29380.602533025412,3833.95,924.0849649345334,2000.92,BG-1913_P,True,23,ALLWARA
2025-04-01,4413.206540826757,32910.57526169255,4678.76,883.2338121596149,3028.43,BG-1913_P,True,24,ALLWARA
2025-05-01,4506.32905540176,36572.71574510811,4670.13,844.1885719862047,3062.3,BG-1913_P,True,25,ALLWARA
2025-06-01,4574.6448530911675,40340.49118801492,4572.68,806.8694101843547,2958.43,BG-1913_P,True,26,ALLWARA
2025-07-01,4567.958834015652,44137.250000263535,4650.95,771.2000217670409,3065.51,BG-1913_P,True,27,ALLWARA
2025-08-01,4490.272453125182,47890.41497841629,4741.7,737.1074749724312,3284.97,BG-1913_P,True,28,ALLWARA
2025-09-01,4209.513818169178,51395.406734442215,4800.64,704.5220621432478,3618.66,BG-1913_P,True,29,ALLWARA
2025-10-01,3933.5171875222413,54655.54676476613,4632.25,673.3771571983291,3339.79,BG-1913_P,True,30,ALLWARA
2025-11-01,3695.368260686365,57707.30594604753,4243.55,643.6090794049651,2781.33,BG-1913_P,True,31,ALLWARA
2025-12-01,3747.0732889046417,60839.2222717787,4259.91,615.1569631734671,2844.28,BG-1913_P,True,32,ALLWARA
2026-01-01,3978.290026956067,64229.549665127015,4204.47,587.9626336077495,2785.91,BG-1913_P,True,33,ALLWARA
2026-02-01,4178.863350043602,67846.44252761315,4408.0,561.9704875574615,3011.08,BG-1913_P,True,34,ALLWARA
2026-03-01,4195.762481479605,71505.0776291643,4566.17,537.1273799284659,3068.47,BG-1913_P,True,35,ALLWARA
2023-04-01,5673.773237693186,380.58355534537066,5999.71,5293.1896823478155,553.07,BG-0616_P,True,0,ALLWARA
2023-05-01,5649.1419782447565,1088.5386652555026,6029.04,4941.186868334625,570.38,BG-0616_P,True,1,ALLWARA
2023-06-01,5633.093153352288,2109.0391980892255,6083.82,4612.592620518565,571.03,BG-0616_P,True,2,ALLWARA
2023-07-01,5566.907729788738,3370.0966838386853,5887.53,4305.850244039279,763.92,BG-0616_P,True,3,ALLWARA
2023-08-01,5506.617547855669,4857.207665773356,6225.47,4019.506565920997,815.86,BG-0616_P,True,4,ALLWARA
2023-09-01,5449.508645046007,6554.511260063624,4533.64,3752.2050507557387,240.95,BG-0616_P,True,5,ALLWARA
2023-10-01,5379.854492296319,8431.686378158967,4372.24,3502.679374200977,240.83,BG-0616_P,True,6,ALLWARA
2023-11-01,5314.6014885278655,10476.540442840187,4358.6,3269.747423846645,238.61,BG-0616_P,True,7,ALLWARA
2023-12-01,5237.880088629696,12662.114832438943,4305.38,3052.3056990309406,289.79,BG-0616_P,True,8,ALLWARA
2024-01-01,5153.8725904979365,14966.663339862469,4489.2,2849.324083074411,281.35,BG-0616_P,True,9,ALLWARA
2024-02-01,5079.455761801588,17386.278138497957,4546.3,2659.8409631661,275.64,BG-0616_P,True,10,ALLWARA
2024-03-01,5005.443101402791,19908.762565118224,4253.66,2482.958674782523,287.18,BG-0616_P,True,11,ALLWARA
2024-04-01,4939.429005802151,22530.35232186269,4909.15,2317.839249057685,107.01,BG-0616_P,True,12,ALLWARA
2024-05-01,4984.463708884452,25351.11558778957,6111.23,2163.7004429575727,359.32,BG-0616_P,True,13,ALLWARA
2024-06-01,5087.228398154951,28418.5319524922,5876.01,2019.812033452318,377.29,BG-0616_P,True,14,ALLWARA
2024-07-01,5112.500682588711,31645.54027695101,5871.66,1885.4923581299024,419.28,BG-0616_P,True,15,ALLWARA
2024-08-01,5140.544813625392,35025.98000471363,5819.49,1760.1050858627752,434.76,BG-0616_P,True,16,ALLWARA
2024-09-01,5163.351487074663,38546.27528955967,5690.6,1643.0562022286233,417.4,BG-0616_P,True,17,ALLWARA
2024-10-01,5173.396007491627,42185.8801016474,5493.29,1533.7911954038977,409.77,BG-0616_P,True,18,ALLWARA
2024-11-01,5163.437583070252,45917.52525551919,5063.5,1431.7924291984602,405.76,BG-0616_P,True,19,ALLWARA
2024-12-01,5145.215742728538,49726.16430746148,4822.28,1336.5766907862503,406.09,BG-0616_P,True,20,ALLWARA
2025-01-01,5133.430109910803,53611.90151585778,4885.27,1247.6929015145017,398.69,BG-0616_P,True,21,ALLWARA
2025-02-01,5126.453685106136,57573.6352210173,4596.79,1164.719979946616,399.88,BG-0616_P,True,22,ALLWARA
2025-03-01,5118.873789079697,61605.24416308201,5078.43,1087.2648470149836,597.28,BG-0616_P,True,23,ALLWARA
2025-04-01,5110.293865736018,65700.57746498474,5837.33,1014.9605638332903,931.34,BG-0616_P,True,24,ALLWARA
2025-05-01,5101.507240383207,69854.62011202164,5985.53,947.4645933463108,902.63,BG-0616_P,True,25,ALLWARA
2025-06-01,5094.682196788561,74064.84513122834,4863.6,884.4571775818648,825.0,BG-0616_P,True,26,ALLWARA
2025-07-01,5077.566963185469,78316.77227159655,4820.6,825.6398228172632,854.72,BG-0616_P,True,27,ALLWARA
2025-08-01,5154.3117252350585,82700.3501113478,4674.24,770.7338854838179,2157.09,BG-0616_P,True,28,ALLWARA
2025-09-01,5221.1748412081515,87202.04570044573,4642.22,719.4792521102247,2645.43,BG-0616_P,True,29,ALLWARA
2025-10-01,5290.079324604615,91820.49191799921,4619.51,671.6331070511322,2772.7,BG-0616_P,True,30,ALLWARA
2025-11-01,5350.707607296497,96544.23074313262,4701.44,626.9687821630891,3228.25,BG-0616_P,True,31,ALLWARA
2025-12-01,5405.5242675713525,101364.48032772569,5961.36,585.2746829782777,2700.6,BG-0616_P,True,32,ALLWARA
2026-01-01,5449.4374493521955,106267.56449078902,6667.11,546.3532862888525,1490.32,BG-0616_P,True,33,ALLWARA
2026-02-01,5483.035856294128,111240.58014269016,5593.87,510.020204392999,2016.5,BG-0616_P,True,34,ALLWARA
2026-03-01,5081.2761619372295,115845.75299305776,5927.2,476.10331156963656,1852.27,BG-0616_P,True,35,ALLWARA
2023-04-01,5961.613735467624,230.16491735364812,6551.22,5731.448818113976,3814.13,BG-1362_P,True,0,ALLWARA
2023-05-01,5955.981497545751,666.978694843876,6308.26,5519.167720055524,3384.59,BG-1362_P,True,1,ALLWARA
2023-06-01,5956.128361204554,1308.3579779738484,6278.67,5314.749078074581,3298.44,BG-1362_P,True,2,ALLWARA
2023-07-01,5926.4133178503525,2116.8696128852307,6067.75,5117.90168293897,3096.63,BG-1362_P,True,3,ALLWARA
2023-08-01,5899.17549190695,3087.699993583531,5825.86,4928.3451112086495,3053.44,BG-1362_P,True,4,ALLWARA
2023-09-01,5872.740871444927,4214.631539276344,5747.04,4745.809325752114,3022.96,BG-1362_P,True,5,ALLWARA
2023-10-01,5837.459093503898,5482.056341721399,5810.84,4570.034291058842,3057.42,BG-1362_P,True,6,ALLWARA
2023-11-01,5803.191054140407,6884.477793062011,5023.66,4400.7696027997945,2691.22,BG-1362_P,True,7,ALLWARA
2023-12-01,5760.362067709975,8407.065729663764,5281.74,4237.774131108222,2869.99,BG-1362_P,True,8,ALLWARA
2024-01-01,5711.166386575297,10037.416439166442,5309.42,4080.8156770726196,3027.35,BG-1362_P,True,9,ALLWARA
2024-02-01,0.0,10037.416439166442,0.0,0.0,0.0,BG-1362_P,True,10,ALLWARA
2024-03-01,5618.425815926533,11871.718546447357,5726.8,3784.123708645618,3298.54,BG-1362_P,True,11,ALLWARA
2024-04-01,5574.143607278932,13801.894618773005,5858.47,3643.9675349532836,3481.07,BG-1362_P,True,12,ALLWARA
2024-05-01,5532.591387113711,15825.483547680604,5994.85,3509.0024582061133,3549.11,BG-1362_P,True,13,ALLWARA
2024-06-01,5521.389359454561,17967.836696305036,5900.27,3379.0362108301283,3504.84,BG-1362_P,True,14,ALLWARA
2024-07-01,5470.325845220775,20184.27889507823,5411.67,3253.88364644758,2618.04,BG-1362_P,True,15,ALLWARA
2024-08-01,5426.928016600522,22477.84043555629,4753.43,3133.366476122464,1700.26,BG-1362_P,True,16,ALLWARA
2024-09-01,5382.777153615112,24843.30457479645,4934.72,3017.3130143749513,1885.8,BG-1362_P,True,17,ALLWARA
2024-10-01,5332.91239410499,27270.659034298507,4640.85,2905.5579346029326,1919.9,BG-1362_P,True,18,ALLWARA
2024-11-01,5275.612935255133,29748.3299359914,5035.99,2797.942033562239,2895.55,BG-1362_P,True,19,ALLWARA
2024-12-01,5217.798561160319,32271.81649258169,4869.74,2694.3120045700343,2783.24,BG-1362_P,True,20,ALLWARA
2025-01-01,5161.061044670629,34838.35731814403,4847.76,2594.520219108291,2814.29,BG-1362_P,True,21,ALLWARA
2025-02-01,5109.90982143744,37449.84262306525,4827.46,2498.4245165162192,2698.94,BG-1362_P,True,22,ALLWARA
2025-03-01,5060.059574466689,40104.01419605987,4934.84,2405.8880014720626,2800.25,BG-1362_P,True,23,ALLWARA
2025-04-01,5011.124226512045,42798.359573596164,4833.35,2316.7788489757477,2794.74,BG-1362_P,True,24,ALLWARA
2025-05-01,4963.335910849201,45530.72536789079,4687.49,2230.9701165545794,3120.34,BG-1362_P,True,25,ALLWARA
2025-06-01,4916.081910516047,48298.467714982384,4843.16,2148.339563424448,3286.02,BG-1362_P,True,26,ALLWARA
2025-07-01,4863.880191042123,51093.57842967557,5164.87,2068.769476348938,3523.34,BG-1362_P,True,27,ALLWARA
2025-08-01,4804.459869943771,53905.89179767108,5318.08,1992.1465019482573,3698.88,BG-1362_P,True,28,ALLWARA
2025-09-01,4746.137133364381,56733.66744581637,5694.78,1918.361485219095,4040.69,BG-1362_P,True,29,ALLWARA
2025-10-01,4691.905056897339,59578.26318867833,5552.01,1847.3093140353774,4011.18,BG-1362_P,True,30,ALLWARA
2025-11-01,4640.6436782518695,62440.0180975218,5977.26,1778.8887694083946,4360.01,BG-1362_P,True,31,ALLWARA
2025-12-01,4591.416028303939,65318.431744532754,4950.2,1713.0023812929853,3566.33,BG-1362_P,True,32,ALLWARA
2026-01-01,4542.240065952405,68211.1155207508,4608.96,1649.5562897343632,3317.34,BG-1362_P,True,33,ALLWARA
2026-02-01,4494.464857930405,71117.12026752342,4352.77,1588.4601111577804,3163.26,BG-1362_P,True,34,ALLWARA
2026-03-01,4293.492747626131,73880.98620553901,4304.16,1529.6268096105493,3146.4,BG-1362_P,True,35,ALLWARA
2023-04-01,1468.965487325151,23.28388666368992,1470.72,1445.681600661461,645.53,BG-1855_P,True,0,ALLWARA
2023-05-01,1506.9196920104582,140.35585381928126,1462.97,1389.8477248548668,704.86,BG-1855_P,True,1,ALLWARA
2023-06-01,1458.7805470064159,262.9661836766207,1470.83,1336.1702171490765,709.63,BG-1855_P,True,2,ALLWARA
2023-07-01,1395.361892553848,373.76228008712246,1357.58,1284.5657961433462,691.36,BG-1855_P,True,3,ALLWARA
2023-08-01,1466.570282758083,605.3781659853883,1508.93,1234.9543968598173,706.74,BG-1855_P,True,4,ALLWARA
2023-09-01,1489.849738276781,907.96885774058,1569.24,1187.2590465215892,724.09,BG-1855_P,True,5,ALLWARA
2023-10-01,1457.3718231144776,1223.9349357266744,1560.02,1141.4057451283832,654.29,BG-1855_P,True,6,ALLWARA
2023-11-01,1453.9107287368938,1580.5223138190554,1557.63,1097.3233506445129,565.65,BG-1855_P,True,7,ALLWARA
2023-12-01,1450.7631152855877,1976.3419604836195,1528.81,1054.9434686210236,544.56,BG-1855_P,True,8,ALLWARA
2024-01-01,1447.2664303091933,2409.4080447120596,999.64,1014.200346080753,487.0,BG-1855_P,True,9,ALLWARA
2024-02-01,1456.6388201431073,2891.016095353495,681.79,975.0307695016717,432.22,BG-1855_P,True,10,ALLWARA
2024-03-01,1475.883740953856,3429.525869567128,885.97,937.3739667402225,499.24,BG-1855_P,True,11,ALLWARA
2024-04-01,1496.0291018547364,4024.38345867937,1510.61,901.1715127424943,851.49,BG-1855_P,True,12,ALLWARA
2024-05-01,1508.6803412818388,4666.696561064272,1584.86,866.367238896937,853.96,BG-1855_P,True,13,ALLWARA
2024-06-01,1516.7271705452217,5350.516585721516,1518.57,832.9071458879775,822.37,BG-1855_P,True,14,ALLWARA
2024-07-01,1494.4139971054772,6044.191262911662,1521.5,800.7393199153314,816.65,BG-1855_P,True,15,ALLWARA
2024-08-01,1489.2607998178364,6763.638210580481,1506.3,769.8138521490171,844.71,BG-1855_P,True,16,ALLWARA
2024-09-01,1496.935985098148,7520.491434383517,1474.27,740.0827612951123,852.84,BG-1855_P,True,17,ALLWARA
2024-10-01,1499.110808361182,8308.102323592591,1492.24,711.4999191521075,806.37,BG-1855_P,True,18,ALLWARA
2024-11-01,1493.6938642220591,9117.775208772291,1762.93,684.0209790423596,826.68,BG-1855_P,True,19,ALLWARA
2024-12-01,1486.8204165966154,9946.992318361303,1749.93,657.603307007603,821.72,BG-1855_P,True,20,ALLWARA
2025-01-01,1449.2704425909424,10764.056845290474,1749.59,632.2059156617707,806.67,BG-1855_P,True,21,ALLWARA
2025-02-01,1313.4377103506408,11469.70515504262,1691.12,607.7894005984932,809.08,BG-1855_P,True,22,ALLWARA
2025-03-01,1281.4395724378319,12166.828848225838,1652.95,584.3158792546137,819.02,BG-1855_P,True,23,ALLWARA
2025-04-01,1296.2410007066273,12901.320916797602,1354.41,561.7489321348633,745.46,BG-1855_P,True,24,ALLWARA
2025-05-01,1306.835383737441,13668.102754228536,1370.1,540.0535463065078,726.3,BG-1855_P,True,25,ALLWARA
2025-06-01,1313.8979841364494,14462.804677288692,1347.16,519.1960610762937,706.48,BG-1855_P,True,26,ALLWARA
2025-07-01,1293.9209826955118,15257.581544218789,1341.52,499.1441157654153,826.52,BG-1855_P,True,27,ALLWARA
2025-08-01,1254.5812737253912,16032.29621844271,1369.73,479.8665995014693,933.92,BG-1855_P,True,28,ALLWARA
2025-09-01,1195.942685454082,16766.90530094729,1399.84,461.33360294950444,971.91,BG-1855_P,True,29,ALLWARA
2025-10-01,1166.0301728202994,17489.419101860316,940.74,443.5163719072708,588.04,BG-1855_P,True,30,ALLWARA
2025-11-01,1168.6294045214668,18231.66124368911,947.81,426.3872626926749,578.44,BG-1855_P,True,31,ALLWARA
2025-12-01,1171.978817595721,18993.720362030606,949.2,409.9196992542221,591.57,BG-1855_P,True,32,ALLWARA
2026-01-01,1173.4397710736544,19773.072001166358,935.16,394.08813193790223,576.47,BG-1855_P,True,33,ALLWARA
2026-02-01,1172.7304609468106,20566.934464266622,1143.14,378.8679978465463,730.1,BG-1855_P,True,34,ALLWARA
2026-03-01,1117.1013470589605,21319.800128595434,1161.61,364.23568273014826,756.28,BG-1855_P,True,35,ALLWARA
2023-04-01,957.9449210665896,9.681878290154916,956.16,948.2630427764346,362.0,BG-0250_P,True,0,ALLWARA
2023-05-01,968.6654595091651,72.34452702978375,951.53,906.0028107695363,366.67,BG-0250_P,True,1,ALLWARA
2023-06-01,1000.3383234977321,207.05690488384067,957.98,865.6259456436752,363.92,BG-0250_P,True,2,ALLWARA
2023-07-01,1023.2707645122979,403.2791560090079,927.8,827.0485133871307,294.62,BG-0250_P,True,3,ALLWARA
2023-08-01,1033.2262599531748,646.3150953760348,907.44,790.1903205861478,360.23,BG-0250_P,True,4,ALLWARA
2023-09-01,1021.0770893053618,912.4174369597172,930.23,754.9747477216794,331.65,BG-0250_P,True,5,ALLWARA
2023-10-01,996.9042097040256,1187.993056768326,912.11,721.3285898954168,335.17,BG-0250_P,True,6,ALLWARA
2023-11-01,979.4995756211285,1478.3107277354407,904.01,689.1819046540137,328.29,BG-0250_P,True,7,ALLWARA
2023-12-01,964.9698064748717,1784.812667615147,905.27,658.4678665951653,322.45,BG-0250_P,True,8,ALLWARA
2024-01-01,955.7662333440591,2111.4562725059004,962.08,629.1226284533054,373.49,BG-0250_P,True,9,ALLWARA
2024-02-01,960.0240383911663,2470.395122520918,964.32,601.0851883761488,378.43,BG-0250_P,True,10,ALLWARA
2024-03-01,967.3836304521175,2863.481489856856,938.5,574.2972631161795,394.3,BG-0250_P,True,11,ALLWARA
2024-04-01,977.9408029640574,3292.7191259474353,933.49,548.7031668734784,405.71,BG-0250_P,True,12,ALLWARA
2024-05-01,0.0,3292.7191259474353,0.0,0.0,0.0,BG-0250_P,True,13,ALLWARA
2024-06-01,0.0,3292.7191259474353,0.0,0.0,0.0,BG-0250_P,True,14,ALLWARA
2024-07-01,0.0,3292.7191259474353,0.0,0.0,0.0,BG-0250_P,True,15,ALLWARA
2024-08-01,0.0,3292.7191259474353,0.0,0.0,0.0,BG-0250_P,True,16,ALLWARA
2024-09-01,0.0,3292.7191259474353,0.0,0.0,0.0,BG-0250_P,True,17,ALLWARA
2024-10-01,0.0,3292.7191259474353,0.0,0.0,0.0,BG-0250_P,True,18,ALLWARA
2024-11-01,1057.5784027715108,3951.5091371263106,1206.57,398.7883915926356,664.98,BG-0250_P,True,19,ALLWARA
2024-12-01,1067.7823867252744,4638.275511008435,1165.05,381.0160128431497,573.07,BG-0250_P,True,20,ALLWARA
2025-01-01,1073.8561199273422,5348.095954111999,1164.04,364.0356768237789,562.63,BG-0250_P,True,21,ALLWARA
2025-02-01,1061.5549262198756,6061.838794924584,1126.89,347.8120854072902,564.31,BG-0250_P,True,22,ALLWARA
2025-03-01,1031.4766508188932,6761.003932182875,1135.05,332.31151356060207,618.38,BG-0250_P,True,23,ALLWARA
2025-04-01,1011.2527050454405,7454.754897989948,1122.82,317.5017392383673,753.87,BG-0250_P,True,24,ALLWARA
2025-05-01,1024.712382524268,8176.115304113301,1131.12,303.3519764009153,704.07,BG-0250_P,True,25,ALLWARA
2025-06-01,1038.5509547034478,8924.833447799438,1114.68,289.8328110173116,661.31,BG-0250_P,True,26,ALLWARA
2025-07-01,1053.1950617429718,9701.112369621907,1130.16,276.91613992050196,685.03,BG-0250_P,True,27,ALLWARA
2025-08-01,1059.152358815501,10495.689616049975,1153.45,264.5751123874336,729.9,BG-0250_P,True,28,ALLWARA
2025-09-01,1068.5342843098774,11311.439826037138,1166.78,252.78407432271354,785.59,BG-0250_P,True,29,ALLWARA
2025-10-01,1080.5711570393469,12150.492468146711,1197.8,241.51851492977457,848.58,BG-0250_P,True,30,ALLWARA
2025-11-01,1093.7726691933915,13013.510121581412,1260.25,230.7550157586905,919.64,BG-0250_P,True,31,ALLWARA
2025-12-01,1106.972121322441,13900.01104087913,1270.13,220.47120202472337,940.4,BG-0250_P,True,32,ALLWARA
2026-01-01,1120.2918770672668,14809.657221849991,1325.68,210.6456960964055,967.32,BG-0250_P,True,33,ALLWARA
2026-02-01,1131.4780253868,15739.877174180323,1384.72,201.2580730564686,1013.43,BG-0250_P,True,34,ALLWARA
2026-03-01,1115.0244111919435,16662.612767129023,1431.49,192.28881824324176,1043.38,BG-0250_P,True,35,ALLWARA
2023-04-01,915.5378343197893,38.58133740822686,971.63,876.9564969115625,162.35,BG-0989_P,True,0,ALLWARA
2023-05-01,994.4967652461672,249.21043423665196,961.09,783.8676684177422,164.45,BG-0989_P,True,1,ALLWARA
2023-06-01,880.5960043422879,429.1462305131889,969.01,700.6602080657509,166.98,BG-0989_P,True,2,ALLWARA
2023-07-01,746.7138228696833,549.5748435875939,937.66,626.2852097952783,172.73,BG-0989_P,True,3,ALLWARA
2023-08-01,893.9897679684295,883.7595027556845,989.78,559.805108800339,174.25,BG-0989_P,True,4,ALLWARA
2023-09-01,906.7322733234471,1290.109913410846,700.75,500.3818626682856,123.16,BG-0989_P,True,5,ALLWARA
2023-10-01,808.4759904387872,1651.3195167601139,585.44,447.2663870895194,108.17,BG-0989_P,True,6,ALLWARA
2023-11-01,810.2494408996222,2061.7798446943693,582.33,399.7891129653667,105.97,BG-0989_P,True,7,ALLWARA
2023-12-01,814.8893563910564,2519.317655207589,574.69,357.35154587783694,102.02,BG-0989_P,True,8,ALLWARA
2024-01-01,815.0215389744028,3014.9204726613225,594.23,319.41872152066907,99.03,BG-0989_P,True,9,ALLWARA
2024-02-01,0.0,3014.9204726613225,0.0,0.0,0.0,BG-0989_P,True,10,ALLWARA
2024-03-01,867.989152883192,3627.7042776521685,570.98,255.2053478923457,101.63,BG-0989_P,True,11,ALLWARA
2024-04-01,0.0,3627.7042776521685,0.0,0.0,0.0,BG-0989_P,True,12,ALLWARA
2024-05-01,901.2407018716042,4325.044064502927,1581.59,203.90091502084607,651.05,BG-0989_P,True,13,ALLWARA
2024-06-01,893.8329433080185,5036.620150819152,1236.97,182.25685699179346,221.86,BG-0989_P,True,14,ALLWARA
2024-07-01,0.0,5036.620150819152,0.0,0.0,0.0,BG-0989_P,True,15,ALLWARA
2024-08-01,0.0,5036.620150819152,0.0,0.0,0.0,BG-0989_P,True,16,ALLWARA
2024-09-01,0.0,5036.620150819152,0.0,0.0,0.0,BG-0989_P,True,17,ALLWARA
2024-10-01,0.0,5036.620150819152,0.0,0.0,0.0,BG-0989_P,True,18,ALLWARA
2024-11-01,0.0,5036.620150819152,0.0,0.0,0.0,BG-0989_P,True,19,ALLWARA
2024-12-01,0.0,5036.620150819152,0.0,0.0,0.0,BG-0989_P,True,20,ALLWARA
2025-01-01,0.0,5036.620150819152,0.0,0.0,0.0,BG-0989_P,True,21,ALLWARA
2025-02-01,0.0,5036.620150819152,0.0,0.0,0.0,BG-0989_P,True,22,ALLWARA
2025-03-01,0.0,5036.620150819152,0.0,0.0,0.0,BG-0989_P,True,23,ALLWARA
2025-04-01,0.0,5036.620150819152,0.0,0.0,0.0,BG-0989_P,True,24,ALLWARA
2025-05-01,750.2829663456034,5733.864084147537,807.47,53.03903301721795,572.43,BG-0989_P,True,25,ALLWARA
2025-06-01,0.0,5733.864084147537,0.0,0.0,0.0,BG-0989_P,True,26,ALLWARA
2025-07-01,0.0,5733.864084147537,0.0,0.0,0.0,BG-0989_P,True,27,ALLWARA
2025-08-01,0.0,5733.864084147537,0.0,0.0,0.0,BG-0989_P,True,28,ALLWARA
2025-09-01,628.3727474920862,6328.3793692074105,865.68,33.857462432213154,209.08,BG-0989_P,True,29,ALLWARA
2025-10-01,621.8943981279119,6920.010270538449,863.19,30.263496796873206,209.18,BG-0989_P,True,30,ALLWARA
2025-11-01,674.410043074757,7567.369283424277,904.66,27.051030188929808,212.62,BG-0989_P,True,31,ALLWARA
2025-12-01,712.6380295368034,8255.827746429364,775.66,24.179566531716738,158.47,BG-0989_P,True,32,ALLWARA
2026-01-01,736.8629176280779,8971.077755655122,754.14,21.61290840231937,143.06,BG-0989_P,True,33,ALLWARA
2026-02-01,751.2482425952858,9703.00729752042,744.36,19.318700729987086,144.07,BG-0989_P,True,34,ALLWARA
2026-03-01,646.7145495305485,10332.453824120064,775.96,17.268022930905143,148.35,BG-0989_P,True,35,ALLWARA
2023-04-01,3686.444379007921,0.006513517703240395,3245.59,3686.4378654902175,1753.14,BG-0080_P,True,0,ALLWARA
2023-05-01,3600.8914412281115,0.02183362596279524,3236.99,3600.876121119852,1894.18,BG-0080_P,True,1,ALLWARA
2023-06-01,3517.3252032828586,0.04678317813574395,3253.49,3517.3002537306857,1896.95,BG-0080_P,True,2,ALLWARA
2023-07-01,3435.697239889247,0.0798516916368105,3112.07,3435.6641713757463,1790.51,BG-0080_P,True,3,ALLWARA
2023-08-01,0.0,0.0798516916368105,0.0,0.0,0.0,BG-0080_P,True,4,ALLWARA
2023-09-01,3278.0791628081106,0.12669640820293276,4064.03,3278.0323180915443,1580.57,BG-0080_P,True,5,ALLWARA
2023-10-01,3202.001500193472,0.17858313508703205,4077.14,3201.949613466588,1593.28,BG-0080_P,True,6,ALLWARA
2023-11-01,3127.6900438074936,0.23584840189185624,4011.14,3127.632778540689,1616.89,BG-0080_P,True,7,ALLWARA
2023-12-01,3055.103240259047,0.29826095360186244,3835.81,3055.040827707337,1728.63,BG-0080_P,True,8,ALLWARA
2024-01-01,2984.2010555693537,0.3655898923281362,3190.97,2984.1337266306273,1119.07,BG-0080_P,True,9,ALLWARA
2024-02-01,2914.944988348605,0.43820807453698035,3009.0,2914.872370166396,1153.63,BG-0080_P,True,10,ALLWARA
2024-03-01,2847.296269528691,0.5159168074269253,2902.48,2847.2185607958013,1318.69,BG-0080_P,True,11,ALLWARA
2024-04-01,2781.2177569274113,0.5986861753854509,2255.37,2781.134987559453,1075.96,BG-0080_P,True,12,ALLWARA
2024-05-01,2771.92145719546,55.93493789035798,2403.86,2716.5852054804873,1094.73,BG-0080_P,True,13,ALLWARA
2024-06-01,2770.265191909356,172.66651433449212,2296.41,2653.533615465222,1058.33,BG-0080_P,True,14,ALLWARA
2024-07-01,2767.0576788089406,347.7787484731136,2382.4,2591.9454446703194,762.39,BG-0080_P,True,15,ALLWARA
2024-08-01,2761.2325826036486,577.2246037511395,2430.95,2531.7867273256225,675.24,BG-0080_P,True,16,ALLWARA
2024-09-01,2755.753881512453,859.9541992615032,2398.51,2473.0242860020894,704.26,BG-0080_P,True,17,ALLWARA
2024-10-01,2750.7021999833732,1195.0306859303744,2324.74,2415.625713314502,691.4,BG-0080_P,True,18,ALLWARA
2024-11-01,2743.3234617511494,1578.7947936326793,2463.57,2359.5593540488444,731.46,BG-0080_P,True,19,ALLWARA
2024-12-01,2733.166831568808,2007.1673374969755,2445.82,2304.794287704512,741.24,BG-0080_P,True,20,ALLWARA
2025-01-01,2725.961366423272,2481.8283924785446,2486.12,2251.300311441703,804.27,BG-0080_P,True,21,ALLWARA
2025-02-01,2717.593054825661,3000.3735238795957,2448.05,2199.04792342461,861.67,BG-0080_P,True,22,ALLWARA
2025-03-01,2708.972027323232,3561.3372446516246,2453.92,2148.008306551203,887.76,BG-0080_P,True,23,ALLWARA
2025-04-01,2699.921059403109,4163.104991494081,2379.74,2098.153312560652,956.42,BG-0080_P,True,24,ALLWARA
2025-05-01,2690.594089944257,4804.243634928734,2387.27,2049.455446509605,1046.48,BG-0080_P,True,25,ALLWARA
2025-06-01,2682.622572729584,5484.97835604954,2357.81,2001.8878516087782,1011.28,BG-0080_P,True,26,ALLWARA
2025-07-01,2674.2917396727216,6203.845801310782,2367.26,1955.4242944114797,1060.93,BG-0080_P,True,27,ALLWARA
2025-08-01,2722.897825176029,7016.704476140899,2417.01,1910.039150345912,1126.89,BG-0080_P,True,28,ALLWARA
2025-09-01,2769.0826983489756,7920.079784906612,3066.85,1865.7073895832623,1461.64,BG-0080_P,True,29,ALLWARA
2025-10-01,2816.037342018441,8913.712563691259,3483.5,1822.4045632337945,1957.33,BG-0080_P,True,30,ALLWARA
2025-11-01,2859.192155720858,9992.797929548786,3590.88,1780.1067898633316,1999.61,BG-0080_P,True,31,ALLWARA
2025-12-01,2900.196636320676,11154.203823546777,3533.47,1738.7907423226839,2270.15,BG-0080_P,True,32,ALLWARA
2026-01-01,2937.7366820778766,12393.506870741889,3464.59,1698.4336348827658,2320.87,BG-0080_P,True,33,ALLWARA
2026-02-01,2970.509723980236,13705.003384053818,3464.38,1659.0132106683066,2298.72,BG-0080_P,True,34,ALLWARA
2026-03-01,2907.8678296570465,14992.363484327643,3635.46,1620.5077293832219,1938.49,BG-0080_P,True,35,ALLWARA
2023-04-01,2322.1679271966404,5.039385087922911,1905.59,2317.1285421087177,1293.05,BG-1151_P,True,0,ALLWARA
2023-05-01,2230.9412185276597,18.76374693213336,2071.31,2217.2168566834494,1434.96,BG-1151_P,True,1,ALLWARA
2023-06-01,2147.020028576324,44.17053730314238,2136.69,2121.613238205315,1496.59,BG-1151_P,True,2,ALLWARA
2023-07-01,2049.8015664557324,63.84017554456444,1863.06,2030.1319282143102,1200.49,BG-1151_P,True,3,ALLWARA
2023-08-01,1958.17864384874,79.42364147034824,1830.0,1942.595177922956,1212.99,BG-1151_P,True,4,ALLWARA
2023-09-01,1872.4688807909904,93.05961941210387,1827.28,1858.8329028492349,1390.92,BG-1151_P,True,5,ALLWARA
2023-10-01,1791.7499834913863,106.12725056216757,1765.54,1778.6823523413225,1254.98,BG-1151_P,True,6,ALLWARA
2023-11-01,1744.500674273794,148.64013148396228,1639.07,1701.9877933519992,1061.82,BG-1151_P,True,7,ALLWARA
2023-12-01,1693.905917439348,213.94584107499531,1682.8,1628.600207848315,1109.84,BG-1151_P,True,8,ALLWARA
2024-01-01,1635.1207134189297,290.68955122535493,1706.19,1558.37700326857,1149.26,BG-1151_P,True,9,ALLWARA
2024-02-01,1569.2898903296236,368.79770609094953,1723.23,1491.181735464029,1177.93,BG-1151_P,True,10,ALLWARA
2024-03-01,1506.4440916103702,448.3579541142774,1790.03,1426.8838435870423,1200.38,BG-1151_P,True,11,ALLWARA
2024-04-01,1444.4406599521806,527.4402176560003,1792.62,1365.3583964104578,1218.21,BG-1151_P,True,12,ALLWARA
2024-05-01,1382.0738098192587,603.0281778898313,1659.62,1306.4858495854276,1205.58,BG-1151_P,True,13,ALLWARA
2024-06-01,1317.6144963121358,670.4908608360194,1497.22,1250.1518133659476,1155.04,BG-1151_P,True,14,ALLWARA
2024-07-01,1258.7583395224551,733.0023700096431,1531.18,1196.2468303488313,1185.38,BG-1151_P,True,15,ALLWARA
2024-08-01,0.0,733.0023700096431,0.0,0.0,0.0,BG-1151_P,True,16,ALLWARA
2024-09-01,0.0,733.0023700096431,0.0,0.0,0.0,BG-1151_P,True,17,ALLWARA
2024-10-01,0.0,733.0023700096431,0.0,0.0,0.0,BG-1151_P,True,18,ALLWARA
2024-11-01,0.0,733.0023700096431,0.0,0.0,0.0,BG-1151_P,True,19,ALLWARA
2024-12-01,0.0,733.0023700096431,0.0,0.0,0.0,BG-1151_P,True,20,ALLWARA
2025-01-01,0.0,733.0023700096431,0.0,0.0,0.0,BG-1151_P,True,21,ALLWARA
2025-02-01,0.0,733.0023700096431,0.0,0.0,0.0,BG-1151_P,True,22,ALLWARA
2025-03-01,0.0,733.0023700096431,0.0,0.0,0.0,BG-1151_P,True,23,ALLWARA
2025-04-01,0.0,733.0023700096431,0.0,0.0,0.0,BG-1151_P,True,24,ALLWARA
2025-05-01,0.0,733.0023700096431,0.0,0.0,0.0,BG-1151_P,True,25,ALLWARA
2025-06-01,0.0,733.0023700096431,0.0,0.0,0.0,BG-1151_P,True,26,ALLWARA
2025-07-01,0.0,733.0023700096431,0.0,0.0,0.0,BG-1151_P,True,27,ALLWARA
2025-08-01,0.0,733.0023700096431,0.0,0.0,0.0,BG-1151_P,True,28,ALLWARA
2025-09-01,0.0,733.0023700096431,0.0,0.0,0.0,BG-1151_P,True,29,ALLWARA
2025-10-01,0.0,733.0023700096431,0.0,0.0,0.0,BG-1151_P,True,30,ALLWARA
2025-11-01,0.0,733.0023700096431,0.0,0.0,0.0,BG-1151_P,True,31,ALLWARA
2025-12-01,0.0,733.0023700096431,0.0,0.0,0.0,BG-1151_P,True,32,ALLWARA
2026-01-01,0.0,733.0023700096431,0.0,0.0,0.0,BG-1151_P,True,33,ALLWARA
2026-02-01,0.0,733.0023700096431,0.0,0.0,0.0,BG-1151_P,True,34,ALLWARA
2026-03-01,0.0,733.0023700096431,0.0,0.0,0.0,BG-1151_P,True,35,ALLWARA
2023-04-01,3391.004664683521,45.397272199155445,3488.5,3345.6073924843654,2621.24,BG-1361_P,True,0,ALLWARA
2023-05-01,3362.149598520279,133.77038060656918,3312.91,3273.7764901128653,2549.59,BG-1361_P,True,1,ALLWARA
2023-06-01,3339.59797233274,269.8805404446467,3208.67,3203.4878124946626,2845.14,BG-1361_P,True,2,ALLWARA
2023-07-01,3319.7677410255583,454.9400337339529,3061.65,3134.7082477362524,2543.95,BG-1361_P,True,3,ALLWARA
2023-08-01,3300.6460660679113,688.1807049383376,3017.58,3067.4053948635265,2341.21,BG-1361_P,True,4,ALLWARA
2023-09-01,3284.086070466915,970.7192268470686,2982.41,3001.5475485581837,2317.83,BG-1361_P,True,5,ALLWARA
2023-10-01,3263.350240977237,1296.9657836024558,3015.78,2937.1036842218496,2344.09,BG-1361_P,True,6,ALLWARA
2023-11-01,3242.9381866036215,1665.8605268451997,3028.52,2874.0434433608775,2485.94,BG-1361_P,True,7,ALLWARA
2023-12-01,3221.3982750539367,2074.9216826142006,3149.47,2812.337119284936,2777.7,BG-1361_P,True,8,ALLWARA
2024-01-01,3198.1048595681063,2521.0708990696517,3237.73,2751.9556431126553,2876.36,BG-1361_P,True,9,ALLWARA
2024-02-01,3176.1052943979175,3004.3056233898387,3301.93,2692.8705700777305,2948.1,BG-1361_P,True,10,ALLWARA
2024-03-01,3153.65895411083,3522.910511371628,3386.89,2635.0540661290406,3004.28,BG-1361_P,True,11,ALLWARA
2024-04-01,3131.115513931152,4075.547130484318,3421.77,2578.478894818462,3049.04,BG-1361_P,True,12,ALLWARA
2024-05-01,3108.934896441367,4661.3636224554775,3054.95,2523.118404470208,2739.14,BG-1361_P,True,13,ALLWARA
2024-06-01,3095.478217620597,5287.895324450436,2899.37,2468.9465156256383,2628.52,BG-1361_P,True,14,ALLWARA
2024-07-01,3072.0347627943916,5943.992378487192,2973.02,2415.9377087576368,2699.15,BG-1361_P,True,15,ALLWARA
2024-08-01,3046.6105457544704,6626.535911992897,2767.91,2364.0670122487654,2497.77,BG-1361_P,True,16,ALLWARA
2024-09-01,3021.817349026893,7335.04327039227,3342.96,2313.3099906275206,2959.33,BG-1361_P,True,17,ALLWARA
2024-10-01,2997.7595474250797,8069.160084760177,3307.6,2263.6427330571723,2952.38,BG-1361_P,True,18,ALLWARA
2024-11-01,2974.131520738118,8828.249763426555,3309.85,2215.041842071741,2963.49,BG-1361_P,True,19,ALLWARA
2024-12-01,2950.234250156293,9610.999591029029,3187.07,2167.4844225538177,2836.74,BG-1361_P,True,20,ALLWARA
2025-01-01,2885.810424931659,10375.861945011651,3209.81,2120.9480709490363,2868.39,BG-1361_P,True,21,ALLWARA
2025-02-01,2842.9368116615624,11143.387891961109,3108.21,2075.410864712105,2750.82,BG-1361_P,True,22,ALLWARA
2025-03-01,0.0,11143.387891961109,0.0,0.0,0.0,BG-1361_P,True,23,ALLWARA
2025-04-01,0.0,11143.387891961109,0.0,0.0,0.0,BG-1361_P,True,24,ALLWARA
2025-05-01,0.0,11143.387891961109,0.0,0.0,0.0,BG-1361_P,True,25,ALLWARA
2025-06-01,0.0,11143.387891961109,0.0,0.0,0.0,BG-1361_P,True,26,ALLWARA
2025-07-01,0.0,11143.387891961109,0.0,0.0,0.0,BG-1361_P,True,27,ALLWARA
2025-08-01,0.0,11143.387891961109,0.0,0.0,0.0,BG-1361_P,True,28,ALLWARA
2025-09-01,0.0,11143.387891961109,0.0,0.0,0.0,BG-1361_P,True,29,ALLWARA
2025-10-01,0.0,11143.387891961109,0.0,0.0,0.0,BG-1361_P,True,30,ALLWARA
2025-11-01,0.0,11143.387891961109,0.0,0.0,0.0,BG-1361_P,True,31,ALLWARA
2025-12-01,0.0,11143.387891961109,0.0,0.0,0.0,BG-1361_P,True,32,ALLWARA
2026-01-01,0.0,11143.387891961109,0.0,0.0,0.0,BG-1361_P,True,33,ALLWARA
2026-02-01,0.0,11143.387891961109,0.0,0.0,0.0,BG-1361_P,True,34,ALLWARA
2026-03-01,0.0,11143.387891961109,0.0,0.0,0.0,BG-1361_P,True,35,ALLWARA
2023-04-01,0.0,0.0,0.0,0.0,0.0,BG-1356_P,True,0,ALLWARA
2023-05-01,0.0,0.0,0.0,0.0,0.0,BG-1356_P,True,1,ALLWARA
2023-06-01,0.0,0.0,0.0,0.0,0.0,BG-1356_P,True,2,ALLWARA
2023-07-01,2695.0950997131476,2695.0950997131476,2736.01,0.0,2123.69,BG-1356_P,True,3,ALLWARA
2023-08-01,2747.017065467844,5442.112165180992,2667.67,0.0,2082.1,BG-1356_P,True,4,ALLWARA
2023-09-01,2656.484456748845,8098.596621929837,2621.51,0.0,2166.43,BG-1356_P,True,5,ALLWARA
2023-10-01,2277.1080149168815,10375.704636846718,2651.36,0.0,2191.34,BG-1356_P,True,6,ALLWARA
2023-11-01,2240.696746865919,12616.401383712637,2678.1,0.0,2206.62,BG-1356_P,True,7,ALLWARA
2023-12-01,2276.775736407919,14893.177120120556,2816.93,0.0,2307.79,BG-1356_P,True,8,ALLWARA
2024-01-01,2301.1320694691112,17194.309189589665,2884.66,0.0,2389.76,BG-1356_P,True,9,ALLWARA
2024-02-01,2324.6052475938623,19518.91443718353,2890.78,0.0,2575.58,BG-1356_P,True,10,ALLWARA
2024-03-01,2311.8078357276927,21830.72227291122,2882.64,0.0,2717.99,BG-1356_P,True,11,ALLWARA
2024-04-01,2338.348809953437,24169.07108286466,2918.89,0.0,2758.48,BG-1356_P,True,12,ALLWARA
2024-05-01,2354.749326033565,26523.820408898224,2970.5,0.0,2790.7,BG-1356_P,True,13,ALLWARA
2024-06-01,2392.7392107127876,28916.559619611013,2997.53,0.0,2580.54,BG-1356_P,True,14,ALLWARA
2024-07-01,2395.873214340987,31312.432833952,3067.27,0.0,2672.67,BG-1356_P,True,15,ALLWARA
2024-08-01,2349.5543141309363,33661.98714808294,2854.83,0.0,2508.21,BG-1356_P,True,16,ALLWARA
2024-09-01,2312.9515090539844,35974.938657136925,2988.6,0.0,2627.75,BG-1356_P,True,17,ALLWARA
2024-10-01,2274.1352952694733,38249.0739524064,2927.64,0.0,2599.47,BG-1356_P,True,18,ALLWARA
2024-11-01,2214.9617165506306,40464.035668957025,2968.95,0.0,2629.74,BG-1356_P,True,19,ALLWARA
2024-12-01,2171.0143375917314,42635.05000654876,2822.9,0.0,2496.35,BG-1356_P,True,20,ALLWARA
2025-01-01,2084.784130263396,44719.834136812155,2842.45,0.0,2524.19,BG-1356_P,True,21,ALLWARA
2025-02-01,0.0,44719.834136812155,0.0,0.0,0.0,BG-1356_P,True,22,ALLWARA
2025-03-01,0.0,44719.834136812155,0.0,0.0,0.0,BG-1356_P,True,23,ALLWARA
2025-04-01,0.0,44719.834136812155,0.0,0.0,0.0,BG-1356_P,True,24,ALLWARA
2025-05-01,0.0,44719.834136812155,0.0,0.0,0.0,BG-1356_P,True,25,ALLWARA
2025-06-01,0.0,44719.834136812155,0.0,0.0,0.0,BG-1356_P,True,26,ALLWARA
2025-07-01,0.0,44719.834136812155,0.0,0.0,0.0,BG-1356_P,True,27,ALLWARA
2025-08-01,0.0,44719.834136812155,0.0,0.0,0.0,BG-1356_P,True,28,ALLWARA
2025-09-01,0.0,44719.834136812155,0.0,0.0,0.0,BG-1356_P,True,29,ALLWARA
2025-10-01,0.0,44719.834136812155,0.0,0.0,0.0,BG-1356_P,True,30,ALLWARA
2025-11-01,0.0,44719.834136812155,0.0,0.0,0.0,BG-1356_P,True,31,ALLWARA
2025-12-01,0.0,44719.834136812155,0.0,0.0,0.0,BG-1356_P,True,32,ALLWARA
2026-01-01,0.0,44719.834136812155,0.0,0.0,0.0,BG-1356_P,True,33,ALLWARA
2026-02-01,0.0,44719.834136812155,0.0,0.0,0.0,BG-1356_P,True,34,ALLWARA
2026-03-01,0.0,44719.834136812155,0.0,0.0,0.0,BG-1356_P,True,35,ALLWARA
2023-04-01,3622.596820467712,26.017772983605152,3450.94,3596.579047484107,3076.86,BG-0210_P,True,0,ALLWARA
2023-05-01,3609.548338566836,184.4432600847926,3505.95,3451.122851465648,2785.19,BG-0210_P,True,1,ALLWARA
2023-06-01,3551.313870021322,424.20779985021807,3517.37,3311.5493302558966,2773.58,BG-0210_P,True,2,ALLWARA
2023-07-01,3562.9798027599504,809.5670313630437,3395.49,3177.6205712471246,2696.81,BG-0210_P,True,3,ALLWARA
2023-08-01,3677.8333810694267,1438.2921287178365,3777.43,3049.1082837146337,3043.26,BG-0210_P,True,4,ALLWARA
2023-09-01,3693.2197198515323,2205.718438889757,3827.01,2925.7934096796116,2942.02,BG-0210_P,True,5,ALLWARA
2023-10-01,3616.234839262557,3014.4875276424827,3825.84,2807.4657505098317,2972.93,BG-0210_P,True,6,ALLWARA
2023-11-01,3565.9348544567447,3886.498773477513,3605.84,2693.9236086217147,2859.81,BG-0210_P,True,7,ALLWARA
2023-12-01,3508.5298459197593,4810.055175724258,3078.67,2584.973443673014,2436.76,BG-0210_P,True,8,ALLWARA
2024-01-01,3453.5964876217167,5783.222120685908,3056.26,2480.429542660068,2306.38,BG-0210_P,True,9,ALLWARA
2024-02-01,3423.876937042834,6826.985354371447,3309.63,2380.1137033572945,2800.78,BG-0210_P,True,10,ALLWARA
2024-03-01,3397.8604206918158,7940.990844503952,3480.24,2283.854930559311,3070.89,BG-0210_P,True,11,ALLWARA
2024-04-01,3366.5057417789767,9116.007441675003,3555.73,2191.489144607925,3158.84,BG-0210_P,True,12,ALLWARA
2024-05-01,3328.894434607312,10342.042974575183,3354.22,2102.8589017071326,2916.06,BG-0210_P,True,13,ALLWARA
2024-06-01,3312.304476068104,11636.534325093873,3196.18,2017.8131255494143,2801.67,BG-0210_P,True,14,ALLWARA
2024-07-01,3237.0953666525174,12937.422841950556,3111.98,1936.2068497958346,2738.67,BG-0210_P,True,15,ALLWARA
2024-08-01,3200.0804729810648,14279.602343960609,3233.2,1857.900970971012,2797.74,BG-0210_P,True,16,ALLWARA
2024-09-01,3167.8587839242537,15664.699116533127,3313.84,1782.7620113517353,2831.58,BG-0210_P,True,17,ALLWARA
2024-10-01,3128.2533554032825,17082.29058049135,3244.32,1710.6618914450598,2779.47,BG-0210_P,True,18,ALLWARA
2024-11-01,3072.8002979216244,18513.613166744915,3227.97,1641.4777116680577,2805.58,BG-0210_P,True,19,ALLWARA
2024-12-01,3004.2512562905913,19942.772880178432,3147.58,1575.091542857076,2746.13,BG-0210_P,True,20,ALLWARA
2025-01-01,2916.58263748848,21347.965292417495,3104.09,1511.3902252494172,2696.21,BG-0210_P,True,21,ALLWARA
2025-02-01,2742.746172996209,22640.446289818916,2840.47,1450.2651755947886,2498.17,BG-0210_P,True,22,ALLWARA
2025-03-01,2628.5292262677062,23877.36331401889,2712.99,1391.6122020677299,2405.6,BG-0210_P,True,23,ALLWARA
2025-04-01,2572.402774100566,25114.434761453933,2711.18,1335.3313266655223,2414.95,BG-0210_P,True,24,ALLWARA
2025-05-01,2564.3636514275263,26397.471798092607,2667.17,1281.326614788852,2349.7,BG-0210_P,True,25,ALLWARA
2025-06-01,2550.4288997011627,27718.394686079046,2488.73,1229.5060117147248,2168.53,BG-0210_P,True,26,ALLWARA
2025-07-01,2511.6133345484905,29050.226834944635,2468.19,1179.781185682901,2154.39,BG-0210_P,True,27,ALLWARA
2025-08-01,2405.3733591431283,30323.532816759394,2527.74,1132.0673773283686,2165.8,BG-0210_P,True,28,ALLWARA
2025-09-01,2303.6415754356876,31540.891136991868,2566.52,1086.283255203216,2055.63,BG-0210_P,True,29,ALLWARA
2025-10-01,0.0,31540.891136991868,0.0,0.0,0.0,BG-0210_P,True,30,ALLWARA
2025-11-01,0.0,31540.891136991868,0.0,0.0,0.0,BG-0210_P,True,31,ALLWARA
2025-12-01,2165.1790761912,32746.32597501607,2000.28,959.744238167,1048.22,BG-0210_P,True,32,ALLWARA
2026-01-01,2131.4783977386724,33956.87500399317,2382.22,920.9293687615689,1126.94,BG-0210_P,True,33,ALLWARA
2026-02-01,2095.0832700894625,35168.273987665474,2274.26,883.6842864171554,1365.26,BG-0210_P,True,34,ALLWARA
2026-03-01,0.0,35168.273987665474,0.0,0.0,0.0,BG-0210_P,True,35,ALLWARA
2023-04-01,2364.6708353382865,14.285251361999178,2311.14,2350.3855839762873,1336.32,BG-0249_P,True,0,ALLWARA
2023-05-01,2341.0020193523565,105.71255899402686,2242.91,2249.5747117203287,1312.48,BG-0249_P,True,1,ALLWARA
2023-06-01,2344.936423816411,297.5612434573468,2236.15,2153.0877393530914,1303.79,BG-0249_P,True,2,ALLWARA
2023-07-01,2330.566044894736,567.3880787583473,2139.68,2060.7392095937353,1231.05,BG-0249_P,True,3,ALLWARA
2023-08-01,2292.5476021280087,887.5840612384989,2210.59,1972.3516196478574,1241.86,BG-0249_P,True,4,ALLWARA
2023-09-01,2220.1366968040243,1219.96567801255,2062.25,1887.7550800299734,1394.92,BG-0249_P,True,5,ALLWARA
2023-10-01,2131.0303030921423,1544.208993085174,2004.99,1806.7869880195185,1568.33,BG-0249_P,True,6,ALLWARA
2023-11-01,2054.1010180150015,1869.0182959774643,1941.52,1729.2917151227114,1718.3,BG-0249_P,True,7,ALLWARA
2023-12-01,1983.0163115610792,2196.914299598987,1883.76,1655.1203079395564,1662.03,BG-0249_P,True,8,ALLWARA
2024-01-01,1921.1828750435375,2533.966972781504,1902.49,1584.1302018610204,1664.75,BG-0249_P,True,9,ALLWARA
2024-02-01,1880.129220898956,2897.911246634374,1872.75,1516.1849470460859,1628.9,BG-0249_P,True,10,ALLWARA
2024-03-01,1843.218071795837,3289.9753722782375,1834.76,1451.1539461519737,1698.56,BG-0249_P,True,11,ALLWARA
2024-04-01,1810.5344836151417,3711.5976525799424,1967.19,1388.9122033134367,1874.54,BG-0249_P,True,12,ALLWARA
2024-05-01,1777.9408680797353,4160.198436771046,2007.52,1329.3400838886325,1901.7,BG-0249_P,True,13,ALLWARA
2024-06-01,1751.1438862547304,4639.019238515988,1918.76,1272.3230845097878,1817.53,BG-0249_P,True,14,ALLWARA
2024-07-01,1718.4569493616186,5139.724574880945,1883.91,1217.7516129966618,1738.55,BG-0249_P,True,15,ALLWARA
2024-08-01,1683.9117602800943,5658.115557451245,1889.11,1165.520777709794,1742.7,BG-0249_P,True,16,ALLWARA
2024-09-01,1649.8527672407163,6192.438138753323,1889.61,1115.5301859386384,1745.3,BG-0249_P,True,17,ALLWARA
2024-10-01,1616.4127113882064,6741.167099204451,1852.97,1067.6837509370782,1713.82,BG-0249_P,True,18,ALLWARA
2024-11-01,0.0,6741.167099204451,0.0,0.0,0.0,BG-0249_P,True,19,ALLWARA
2024-12-01,0.0,6741.167099204451,0.0,0.0,0.0,BG-0249_P,True,20,ALLWARA
2025-01-01,1509.5962303012452,7314.654044287945,1908.11,936.1092852177512,1760.25,BG-0249_P,True,21,ALLWARA
2025-02-01,0.0,7314.654044287945,0.0,0.0,0.0,BG-0249_P,True,22,ALLWARA
2025-03-01,0.0,7314.654044287945,0.0,0.0,0.0,BG-0249_P,True,23,ALLWARA
2025-04-01,0.0,7314.654044287945,0.0,0.0,0.0,BG-0249_P,True,24,ALLWARA
2025-05-01,0.0,7314.654044287945,0.0,0.0,0.0,BG-0249_P,True,25,ALLWARA
2025-06-01,0.0,7314.654044287945,0.0,0.0,0.0,BG-0249_P,True,26,ALLWARA
2025-07-01,0.0,7314.654044287945,0.0,0.0,0.0,BG-0249_P,True,27,ALLWARA
2025-08-01,0.0,7314.654044287945,0.0,0.0,0.0,BG-0249_P,True,28,ALLWARA
2025-09-01,0.0,7314.654044287945,0.0,0.0,0.0,BG-0249_P,True,29,ALLWARA
2025-10-01,0.0,7314.654044287945,0.0,0.0,0.0,BG-0249_P,True,30,ALLWARA
2025-11-01,0.0,7314.654044287945,0.0,0.0,0.0,BG-0249_P,True,31,ALLWARA
2025-12-01,0.0,7314.654044287945,0.0,0.0,0.0,BG-0249_P,True,32,ALLWARA
2026-01-01,0.0,7314.654044287945,0.0,0.0,0.0,BG-0249_P,True,33,ALLWARA
2026-02-01,0.0,7314.654044287945,0.0,0.0,0.0,BG-0249_P,True,34,ALLWARA
2026-03-01,0.0,7314.654044287945,0.0,0.0,0.0,BG-0249_P,True,35,ALLWARA
2023-04-01,2925.4391431321583,0.004096835127179503,3179.59,2925.435046297031,474.69,BG-0185_P,True,0,ALLWARA
2023-05-01,2840.522906862416,0.014456112825709053,2686.57,2840.5125475847176,439.79,BG-0185_P,True,1,ALLWARA
2023-06-01,2758.072370009553,0.03156073570963136,2656.09,2758.0552653866694,455.1,BG-0185_P,True,2,ALLWARA
2023-07-01,2678.0140953697605,0.054019210487887444,2104.36,2677.991636894982,429.6,BG-0185_P,True,3,ALLWARA
2023-08-01,2600.279423185519,0.08126569641286467,2219.39,2600.252176699594,435.13,BG-0185_P,True,4,ALLWARA
2023-09-01,2524.800565363946,0.11241457688055079,2778.12,2524.7694164834784,304.96,BG-0185_P,True,5,ALLWARA
2023-10-01,2451.5119770010538,0.1465451095224672,2857.01,2451.477846468412,249.65,BG-0185_P,True,6,ALLWARA
2023-11-01,2380.3513260011464,0.18401255013935047,2775.13,2380.3138585605293,238.41,BG-0185_P,True,7,ALLWARA
2023-12-01,2311.2563903457503,0.22471174959759513,2746.59,2311.215691146292,229.53,BG-0185_P,True,8,ALLWARA
2024-01-01,2244.167233511795,0.2685697704051153,2209.11,2244.1233754909877,150.24,BG-0185_P,True,9,ALLWARA
2024-02-01,2179.0260362309414,0.31592230812559446,2073.97,2178.978683693221,129.6,BG-0185_P,True,10,ALLWARA
2024-03-01,2115.7758422257043,0.36668638359361455,1941.27,2115.725078150236,135.05,BG-0185_P,True,11,ALLWARA
2024-04-01,2054.362361261822,0.42138515520247866,1890.09,2054.3076624902133,138.91,BG-0185_P,True,12,ALLWARA
2024-05-01,1994.732310433455,0.480561659707844,1868.38,1994.6731339289497,116.52,BG-0185_P,True,13,ALLWARA
2024-06-01,1936.833923711772,0.5447483618983111,1704.84,1936.7697370095816,109.47,BG-0185_P,True,14,ALLWARA
2024-07-01,1880.6154816846638,0.6130113613692434,1703.57,1880.547218685193,121.66,BG-0185_P,True,15,ALLWARA
2024-08-01,1826.0290299936164,0.6852566496497244,1613.25,1825.9567847053358,112.74,BG-0185_P,True,16,ALLWARA
2024-09-01,1773.0271509544127,0.7613503354567865,1464.94,1772.9510572686056,105.23,BG-0185_P,True,17,ALLWARA
2024-10-01,1721.5637807121507,0.8410971430888063,1448.66,1721.4840339045188,81.7,BG-0185_P,True,18,ALLWARA
2024-11-01,1671.5941514596286,0.9242010537061346,1549.51,1671.5110475490112,59.69,BG-0185_P,True,19,ALLWARA
2024-12-01,1623.0750241069031,1.0104973817034644,1528.74,1622.9887277789057,59.04,BG-0185_P,True,20,ALLWARA
2025-01-01,1575.9642090946395,1.0997433046414493,1551.09,1575.8749631717014,57.96,BG-0185_P,True,21,ALLWARA
2025-02-01,1530.220442553121,1.1913210997354355,1471.2,1530.1288647580272,88.82,BG-0185_P,True,22,ALLWARA
2025-03-01,1485.8037271456062,1.2843177103138086,1573.02,1485.7107305350278,168.57,BG-0185_P,True,23,ALLWARA
2025-04-01,1442.676585000634,1.3788917010503294,1529.16,1442.5820110098975,169.95,BG-0185_P,True,24,ALLWARA
2025-05-01,1400.802792758035,1.476408715439008,1623.53,1400.7052757436463,174.06,BG-0185_P,True,25,ALLWARA
2025-06-01,1360.1445684699925,1.5767963193614574,1679.51,1360.0441808660698,190.54,BG-0185_P,True,26,ALLWARA
2025-07-01,1320.6664048948223,1.679763680454744,1656.55,1320.563437533729,197.05,BG-0185_P,True,27,ALLWARA
2025-08-01,1282.3345221348593,1.7855045117545483,1231.56,1282.2287813035596,849.66,BG-0185_P,True,28,ALLWARA
2025-09-01,1245.1152017686138,1.8937638848283866,1357.0,1245.00694239554,634.8,BG-0185_P,True,29,ALLWARA
2025-10-01,1208.9764520881024,2.004599154329243,1368.62,1208.8656168186017,518.81,BG-0185_P,True,30,ALLWARA
2025-11-01,1173.8867907504916,2.117951570094062,1442.29,1173.7734383347267,422.06,BG-0185_P,True,31,ALLWARA
2025-12-01,1139.8157455187713,2.2337458519638713,1400.7,1139.6999512369014,425.94,BG-0185_P,True,32,ALLWARA
2026-01-01,1106.7336969970656,2.3518589317341894,1223.13,1106.6155839172955,398.82,BG-0185_P,True,33,ALLWARA
2026-02-01,1074.6121438624718,2.4723795914705047,1154.78,1074.4916232027356,513.25,BG-0185_P,True,34,ALLWARA
2026-03-01,1043.4179830863393,2.5901732426183246,1178.58,1043.3001894351914,669.93,BG-0185_P,True,35,ALLWARA
2023-04-01,936.5607014715521,274.8681824424841,1394.97,661.692519029068,1236.59,BG-1355_P,True,0,ALLWARA
2023-05-01,1114.3743312579898,757.2208215906287,1318.76,632.021692109845,1175.2,BG-1355_P,True,1,ALLWARA
2023-06-01,1284.684781408234,1438.2242739677813,1393.62,603.6813290310813,1244.5,BG-1355_P,True,2,ALLWARA
2023-07-01,1429.2261782515252,2290.8386814995847,1373.81,576.6117707197218,1210.09,BG-1355_P,True,3,ALLWARA
2023-08-01,1542.5940952541705,3282.6767434900285,1490.53,550.7560332637269,1320.93,BG-1355_P,True,4,ALLWARA
2023-09-01,1643.4776510676543,4400.094706601992,1698.55,526.0596879556912,1439.8,BG-1355_P,True,5,ALLWARA
2023-10-01,1694.6728712771064,5592.296831163693,1844.75,502.4707467154048,1551.42,BG-1355_P,True,6,ALLWARA
2023-11-01,1734.0254248826247,6846.382703396159,1862.63,479.9395526501587,1562.03,BG-1355_P,True,7,ALLWARA
2023-12-01,1755.6196054149505,8143.583633288695,1958.26,458.41867552241445,1633.65,BG-1355_P,True,8,ALLWARA
2024-01-01,1759.5527155325058,9465.273536916413,1754.94,437.8628119047884,1435.93,BG-1355_P,True,9,ALLWARA
2024-02-01,1767.9820216351575,10815.026868739404,1785.85,418.22868981216646,1438.06,BG-1355_P,True,10,ALLWARA
2024-03-01,1769.6581404844583,12185.21003161367,1832.8,399.47497761019275,1524.45,BG-1355_P,True,11,ALLWARA
2024-04-01,1768.174890645839,13571.822725251135,1847.66,381.56219700837397,1547.25,BG-1355_P,True,12,ALLWARA
2024-05-01,1767.0331233410554,14974.403208637546,1988.78,364.4526399546443,1702.28,BG-1355_P,True,13,ALLWARA
2024-06-01,1816.8777356981348,16443.170655079237,1937.34,348.1102892564448,1667.84,BG-1355_P,True,14,ALLWARA
2024-07-01,1794.7116856743205,17905.381597992342,1982.41,332.50074276121705,1727.38,BG-1355_P,True,15,ALLWARA
2024-08-01,1763.3033772360113,19351.09383429165,1845.27,317.591140936706,1621.23,BG-1355_P,True,16,ALLWARA
2024-09-01,1740.1232085173356,20787.866945110367,1931.57,303.35009769861915,1698.35,BG-1355_P,True,17,ALLWARA
2024-10-01,1724.0335291429574,22222.152839913295,1627.61,289.7476343400305,1455.53,BG-1355_P,True,18,ALLWARA
2024-11-01,1711.7023167580687,23657.100040247922,1138.49,276.75511642344264,1043.0,BG-1355_P,True,19,ALLWARA
2024-12-01,1698.114126444541,25090.868973189805,1095.63,264.3451935026598,1002.55,BG-1355_P,True,20,ALLWARA
2025-01-01,1439.6885100525253,26278.06574169475,1104.38,252.49174154758134,1013.66,BG-1355_P,True,21,ALLWARA
2025-02-01,0.0,26278.06574169475,0.0,0.0,0.0,BG-1355_P,True,22,ALLWARA
2025-03-01,0.0,26278.06574169475,0.0,0.0,0.0,BG-1355_P,True,23,ALLWARA
2025-04-01,0.0,26278.06574169475,0.0,0.0,0.0,BG-1355_P,True,24,ALLWARA
2025-05-01,0.0,26278.06574169475,0.0,0.0,0.0,BG-1355_P,True,25,ALLWARA
2025-06-01,0.0,26278.06574169475,0.0,0.0,0.0,BG-1355_P,True,26,ALLWARA
2025-07-01,0.0,26278.06574169475,0.0,0.0,0.0,BG-1355_P,True,27,ALLWARA
2025-08-01,0.0,26278.06574169475,0.0,0.0,0.0,BG-1355_P,True,28,ALLWARA
2025-09-01,0.0,26278.06574169475,0.0,0.0,0.0,BG-1355_P,True,29,ALLWARA
2025-10-01,0.0,26278.06574169475,0.0,0.0,0.0,BG-1355_P,True,30,ALLWARA
2025-11-01,0.0,26278.06574169475,0.0,0.0,0.0,BG-1355_P,True,31,ALLWARA
2025-12-01,0.0,26278.06574169475,0.0,0.0,0.0,BG-1355_P,True,32,ALLWARA
2026-01-01,0.0,26278.06574169475,0.0,0.0,0.0,BG-1355_P,True,33,ALLWARA
2026-02-01,0.0,26278.06574169475,0.0,0.0,0.0,BG-1355_P,True,34,ALLWARA
2026-03-01,0.0,26278.06574169475,0.0,0.0,0.0,BG-1355_P,True,35,ALLWARA
2023-04-01,3009.701531614849,0.015595375229646248,2801.52,3009.6859362396194,1094.97,BG-1359_P,True,0,ALLWARA
2023-05-01,2950.1231432272134,0.048576830368260875,2714.11,2950.0901617720747,1029.86,BG-1359_P,True,1,ALLWARA
2023-06-01,2891.724987316167,0.0991014422362453,2720.2,2891.674462704299,1003.54,BG-1359_P,True,2,ALLWARA
2023-07-01,2834.4821238738737,0.16575333833201522,2653.82,2834.415471977778,942.24,BG-1359_P,True,3,ALLWARA
2023-08-01,2778.3730701993454,0.2485383049187307,2546.93,2778.290285232759,946.71,BG-1359_P,True,4,ALLWARA
2023-09-01,2723.3752270978466,0.3473137565683505,2543.94,2723.276451646197,966.75,BG-1359_P,True,5,ALLWARA
2023-10-01,2669.4655264018447,0.4608752072825503,2573.71,2669.3519649511304,964.45,BG-1359_P,True,6,ALLWARA
2023-11-01,2616.62391295968,0.5895335330844516,2623.83,2616.495254633878,954.15,BG-1359_P,True,7,ALLWARA
2023-12-01,2564.828279813618,0.7326360411540337,2730.61,2564.685177305548,935.34,BG-1359_P,True,8,ALLWARA
2024-01-01,2514.0579418837033,0.8895696804579483,2605.66,2513.9010082443992,871.89,BG-1359_P,True,9,ALLWARA
2024-02-01,2464.293545508389,1.0606820831723187,2591.43,2464.1224331056746,893.71,BG-1359_P,True,10,ALLWARA
2024-03-01,2415.5147452275028,1.245887515078717,2746.35,2415.3295397955962,910.68,BG-1359_P,True,11,ALLWARA
2024-04-01,2367.702230678159,1.4453076869790076,2618.21,2367.502810506259,911.41,BG-1359_P,True,12,ALLWARA
2024-05-01,2320.837845670409,1.6600394491382182,1970.97,2320.6231139082497,833.35,BG-1359_P,True,13,ALLWARA
2024-06-01,2274.903132023824,1.8914739751046814,1957.68,2274.6716974978576,818.75,BG-1359_P,True,14,ALLWARA
2024-07-01,2229.875199807853,2.136493687132317,1989.7,2229.630180095825,854.84,BG-1359_P,True,15,ALLWARA
2024-08-01,2185.74029801405,2.39624720655255,2100.5,2185.4805444946296,754.96,BG-1359_P,True,16,ALLWARA
2024-09-01,2142.479310040724,2.670426995915796,2214.85,2142.205130251361,784.08,BG-1359_P,True,17,ALLWARA
2024-10-01,2100.074766230284,2.9585666028904454,2073.96,2099.786626623309,775.39,BG-1359_P,True,18,ALLWARA
2024-11-01,2058.509522546306,3.2600235057620397,2038.73,2058.2080656434346,778.68,BG-1359_P,True,19,ALLWARA
2024-12-01,2017.7672893239207,3.574497496725178,2036.46,2017.4528153329577,809.74,BG-1359_P,True,20,ALLWARA
2025-01-01,1977.8318020463776,3.9017264947593144,1963.39,1977.5045730483434,830.67,BG-1359_P,True,21,ALLWARA
2025-02-01,1938.687161972646,4.241529507377186,1814.14,1938.3473589600283,780.75,BG-1359_P,True,22,ALLWARA
2025-03-01,1900.317281904237,4.593301751341766,1847.12,1899.9655096602726,796.62,BG-1359_P,True,23,ALLWARA
2025-04-01,1862.7073163969283,4.956946250677597,1806.68,1862.3436718975922,803.93,BG-1359_P,True,24,ALLWARA
2025-05-01,1825.8428432731994,5.3329930886261465,1737.42,1825.466796435251,698.84,BG-1359_P,True,25,ALLWARA
2025-06-01,1789.7083839537513,5.721245011011601,1807.6,1789.3201320313658,729.43,BG-1359_P,True,26,ALLWARA
2025-07-01,1754.2890522918888,6.12107776468707,1923.45,1753.8892195382132,780.54,BG-1359_P,True,27,ALLWARA
2025-08-01,1719.5724835175558,6.53367516386551,1946.84,1719.1598861183772,819.44,BG-1359_P,True,28,ALLWARA
2025-09-01,1685.5433744685863,6.958810057026334,1934.09,1685.1182395754256,799.24,BG-1359_P,True,29,ALLWARA
2025-10-01,1652.1883870741317,7.396534334310684,1824.36,1651.7506627968473,761.79,BG-1359_P,True,30,ALLWARA
2025-11-01,1619.4939899363305,7.846715963618079,1947.86,1619.0438083070233,849.35,BG-1359_P,True,31,ALLWARA
2025-12-01,1587.4470837886722,8.309206824229474,1934.02,1586.984592928061,793.45,BG-1359_P,True,32,ALLWARA
2026-01-01,1556.0346117561623,8.783626034045607,1920.8,1555.5601925463463,773.42,BG-1359_P,True,33,ALLWARA
2026-02-01,1525.24419819204,9.269787243355909,1878.27,1524.7580369827297,713.72,BG-1359_P,True,34,ALLWARA
2026-03-01,1495.0483720399404,9.752354319012031,1843.68,1494.5658049642843,710.03,BG-1359_P,True,35,ALLWARA
2023-04-01,0.0,0.0,0.0,0.0,0.0,BG-2042_P,True,0,ALLWARA
2023-05-01,0.0,0.0,0.0,0.0,0.0,BG-2042_P,True,1,ALLWARA
2023-06-01,0.0,0.0,0.0,0.0,0.0,BG-2042_P,True,2,ALLWARA
2023-07-01,0.0,0.0,0.0,0.0,0.0,BG-2042_P,True,3,ALLWARA
2023-08-01,0.0,0.0,0.0,0.0,0.0,BG-2042_P,True,4,ALLWARA
2023-09-01,0.0,0.0,0.0,0.0,0.0,BG-2042_P,True,5,ALLWARA
2023-10-01,0.0,0.0,0.0,0.0,0.0,BG-2042_P,True,6,ALLWARA
2023-11-01,2629.130352672513,2629.130352672513,3741.52,0.0,1365.86,BG-2042_P,True,7,ALLWARA
2023-12-01,2649.9951647708017,5279.1255174433145,3711.08,0.0,973.64,BG-2042_P,True,8,ALLWARA
2024-01-01,2640.8226744601566,7919.9481919034715,3794.05,0.0,1008.08,BG-2042_P,True,9,ALLWARA
2024-02-01,2660.008858517435,10579.957050420906,2399.12,0.0,720.5,BG-2042_P,True,10,ALLWARA
2024-03-01,2683.298070394227,13263.255120815133,2280.41,0.0,741.14,BG-2042_P,True,11,ALLWARA
2024-04-01,2702.898188504394,15966.153309319527,2254.14,0.0,762.16,BG-2042_P,True,12,ALLWARA
2024-05-01,2781.6305246822667,18747.78383400179,2520.6,0.0,812.36,BG-2042_P,True,13,ALLWARA
2024-06-01,2918.871380678089,21666.65521467988,3067.88,0.0,1074.88,BG-2042_P,True,14,ALLWARA
2024-07-01,2852.7855016334497,24519.44071631333,3036.35,0.0,1063.83,BG-2042_P,True,15,ALLWARA
2024-08-01,2897.956702854277,27417.397419167606,3041.19,0.0,1090.04,BG-2042_P,True,16,ALLWARA
2024-09-01,2925.5393800507513,30342.936799218358,3002.04,0.0,1133.41,BG-2042_P,True,17,ALLWARA
2024-10-01,2933.2862019053414,33276.2230011237,2914.56,0.0,1112.87,BG-2042_P,True,18,ALLWARA
2024-11-01,2919.771760643382,36195.99476176708,3088.0,0.0,1177.35,BG-2042_P,True,19,ALLWARA
2024-12-01,2909.6879853102687,39105.68274707734,3040.85,0.0,1222.01,BG-2042_P,True,20,ALLWARA
2025-01-01,2906.6209076822247,42012.30365475957,3011.74,0.0,1402.13,BG-2042_P,True,21,ALLWARA
2025-02-01,2925.452862805249,44937.75651756482,2911.84,0.0,1406.24,BG-2042_P,True,22,ALLWARA
2025-03-01,2941.3584819735943,47879.11499953841,2931.83,0.0,1447.14,BG-2042_P,True,23,ALLWARA
2025-04-01,2953.8461311270044,50832.96113066541,2883.54,0.0,1452.77,BG-2042_P,True,24,ALLWARA
2025-05-01,2965.070728615565,53798.03185928098,2875.1,0.0,1650.78,BG-2042_P,True,25,ALLWARA
2025-06-01,2974.0674335989493,56772.099292879924,3046.04,0.0,1654.69,BG-2042_P,True,26,ALLWARA
2025-07-01,2961.104341592658,59733.20363447258,3263.03,0.0,1649.15,BG-2042_P,True,27,ALLWARA
2025-08-01,3033.8717504272477,62767.07538489983,3342.8,0.0,1694.21,BG-2042_P,True,28,ALLWARA
2025-09-01,3087.5490741873004,65854.62445908714,3368.02,0.0,1755.87,BG-2042_P,True,29,ALLWARA
2025-10-01,3136.6231966471405,68991.24765573427,3363.04,0.0,1766.37,BG-2042_P,True,30,ALLWARA
2025-11-01,3174.8595050145436,72166.10716074881,3403.61,0.0,2072.6,BG-2042_P,True,31,ALLWARA
2025-12-01,3205.2340030194655,75371.34116376827,3334.18,0.0,2073.53,BG-2042_P,True,32,ALLWARA
2026-01-01,3217.064212361448,78588.40537612973,3286.11,0.0,2016.91,BG-2042_P,True,33,ALLWARA
2026-02-01,3222.1258018238946,81810.53117795361,3429.41,0.0,2156.96,BG-2042_P,True,34,ALLWARA
2026-03-01,2417.533575873686,84228.0647538273,3617.37,0.0,2275.67,BG-2042_P,True,35,ALLWARA
2023-04-01,1102.630676913819,0.05621787796784924,806.42,1102.574459035851,223.23,BG-0988_P,True,0,ALLWARA
2023-05-01,1053.1524442198493,0.1695801895327966,800.14,1053.0390819082843,226.1,BG-0988_P,True,1,ALLWARA
2023-06-01,1005.8645711880667,0.3049700614325291,809.54,1005.729181316167,231.54,BG-0988_P,True,2,ALLWARA
2023-07-01,960.6869567171899,0.4471535325097372,935.51,960.5447732461126,451.54,BG-0988_P,True,3,ALLWARA
2023-08-01,917.5558821021054,0.6126699668048592,971.53,917.3903656678103,455.53,BG-0988_P,True,4,ALLWARA
2023-09-01,876.3502747037875,0.7881879479497094,983.26,876.1747567226427,479.79,BG-0988_P,True,5,ALLWARA
2023-10-01,836.9801705846377,0.9575165535012333,966.22,836.8108419790861,511.28,BG-0988_P,True,6,ALLWARA
2023-11-01,799.3885124446172,1.1305986505681096,778.17,799.2154303475503,136.44,BG-0988_P,True,7,ALLWARA
2023-12-01,763.4850787986653,1.3066091836195906,705.47,763.3090682656139,3.69,BG-0988_P,True,8,ALLWARA
2024-01-01,729.1925154249666,1.4832528264936946,738.86,729.0158717820925,3.58,BG-0988_P,True,9,ALLWARA
2024-02-01,0.0,1.4832528264936946,0.0,0.0,0.0,BG-0988_P,True,10,ALLWARA
2024-03-01,665.1662529937603,1.6671729853018313,696.97,664.9823328349521,3.66,BG-0988_P,True,11,ALLWARA
2024-04-01,635.2939033968294,1.8544135032499427,822.84,635.1066628788813,177.87,BG-0988_P,True,12,ALLWARA
2024-05-01,606.7622010666304,2.043397032591967,948.9,606.5732175372883,297.42,BG-0988_P,True,13,ALLWARA
2024-06-01,579.5203235871638,2.2420259523747803,888.35,579.321694667381,357.1,BG-0988_P,True,14,ALLWARA
2024-07-01,553.4866027908463,2.434127421697143,688.27,553.294501321524,226.06,BG-0988_P,True,15,ALLWARA
2024-08-01,528.6253451082615,2.622840498765787,621.83,528.4366320311929,186.19,BG-0988_P,True,16,ALLWARA
2024-09-01,0.0,2.622840498765787,0.0,0.0,0.0,BG-0988_P,True,17,ALLWARA
2024-10-01,0.0,2.622840498765787,0.0,0.0,0.0,BG-0988_P,True,18,ALLWARA
2024-11-01,460.5557456380344,2.813265019891339,632.63,460.36532111690883,193.65,BG-0988_P,True,19,ALLWARA
2024-12-01,439.8723959360787,3.003178636107822,376.51,439.68248231986223,163.21,BG-0988_P,True,20,ALLWARA
2025-01-01,420.0832393059347,3.157556250345937,374.28,419.92886169169657,129.02,BG-0988_P,True,21,ALLWARA
2025-02-01,401.1833529215673,3.2781969363157453,358.83,401.0627122355975,129.41,BG-0988_P,True,22,ALLWARA
2025-03-01,383.1701481052027,3.404182518897098,359.34,383.0441625226214,133.15,BG-0988_P,True,23,ALLWARA
2025-04-01,365.9736864581541,3.5427365490168494,351.69,365.83513242803434,133.68,BG-0988_P,True,24,ALLWARA
2025-05-01,349.54999182827316,3.6934757239265736,427.12,349.3992526533634,163.04,BG-0988_P,True,25,ALLWARA
2025-06-01,333.85954571633,3.8512335761728016,467.43,333.70178786408377,179.19,BG-0988_P,True,26,ALLWARA
2025-07-01,318.8632620696843,4.004932365358758,468.65,318.70956328049834,185.62,BG-0988_P,True,27,ALLWARA
2025-08-01,304.53835089357875,4.152388692266335,470.24,304.3908945666712,238.73,BG-0988_P,True,28,ALLWARA
2025-09-01,290.8538389038614,4.2907067268870485,471.32,290.71552086924066,266.21,BG-0988_P,True,29,ALLWARA
2025-10-01,277.7866426252806,4.42280848756773,472.34,277.65454086459994,279.33,BG-0988_P,True,30,ALLWARA
2025-11-01,265.31367278888905,4.556129597171688,534.96,265.1803516792851,221.19,BG-0988_P,True,31,ALLWARA
2025-12-01,253.40112480445254,4.690663847134999,535.77,253.26659055448923,190.49,BG-0988_P,True,32,ALLWARA
2026-01-01,242.0173438841558,4.819928599876111,540.8,241.88807913141468,187.29,BG-0988_P,True,33,ALLWARA
2026-02-01,231.14601373578142,4.94517209593896,615.66,231.0207702397186,209.19,BG-0988_P,True,34,ALLWARA
2026-03-01,220.73809566590842,5.041570685253271,640.34,220.6416970765941,215.4,BG-0988_P,True,35,ALLWARA
2023-04-01,0.0,0.0,0.0,0.0,0.0,BG-1978_P,True,0,ALLWARA
2023-05-01,0.0,0.0,0.0,0.0,0.0,BG-1978_P,True,1,ALLWARA
2023-06-01,0.0,0.0,0.0,0.0,0.0,BG-1978_P,True,2,ALLWARA
2023-07-01,0.0,0.0,0.0,0.0,0.0,BG-1978_P,True,3,ALLWARA
2023-08-01,0.0,0.0,0.0,0.0,0.0,BG-1978_P,True,4,ALLWARA
2023-09-01,0.0,0.0,0.0,0.0,0.0,BG-1978_P,True,5,ALLWARA
2023-10-01,0.0,0.0,0.0,0.0,0.0,BG-1978_P,True,6,ALLWARA
2023-11-01,0.0,0.0,0.0,0.0,0.0,BG-1978_P,True,7,ALLWARA
2023-12-01,1347.1950550341576,1347.1950550341576,2376.46,0.0,1487.79,BG-1978_P,True,8,ALLWARA
2024-01-01,1330.8778266055904,2678.0728816397477,2381.45,0.0,72.07,BG-1978_P,True,9,ALLWARA
2024-02-01,1338.0356154647632,4016.108497104511,2348.64,0.0,279.41,BG-1978_P,True,10,ALLWARA
2024-03-01,1348.9184890271547,5365.026986131666,2401.71,0.0,728.13,BG-1978_P,True,11,ALLWARA
2024-04-01,2271.0356616797094,7636.062647811375,2371.69,0.0,749.01,BG-1978_P,True,12,ALLWARA
2024-05-01,2819.6707575028236,10455.733405314199,2662.86,0.0,825.29,BG-1978_P,True,13,ALLWARA
2024-06-01,3209.4763233417766,13665.209728655975,3736.68,0.0,1616.44,BG-1978_P,True,14,ALLWARA
2024-07-01,3292.491777708189,16957.701506364163,3687.83,0.0,1604.11,BG-1978_P,True,15,ALLWARA
2024-08-01,3378.2551245403774,20335.95663090454,3691.5,0.0,1630.14,BG-1978_P,True,16,ALLWARA
2024-09-01,3444.8310484113063,23780.787679315847,3661.05,0.0,1631.06,BG-1978_P,True,17,ALLWARA
2024-10-01,3369.36254028521,27150.150219601055,3558.29,0.0,1601.28,BG-1978_P,True,18,ALLWARA
2024-11-01,3197.0966441811106,30347.246863782166,3769.42,0.0,1694.06,BG-1978_P,True,19,ALLWARA
2024-12-01,3100.7884914159745,33448.03535519814,3631.67,0.0,1616.52,BG-1978_P,True,20,ALLWARA
2025-01-01,3054.04022335857,36502.07557855671,3202.04,0.0,1310.75,BG-1978_P,True,21,ALLWARA
2025-02-01,3036.6734066584136,39538.74898521512,3083.94,0.0,1314.7,BG-1978_P,True,22,ALLWARA
2025-03-01,3040.7414441449496,42579.49042936007,3102.06,0.0,1353.03,BG-1978_P,True,23,ALLWARA
2025-04-01,3048.589742323194,45628.080171683265,3138.45,0.0,1361.73,BG-1978_P,True,24,ALLWARA
2025-05-01,3056.6713582557854,48684.75152993905,3205.11,0.0,1326.75,BG-1978_P,True,25,ALLWARA
2025-06-01,3071.3104052327117,51756.06193517176,3168.84,0.0,1282.24,BG-1978_P,True,26,ALLWARA
2025-07-01,3066.206578580687,54822.268513752446,3180.75,0.0,1328.3,BG-1978_P,True,27,ALLWARA
2025-08-01,3318.4647086696204,58140.733222422066,3222.55,0.0,1536.64,BG-1978_P,True,28,ALLWARA
2025-09-01,3486.883695697065,61627.61691811913,3201.83,0.0,1890.17,BG-1978_P,True,29,ALLWARA
2025-10-01,3601.870324747528,65229.48724286666,3334.5,0.0,1449.6,BG-1978_P,True,30,ALLWARA
2025-11-01,3662.421360040003,68891.90860290665,3483.76,0.0,1426.43,BG-1978_P,True,31,ALLWARA
2025-12-01,3705.7407207802935,72597.64932368694,3467.8,0.0,1300.57,BG-1978_P,True,32,ALLWARA
2026-01-01,3719.7775086817496,76317.4268323687,3447.46,0.0,1265.22,BG-1978_P,True,33,ALLWARA
2026-02-01,3730.8187052300423,80048.24553759875,3049.5,0.0,1297.63,BG-1978_P,True,34,ALLWARA
2026-03-01,2594.968399071527,82643.21393667028,2951.0,0.0,1350.64,BG-1978_P,True,35,ALLWARA
2023-04-01,2579.4875922692704,0.021267969140207232,2018.47,2579.46632430013,764.19,BG-0072_P,True,0,ALLWARA
2023-05-01,2516.7478972004974,0.07273584186649953,2008.78,2516.696429327771,774.08,BG-0072_P,True,1,ALLWARA
2023-06-01,2455.530661120361,0.14939171963042613,2026.79,2455.454005242597,708.39,BG-0072_P,True,2,ALLWARA
2023-07-01,2395.795467535669,0.2429773750241801,2038.4,2395.7018818802753,692.08,BG-0072_P,True,3,ALLWARA
2023-08-01,2337.51293275921,0.35211654224439365,2324.57,2337.4037935919896,772.19,BG-0072_P,True,4,ALLWARA
2023-09-01,2280.643256275378,0.4710155840709163,2523.45,2280.5243572335517,759.56,BG-0072_P,True,5,ALLWARA
2023-10-01,2225.1524280855656,0.594392979501222,2604.34,2225.029050690135,708.15,BG-0072_P,True,6,ALLWARA
2023-11-01,2171.013645009555,0.7238460654577588,2515.94,2170.884191923599,1104.9,BG-0072_P,True,7,ALLWARA
2023-12-01,2118.191774674769,0.8587022105428885,2453.8,2118.056918529684,1112.86,BG-0072_P,True,8,ALLWARA
2024-01-01,2066.65471682816,0.998251246027956,2138.19,2066.5151677926747,735.7,BG-0072_P,True,9,ALLWARA
2024-02-01,2016.37361019974,1.1442042203524212,2089.65,2016.2276572254154,673.08,BG-0072_P,True,10,ALLWARA
2024-03-01,1967.315436208181,1.2957748456560911,2043.66,1967.1638655828772,569.9,BG-0072_P,True,11,ALLWARA
2024-04-01,2229.8143650387915,311.81612554669533,1972.61,1919.2940143377523,652.53,BG-0072_P,True,12,ALLWARA
2024-05-01,2447.4092003332066,886.6362762730796,1641.82,1872.5890496068225,653.42,BG-0072_P,True,13,ALLWARA
2024-06-01,2636.4270452783076,1696.0426970342392,1568.87,1827.0206245171476,630.65,BG-0072_P,True,14,ALLWARA
2024-07-01,2777.6371444851975,2691.118759518081,1581.84,1782.5610820013558,617.24,BG-0072_P,True,15,ALLWARA
2024-08-01,0.0,2691.118759518081,0.0,0.0,0.0,BG-0072_P,True,16,ALLWARA
2024-09-01,0.0,2691.118759518081,0.0,0.0,0.0,BG-0072_P,True,17,ALLWARA
2024-10-01,0.0,2691.118759518081,0.0,0.0,0.0,BG-0072_P,True,18,ALLWARA
2024-11-01,3155.8268052482913,4231.66375390191,3366.77,1615.2818108644617,1375.75,BG-0072_P,True,19,ALLWARA
2024-12-01,3223.2439350036548,5878.932872927433,3576.56,1575.9748159781323,1336.08,BG-0072_P,True,20,ALLWARA
2025-01-01,3278.8863171053677,7620.19485482897,3488.11,1537.6243352038307,1275.24,BG-0072_P,True,21,ALLWARA
2025-02-01,3321.0466593605893,9441.034421893088,3333.18,1500.2070922964724,1346.98,BG-0072_P,True,22,ALLWARA
2025-03-01,3152.3107638100073,11129.644808277493,3338.57,1463.700377425602,1522.47,BG-0072_P,True,23,ALLWARA
2025-04-01,3053.324547086758,12754.887321972248,3641.89,1428.0820333920021,1458.02,BG-0072_P,True,24,ALLWARA
2025-05-01,3122.375875408713,14483.932755201242,3702.04,1393.330442179719,1502.01,BG-0072_P,True,25,ALLWARA
2025-06-01,3179.8799690828264,16304.388212448735,3573.03,1359.4245118353324,1678.24,BG-0072_P,True,26,ALLWARA
2025-07-01,3222.820847261749,18200.86539604397,3598.65,1326.343663666513,1738.35,BG-0072_P,True,27,ALLWARA
2025-08-01,3296.022390339246,20202.819966631116,3659.77,1294.0678197520983,1795.35,BG-0072_P,True,28,ALLWARA
2025-09-01,3364.274946923638,22304.517522798655,3682.03,1262.5773907560972,1874.3,BG-0072_P,True,29,ALLWARA
2025-10-01,3425.049193908233,24497.713452668646,3677.02,1231.853264038243,1890.52,BG-0072_P,True,30,ALLWARA
2025-11-01,3469.7498835261567,26765.58654414094,3806.73,1201.8767920538617,2191.15,BG-0072_P,True,31,ALLWARA
2025-12-01,3504.9432749862517,29097.900038091164,3786.04,1172.6297810360281,2407.98,BG-0072_P,True,32,ALLWARA
2026-01-01,3529.315469146217,31483.121027284247,3736.84,1144.0944799531333,2312.05,BG-0072_P,True,33,ALLWARA
2026-02-01,3548.890111111871,33915.757568660956,3743.02,1116.2535697351645,2256.87,BG-0072_P,True,34,ALLWARA
2026-03-01,3262.3193288743873,36088.98674477319,3880.77,1089.0901527621563,2325.79,BG-0072_P,True,35,ALLWARA
2023-04-01,2443.7733083403573,0.06371380871441494,2067.86,2443.709594531643,1407.71,BG-0179_P,True,0,ALLWARA
2023-05-01,2393.2617827113527,0.14320898832643247,2083.43,2393.1822875317407,1305.15,BG-0179_P,True,1,ALLWARA
2023-06-01,2343.779240215888,0.22274193464156,2101.24,2343.6997072695726,1188.52,BG-0179_P,True,2,ALLWARA
2023-07-01,2295.3212661093685,0.30375556799446823,1975.3,2295.2402524760155,1096.35,BG-0179_P,True,3,ALLWARA
2023-08-01,2247.8663841313796,0.3873711792686767,1908.63,2247.7827685201055,1070.73,BG-0179_P,True,4,ALLWARA
2023-09-01,2201.3908499264626,0.47168293159313984,1998.65,2201.306538174138,1112.57,BG-0179_P,True,5,ALLWARA
2023-10-01,2155.8754677983566,0.5558781602466212,1978.62,2155.791272569703,1121.01,BG-0179_P,True,6,ALLWARA
2023-11-01,2111.3019313546843,0.6407071742052528,1954.01,2111.2171023407254,1098.11,BG-0179_P,True,7,ALLWARA
2023-12-01,2067.6482452778496,0.7243835024160707,1906.48,2067.5645689496387,1057.22,BG-0179_P,True,8,ALLWARA
2024-01-01,2024.8971413647294,0.8069086742538935,1800.33,2024.8146161928914,993.39,BG-0179_P,True,9,ALLWARA
2024-02-01,1983.0325034759696,0.8908302681212421,1762.71,1982.9485818821022,965.11,BG-0179_P,True,10,ALLWARA
2024-03-01,1942.0325926136106,0.9752331845197879,1746.57,1941.948189697212,1005.66,BG-0179_P,True,11,ALLWARA
2024-04-01,1902.3831282094698,1.562820185903534,1752.6,1901.795541208086,1034.34,BG-0179_P,True,12,ALLWARA
2024-05-01,1898.5544217467814,37.64413387160344,1885.09,1862.4731080610813,1088.89,BG-0179_P,True,13,ALLWARA
2024-06-01,1873.5618155351092,87.24222507954431,1800.93,1823.9637243271684,1051.41,BG-0179_P,True,14,ALLWARA
2024-07-01,1874.6649451554856,175.65659122676192,1768.06,1786.250579008268,1039.56,BG-0179_P,True,15,ALLWARA
2024-08-01,1847.5692633833282,273.9086459115623,1895.98,1749.317208698528,1099.39,BG-0179_P,True,16,ALLWARA
2024-09-01,1815.4354359709303,376.19659148515336,1956.43,1713.1474903973392,1154.12,BG-0179_P,True,17,ALLWARA
2024-10-01,1782.463800120301,480.93475713449686,1924.01,1677.7256344709574,1067.43,BG-0179_P,True,18,ALLWARA
2024-11-01,1742.3991729681563,580.297752343006,1999.77,1643.0361777596472,1036.3,BG-0179_P,True,19,ALLWARA
2024-12-01,1713.1565296712824,684.3903051869365,1916.49,1609.063976827352,934.18,BG-0179_P,True,20,ALLWARA
2025-01-01,1682.1341854472641,790.7302892832674,1915.12,1575.7942013509332,917.16,BG-0179_P,True,21,ALLWARA
2025-02-01,1649.3943395099766,896.9123011471456,1853.43,1543.2123276460984,919.9,BG-0179_P,True,22,ALLWARA
2025-03-01,1617.933057363924,1003.5412261838804,1870.0,1511.3041323271893,951.39,BG-0179_P,True,23,ALLWARA
2025-04-01,1587.3514227581384,1110.836962843953,1911.34,1480.0556860980657,1069.67,BG-0179_P,True,24,ALLWARA
2025-05-01,1557.9094068819963,1219.2930220545818,1931.74,1449.4533476713675,1042.04,BG-0179_P,True,25,ALLWARA
2025-06-01,1530.2793570798005,1330.0886213208728,1900.5,1419.4837578135096,1006.99,BG-0179_P,True,26,ALLWARA
2025-07-01,1500.5310126058127,1440.485800413884,1847.64,1390.1338335128016,1395.4,BG-0179_P,True,27,ALLWARA
2025-08-01,0.0,1440.485800413884,0.0,0.0,0.0,BG-0179_P,True,28,ALLWARA
2025-09-01,1468.129250623124,1575.3730545411374,1663.51,1333.2419964958706,1100.65,BG-0179_P,True,29,ALLWARA
2025-10-01,1443.779663462874,1713.4774699519219,1626.48,1305.6752480520895,1020.7,BG-0179_P,True,30,ALLWARA
2025-11-01,1416.8996024260987,1851.6985895095388,1594.76,1278.6784828684815,994.55,BG-0179_P,True,31,ALLWARA
2025-12-01,1391.1158552607085,1990.5745290713835,1716.67,1252.2399156988638,1091.83,BG-0179_P,True,32,ALLWARA
2026-01-01,1364.7986489847026,2129.0251730816526,1691.1,1226.3480049744335,1062.01,BG-0179_P,True,33,ALLWARA
2026-02-01,1339.3477021461206,2267.3814274623955,1684.15,1200.9914477653776,1096.47,BG-0179_P,True,34,ALLWARA
2026-03-01,0.0,2267.3814274623955,0.0,0.0,0.0,BG-0179_P,True,35,ALLWARA
2023-04-01,0.0,0.0,0.0,0.0,0.0,BG-2204_P,True,0,ALLWARA
2023-05-01,0.0,0.0,0.0,0.0,0.0,BG-2204_P,True,1,ALLWARA
2023-06-01,0.0,0.0,0.0,0.0,0.0,BG-2204_P,True,2,ALLWARA
2023-07-01,0.0,0.0,0.0,0.0,0.0,BG-2204_P,True,3,ALLWARA
2023-08-01,0.0,0.0,0.0,0.0,0.0,BG-2204_P,True,4,ALLWARA
2023-09-01,0.0,0.0,0.0,0.0,0.0,BG-2204_P,True,5,ALLWARA
2023-10-01,0.0,0.0,0.0,0.0,0.0,BG-2204_P,True,6,ALLWARA
2023-11-01,0.0,0.0,0.0,0.0,0.0,BG-2204_P,True,7,ALLWARA
2023-12-01,0.0,0.0,0.0,0.0,0.0,BG-2204_P,True,8,ALLWARA
2024-01-01,0.0,0.0,0.0,0.0,0.0,BG-2204_P,True,9,ALLWARA
2024-02-01,0.0,0.0,0.0,0.0,0.0,BG-2204_P,True,10,ALLWARA
2024-03-01,0.0,0.0,0.0,0.0,0.0,BG-2204_P,True,11,ALLWARA
2024-04-01,0.0,0.0,0.0,0.0,0.0,BG-2204_P,True,12,ALLWARA
2024-05-01,0.0,0.0,0.0,0.0,0.0,BG-2204_P,True,13,ALLWARA
2024-06-01,0.0,0.0,0.0,0.0,0.0,BG-2204_P,True,14,ALLWARA
2024-07-01,0.0,0.0,0.0,0.0,0.0,BG-2204_P,True,15,ALLWARA
2024-08-01,0.0,0.0,0.0,0.0,0.0,BG-2204_P,True,16,ALLWARA
2024-09-01,0.0,0.0,0.0,0.0,0.0,BG-2204_P,True,17,ALLWARA
2024-10-01,0.0,0.0,0.0,0.0,0.0,BG-2204_P,True,18,ALLWARA
2024-11-01,0.0,0.0,0.0,0.0,0.0,BG-2204_P,True,19,ALLWARA
2024-12-01,0.0,0.0,0.0,0.0,0.0,BG-2204_P,True,20,ALLWARA
2025-01-01,3040.83529935403,3040.83529935403,3642.51,0.0,12.37,BG-2204_P,True,21,ALLWARA
2025-02-01,0.0,3040.83529935403,0.0,0.0,0.0,BG-2204_P,True,22,ALLWARA
2025-03-01,0.0,3040.83529935403,0.0,0.0,0.0,BG-2204_P,True,23,ALLWARA
2025-04-01,3452.446788869791,6493.282088223821,3207.63,0.0,5.19,BG-2204_P,True,24,ALLWARA
2025-05-01,3570.354106443177,10063.636194666999,3764.54,0.0,8.35,BG-2204_P,True,25,ALLWARA
2025-06-01,3681.6097427903605,13745.24593745736,3883.79,0.0,9.54,BG-2204_P,True,26,ALLWARA
2025-07-01,3777.973270757491,17523.21920821485,3806.68,0.0,44.56,BG-2204_P,True,27,ALLWARA
2025-08-01,3874.8142862921013,21398.03349450695,3895.25,0.0,25.94,BG-2204_P,True,28,ALLWARA
2025-09-01,3887.578790896764,25285.612285403717,4171.71,0.0,114.06,BG-2204_P,True,29,ALLWARA
2025-10-01,3717.208409529682,29002.820694933398,4218.62,0.0,129.25,BG-2204_P,True,30,ALLWARA
2025-11-01,3559.0075461124657,32561.828241045863,4459.27,0.0,131.39,BG-2204_P,True,31,ALLWARA
2025-12-01,3413.1060322732806,35974.934273319144,4007.48,0.0,130.62,BG-2204_P,True,32,ALLWARA
2026-01-01,3277.1986730037183,39252.13294632286,3850.88,0.0,496.21,BG-2204_P,True,33,ALLWARA
2026-02-01,3151.0895793328123,42403.22252565567,3790.57,0.0,949.28,BG-2204_P,True,34,ALLWARA
2026-03-01,2950.9729067358094,45354.19543239148,4242.43,0.0,181.74,BG-2204_P,True,35,ALLWARA
2023-04-01,3393.298256066796,106.78961249634311,3448.72,3286.508643570453,1936.63,BG-1918_P,True,0,ALLWARA
2023-05-01,3426.2470562152967,312.66338415637097,3446.73,3220.3732845552686,2016.91,BG-1918_P,True,1,ALLWARA
2023-06-01,3447.652216986435,604.7468147450686,2901.71,3155.5687863977373,1691.43,BG-1918_P,True,2,ALLWARA
2023-07-01,3454.276752882025,966.955199825182,2409.61,3092.068367801912,1386.36,BG-1918_P,True,3,ALLWARA
2023-08-01,3456.2824363163536,1393.3918497419695,2489.61,3029.8457863995664,1398.61,BG-1918_P,True,4,ALLWARA
2023-09-01,3454.6584255857124,1879.174947422479,2525.43,2968.875327905203,1401.33,BG-1918_P,True,5,ALLWARA
2023-10-01,3441.9513695061087,2411.9945214392983,2499.75,2909.1317954892893,1416.26,BG-1918_P,True,6,ALLWARA
2023-11-01,3426.7123082338444,2988.1163303078015,2484.95,2850.590499365341,1288.17,BG-1918_P,True,7,ALLWARA
2023-12-01,3403.6631398661743,3598.552223587422,3366.76,2793.227246586554,1011.0,BG-1918_P,True,8,ALLWARA
2024-01-01,3374.147119260297,4235.681011799968,4095.67,2737.0183310477514,523.22,BG-1918_P,True,9,ALLWARA
2024-02-01,3345.090323013744,4898.830811125179,3961.79,2681.9405236885323,715.2,BG-1918_P,True,10,ALLWARA
2024-03-01,3314.8056919089745,5585.665440140594,3028.82,2627.97106289356,1839.96,BG-1918_P,True,11,ALLWARA
2024-04-01,3282.8208137056863,6293.398608760246,3045.68,2575.087645086034,1892.88,BG-1918_P,True,12,ALLWARA
2024-05-01,3257.0584629853565,7027.188656235156,3281.18,2523.268415510447,1993.7,BG-1918_P,True,13,ALLWARA
2024-06-01,3239.230176201342,7793.926873235676,3919.81,2472.4919592008223,2762.25,BG-1918_P,True,14,ALLWARA
2024-07-01,3198.727564530151,8569.91714563512,3281.94,2422.7372921307074,2329.51,BG-1918_P,True,15,ALLWARA
2024-08-01,3168.849410592402,9364.78270368627,3283.36,2373.9838525412506,2356.82,BG-1918_P,True,16,ALLWARA
2024-09-01,3137.0833450147798,10175.654556257261,3072.94,2326.2114924437897,2058.87,BG-1918_P,True,17,ALLWARA
2024-10-01,3102.7779560172244,10999.03204298105,3263.39,2279.400469293435,2065.42,BG-1918_P,True,18,ALLWARA
2024-11-01,3065.3751580445614,11830.875763195403,3443.98,2233.5314378302082,2227.01,BG-1918_P,True,19,ALLWARA
2024-12-01,3027.5489123262396,12669.83923343728,3340.35,2188.585442084363,2231.04,BG-1918_P,True,20,ALLWARA
2025-01-01,2990.0575528979707,13515.352878792664,3079.68,2144.543907542586,2292.95,BG-1918_P,True,21,ALLWARA
2025-02-01,2955.0826818176683,14369.046927138492,3035.38,2101.3886334718413,2299.53,BG-1918_P,True,22,ALLWARA
2025-03-01,2920.276732610357,15230.221874351171,3091.88,2059.101785397678,2366.29,BG-1918_P,True,23,ALLWARA
2025-04-01,2885.529051757231,16098.085038374495,3072.69,2017.6658877339078,2389.08,BG-1918_P,True,24,ALLWARA
2025-05-01,2851.0511096950086,16972.072331508913,2870.31,1977.06381656059,2314.58,BG-1918_P,True,25,ALLWARA
2025-06-01,2816.7398550466087,17851.53339400817,2789.44,1937.278792547352,2178.7,BG-1918_P,True,26,ALLWARA
2025-07-01,2780.1512750970446,18733.3902950861,2842.12,1898.2943740191135,2324.84,BG-1918_P,True,27,ALLWARA
2025-08-01,2753.975917342393,19627.27176226714,2930.88,1860.0944501613546,2319.83,BG-1918_P,True,28,ALLWARA
2025-09-01,2727.6646982594693,20532.2732261645,3001.75,1822.6632343621086,2404.22,BG-1918_P,True,29,ALLWARA
2025-10-01,2702.2878782986195,21448.575846775173,3124.94,1785.985257687945,2532.64,BG-1918_P,True,30,ALLWARA
2025-11-01,2676.8110550132014,22375.341539297144,3641.29,1750.0453624912307,3057.27,BG-1918_P,True,31,ALLWARA
2025-12-01,2651.2762744349993,23311.789117586108,3691.87,1714.8286961460367,3126.46,BG-1918_P,True,32,ALLWARA
2026-01-01,2624.1153176126018,24255.58373028861,3610.64,1680.3207049101,3041.34,BG-1918_P,True,33,ALLWARA
2026-02-01,2596.290284790246,25205.366887168555,3159.32,1646.5071279103006,2670.86,BG-1918_P,True,34,ALLWARA
2026-03-01,2469.154816409133,26061.14771232852,3013.19,1613.3739912491699,2540.92,BG-1918_P,True,35,ALLWARA
2023-04-01,1583.2604913309244,0.023055625847193034,1187.91,1583.2374357050771,797.5,BG-1919_P,True,0,ALLWARA
2023-05-01,1534.2096898195482,0.07194956393269121,1192.14,1534.1607958814627,807.83,BG-1919_P,True,1,ALLWARA
2023-06-01,1486.6628732571712,0.12940626115977,917.61,1486.6054165599442,658.82,BG-1919_P,True,2,ALLWARA
2023-07-01,1440.5866742084488,0.191938229618441,810.84,1440.5241422399902,588.51,BG-1919_P,True,3,ALLWARA
2023-08-01,1395.9509680529034,0.2716271517523392,856.96,1395.8712791307694,572.37,BG-1919_P,True,4,ALLWARA
2023-09-01,1352.6918781550462,0.3609554652150822,879.07,1352.6025498415834,583.92,BG-1919_P,True,5,ALLWARA
2023-10-01,1310.7664502870077,0.4523562754318038,2201.23,1310.675049476791,1492.98,BG-1919_P,True,6,ALLWARA
2023-11-01,1270.1429300986397,0.5480832823833821,2240.3,1270.047203091688,1535.95,BG-1919_P,True,7,ALLWARA
2023-12-01,1230.777736574221,0.6470953894513959,1047.9,1230.678724467153,678.68,BG-1919_P,True,8,ALLWARA
2024-01-01,1192.631829613468,0.7483488407374441,1422.34,1192.530576162182,865.65,BG-1919_P,True,9,ALLWARA
2024-02-01,1155.6696822742597,0.8531003102942073,2010.02,1155.564930804703,964.37,BG-1919_P,True,10,ALLWARA
2024-03-01,1119.8531832189344,0.9611499469468995,2080.38,1119.7451335822818,487.05,BG-1919_P,True,11,ALLWARA
2024-04-01,1085.1465342956265,1.072018347044105,1970.97,1085.0356658955293,885.85,BG-1919_P,True,12,ALLWARA
2024-05-01,1053.6847983220268,3.3547065309039454,753.96,1051.402110138167,603.42,BG-1919_P,True,13,ALLWARA
2024-06-01,1023.8657745866132,8.409365548689333,720.08,1018.8111155688277,580.06,BG-1919_P,True,14,ALLWARA
2024-07-01,994.2299571418371,15.408957449774986,702.73,987.2303652407514,567.19,BG-1919_P,True,15,ALLWARA
2024-08-01,964.919394371724,23.699807864918004,710.35,956.628543956581,513.36,BG-1919_P,True,16,ALLWARA
2024-09-01,936.2668592263452,32.99135987477865,708.52,926.9753072164846,492.13,BG-1919_P,True,17,ALLWARA
2024-10-01,908.2925318949979,43.04264064096139,691.15,898.2412511288152,485.36,BG-1919_P,True,18,ALLWARA
2024-11-01,880.7761154939279,53.420872881423506,731.72,870.3978832534658,513.48,BG-1919_P,True,19,ALLWARA
2024-12-01,854.2290580387553,64.23233657116467,723.06,843.4175943490142,507.79,BG-1919_P,True,20,ALLWARA
2025-01-01,828.4113209842941,75.37002655982005,863.59,817.2736309956388,479.06,BG-1919_P,True,21,ALLWARA
2025-02-01,803.2691089897515,86.69906648291057,846.9,791.9400690666611,573.27,BG-1919_P,True,22,ALLWARA
2025-03-01,778.8875235932795,98.19480205378306,859.73,767.391788022407,589.91,BG-1919_P,True,23,ALLWARA
2025-04-01,755.2431177991756,109.83347385206159,852.22,743.604446000897,592.21,BG-1919_P,True,24,ALLWARA
2025-05-01,732.299406399801,121.57842457119332,851.88,720.5544556806693,576.99,BG-1919_P,True,25,ALLWARA
2025-06-01,710.1187197891082,133.4781834685059,830.67,698.2189608917956,620.22,BG-1919_P,True,26,ALLWARA
2025-07-01,688.5561565416317,145.45852605823515,845.51,676.5758139519024,725.56,BG-1919_P,True,27,ALLWARA
2025-08-01,666.5346283919808,156.3896007454944,867.84,655.6035537047217,745.81,BG-1919_P,True,28,ALLWARA
2025-09-01,645.521592398963,166.62980890506256,892.24,635.2813842393948,772.9,BG-1919_P,True,29,ALLWARA
2025-10-01,625.3861789540206,176.42683358965448,892.16,615.5891542694287,773.29,BG-1919_P,True,30,ALLWARA
2025-11-01,605.9808557738401,185.9003522126395,911.85,596.507337150855,786.07,BG-1919_P,True,31,ALLWARA
2025-12-01,0.0,185.9003522126395,0.0,0.0,0.0,BG-1919_P,True,32,ALLWARA
2026-01-01,569.1886509981149,194.98916068063113,496.24,560.0998425301233,477.79,BG-1919_P,True,33,ALLWARA
2026-02-01,551.7105337772911,203.96163078497477,351.58,542.7380636729474,346.11,BG-1919_P,True,34,ALLWARA
2026-03-01,0.0,203.96163078497477,0.0,0.0,0.0,BG-1919_P,True,35,ALLWARA
2023-04-01,0.0,0.0,0.0,0.0,0.0,BG-2246_P,True,0,ALLWARA
2023-05-01,0.0,0.0,0.0,0.0,0.0,BG-2246_P,True,1,ALLWARA
2023-06-01,0.0,0.0,0.0,0.0,0.0,BG-2246_P,True,2,ALLWARA
2023-07-01,0.0,0.0,0.0,0.0,0.0,BG-2246_P,True,3,ALLWARA
2023-08-01,0.0,0.0,0.0,0.0,0.0,BG-2246_P,True,4,ALLWARA
2023-09-01,0.0,0.0,0.0,0.0,0.0,BG-2246_P,True,5,ALLWARA
2023-10-01,0.0,0.0,0.0,0.0,0.0,BG-2246_P,True,6,ALLWARA
2023-11-01,0.0,0.0,0.0,0.0,0.0,BG-2246_P,True,7,ALLWARA
2023-12-01,0.0,0.0,0.0,0.0,0.0,BG-2246_P,True,8,ALLWARA
2024-01-01,0.0,0.0,0.0,0.0,0.0,BG-2246_P,True,9,ALLWARA
2024-02-01,0.0,0.0,0.0,0.0,0.0,BG-2246_P,True,10,ALLWARA
2024-03-01,0.0,0.0,0.0,0.0,0.0,BG-2246_P,True,11,ALLWARA
2024-04-01,0.0,0.0,0.0,0.0,0.0,BG-2246_P,True,12,ALLWARA
2024-05-01,0.0,0.0,0.0,0.0,0.0,BG-2246_P,True,13,ALLWARA
2024-06-01,0.0,0.0,0.0,0.0,0.0,BG-2246_P,True,14,ALLWARA
2024-07-01,0.0,0.0,0.0,0.0,0.0,BG-2246_P,True,15,ALLWARA
2024-08-01,0.0,0.0,0.0,0.0,0.0,BG-2246_P,True,16,ALLWARA
2024-09-01,0.0,0.0,0.0,0.0,0.0,BG-2246_P,True,17,ALLWARA
2024-10-01,0.0,0.0,0.0,0.0,0.0,BG-2246_P,True,18,ALLWARA
2024-11-01,0.0,0.0,0.0,0.0,0.0,BG-2246_P,True,19,ALLWARA
2024-12-01,0.0,0.0,0.0,0.0,0.0,BG-2246_P,True,20,ALLWARA
2025-01-01,0.0,0.0,0.0,0.0,0.0,BG-2246_P,True,21,ALLWARA
2025-02-01,0.0,0.0,0.0,0.0,0.0,BG-2246_P,True,22,ALLWARA
2025-03-01,0.0,0.0,0.0,0.0,0.0,BG-2246_P,True,23,ALLWARA
2025-04-01,0.0,0.0,0.0,0.0,0.0,BG-2246_P,True,24,ALLWARA
2025-05-01,0.0,0.0,0.0,0.0,0.0,BG-2246_P,True,25,ALLWARA
2025-06-01,0.0,0.0,0.0,0.0,0.0,BG-2246_P,True,26,ALLWARA
2025-07-01,0.0,0.0,0.0,0.0,0.0,BG-2246_P,True,27,ALLWARA
2025-08-01,0.0,0.0,0.0,0.0,0.0,BG-2246_P,True,28,ALLWARA
2025-09-01,0.0,0.0,0.0,0.0,0.0,BG-2246_P,True,29,ALLWARA
2025-10-01,2.1691875906798344,2.1691875906798344,2188.35,0.0,4.32,BG-2246_P,True,30,ALLWARA
2025-11-01,3.7427964792173003,5.911984069897135,2248.88,0.0,0.0,BG-2246_P,True,31,ALLWARA
2025-12-01,5.09978657381026,11.011770643707393,2231.85,0.0,8.9,BG-2246_P,True,32,ALLWARA
2026-01-01,5.971669554629616,16.98344019833701,2419.53,0.0,13.82,BG-2246_P,True,33,ALLWARA
2026-02-01,7.831636937143604,24.815077135480614,2437.93,0.0,18.6,BG-2246_P,True,34,ALLWARA
2026-03-01,8.965605244577395,33.78068238005801,2514.85,0.0,24.9,BG-2246_P,True,35,ALLWARA
2023-04-01,7490.390156167024,517.5289257719277,7238.65,6972.861230395096,4907.19,BG-0919_P,True,0,ALLWARA
2023-05-01,6007.175639445646,1783.8941730523798,7253.11,4740.810392165194,5182.03,BG-0919_P,True,1,ALLWARA
2023-06-01,4895.928292033758,3456.5712871492424,7266.25,3223.2511779368956,5371.62,BG-0919_P,True,2,ALLWARA
2023-07-01,4194.720884525909,5459.821242308027,6912.97,2191.470929367125,5122.16,BG-0919_P,True,3,ALLWARA
2023-08-01,4071.4015336587972,8041.253620868222,2014.06,1489.969155098602,1470.65,BG-0919_P,True,4,ALLWARA
2023-09-01,4084.186632513146,11112.418335821021,716.79,1013.021917560348,506.13,BG-0919_P,True,5,ALLWARA
2023-10-01,4108.9549060827985,14532.625154773297,718.77,688.7480871305236,481.81,BG-0919_P,True,6,ALLWARA
2023-11-01,4256.086041313511,18320.435121006038,708.49,468.27607508077,471.99,BG-0919_P,True,7,ALLWARA
2023-12-01,4447.7103518972635,22449.767118624844,1426.6,318.3783542784563,1039.27,BG-0919_P,True,8,ALLWARA
2024-01-01,4657.404557601888,26890.707966318907,6652.57,216.46370990782412,5032.78,BG-0919_P,True,9,ALLWARA
2024-02-01,4899.839707521954,31643.375175844725,6578.13,147.17249799613424,4920.74,BG-0919_P,True,10,ALLWARA
2024-03-01,5132.6701659496275,36675.98356157426,7674.9,100.06178022009061,6101.95,BG-0919_P,True,11,ALLWARA
2024-04-01,5350.681248564218,41958.63335047625,7782.82,68.0314596622305,6515.69,BG-0919_P,True,12,ALLWARA
2024-05-01,5656.062890219485,47568.44202161635,7910.09,46.25421907938858,6934.63,BG-0919_P,True,13,ALLWARA
2024-06-01,6010.726724997073,53547.72075485687,7694.33,31.44799175655272,6388.18,BG-0919_P,True,14,ALLWARA
2024-07-01,6274.216364500926,59800.55580095692,7571.41,21.381318400874406,6320.26,BG-0919_P,True,15,ALLWARA
2024-08-01,6451.106573121722,66237.12533209204,7636.68,14.53704198660996,6162.66,BG-0919_P,True,16,ALLWARA
2024-09-01,6687.910978941038,72915.15265532212,7662.54,9.883655710950846,6048.32,BG-0919_P,True,17,ALLWARA
2024-10-01,6877.804502912133,79786.23731452035,7433.89,6.719843713913072,6025.33,BG-0919_P,True,18,ALLWARA
2024-11-01,6996.211136394639,86777.87966575491,7542.08,4.568785160068347,6797.9,BG-0919_P,True,19,ALLWARA
2024-12-01,7120.379897639097,93895.15327123491,866.38,3.1062921590933317,822.78,BG-0919_P,True,20,ALLWARA
2025-01-01,7040.297446454554,100933.33876656032,6820.45,2.111951129148813,5867.61,BG-0919_P,True,21,ALLWARA
2025-02-01,6843.570955823885,107775.4738183084,6339.69,1.4359040758145694,5138.4,BG-0919_P,True,22,ALLWARA
2025-03-01,6804.244304215729,114578.74185915965,6471.13,0.9762633644708795,5286.77,BG-0919_P,True,23,ALLWARA
2025-04-01,6864.1002709297845,121442.17837394244,6449.5,0.6637561469886669,5308.0,BG-0919_P,True,24,ALLWARA
2025-05-01,6922.414885578821,128364.14197533023,6378.59,0.4512841910277189,5171.76,BG-0919_P,True,25,ALLWARA
2025-06-01,7044.791700076712,135408.62684974214,6248.83,0.30682566481003204,5067.79,BG-0919_P,True,26,ALLWARA
2025-07-01,7145.219096020218,142553.63733666315,6436.11,0.20860909922797566,5334.62,BG-0919_P,True,27,ALLWARA
2025-08-01,7102.685596552923,149656.1811010251,6572.18,0.14183219095329253,5648.0,BG-0919_P,True,28,ALLWARA
2025-09-01,7078.42354471211,156734.50821480268,6757.94,0.09643093453285721,5854.11,BG-0919_P,True,29,ALLWARA
2025-10-01,7042.385036735288,163776.82768867054,6765.77,0.06556286744482748,5819.04,BG-0919_P,True,30,ALLWARA
2025-11-01,7017.587814798166,170794.37092763203,7210.82,0.04457583666912808,6026.63,BG-0919_P,True,31,ALLWARA
2025-12-01,7023.365844099884,177817.7064648632,7306.35,0.03030686869247887,6187.38,BG-0919_P,True,32,ALLWARA
2026-01-01,7031.45839562863,184849.14425501678,7283.18,0.020605475041577545,6357.25,BG-0919_P,True,33,ALLWARA
2026-02-01,7040.555844564355,191889.68609003082,8618.66,0.014009550310106528,7084.72,BG-0919_P,True,34,ALLWARA
2026-03-01,6839.434837736569,198729.1114027504,8522.38,0.009525016991618913,7321.68,BG-0919_P,True,35,ALLWARA
2023-04-01,3857.2666325574664,0.0451030671942958,3262.8,3857.221529490272,1562.82,BG-1386_P,True,0,ALLWARA
2023-05-01,3780.928976531412,0.13065374198788812,3259.31,3780.8434258566185,1538.12,BG-1386_P,True,1,ALLWARA
2023-06-01,0.0,0.13065374198788812,0.0,0.0,0.0,BG-1386_P,True,2,ALLWARA
2023-07-01,3632.741119361328,0.2773384517871398,472.24,3632.594434651529,0.11,BG-1386_P,True,3,ALLWARA
2023-08-01,3560.835717084373,0.4488100292285192,537.2,3560.6642455069314,289.96,BG-1386_P,True,4,ALLWARA
2023-09-01,0.0,0.4488100292285192,0.0,0.0,0.0,BG-1386_P,True,5,ALLWARA
2023-10-01,0.0,0.4488100292285192,0.0,0.0,0.0,BG-1386_P,True,6,ALLWARA
2023-11-01,3353.5339932169018,0.6755008261838353,3233.55,3353.3073024199466,1850.73,BG-1386_P,True,7,ALLWARA
2023-12-01,3287.146117810201,0.9142496144991363,4851.08,3286.9073690218856,2797.52,BG-1386_P,True,8,ALLWARA
2024-01-01,3222.070125809251,1.1621330263000373,3806.28,3221.82224239745,2974.74,BG-1386_P,True,9,ALLWARA
2024-02-01,3158.2827318057048,1.4189772038288866,3726.72,3158.025887628176,2957.4,BG-1386_P,True,10,ALLWARA
2024-03-01,3095.7576081772163,1.6838000595187668,3750.66,3095.4927853215263,3309.08,BG-1386_P,True,11,ALLWARA
2024-04-01,3034.4705773271194,1.9564559838454008,3732.04,3034.197921402793,3265.63,BG-1386_P,True,12,ALLWARA
2024-05-01,2974.4031066271873,2.2427855019005136,3201.55,2974.1167771091323,2814.49,BG-1386_P,True,13,ALLWARA
2024-06-01,2915.52762982175,2.5450961419161704,3062.23,2915.2253191817344,2684.25,BG-1386_P,True,14,ALLWARA
2024-07-01,2857.810817982944,2.855923872661899,2977.05,2857.499990252198,2638.55,BG-1386_P,True,15,ALLWARA
2024-08-01,2801.2402940641823,3.178518517573619,3143.46,2800.917699419271,2846.03,BG-1386_P,True,16,ALLWARA
2024-09-01,2745.788399583526,3.5111050889214295,3228.92,2745.455813012178,2942.06,BG-1386_P,True,17,ALLWARA
2024-10-01,2691.435105997088,3.8540655491528675,3164.78,2691.0921455368566,2888.24,BG-1386_P,True,18,ALLWARA
2024-11-01,2638.1582640160996,4.207378763796059,2643.19,2637.8049508014565,2348.12,BG-1386_P,True,19,ALLWARA
2024-12-01,2585.9353605072106,4.569826053427848,2447.32,2585.5729132175784,2095.5,BG-1386_P,True,20,ALLWARA
2025-01-01,2534.745621638968,4.940308418643641,2240.42,2534.375139273752,1865.38,BG-1386_P,True,21,ALLWARA
2025-02-01,2484.569473695585,5.318632936473178,2205.81,2484.1911491777555,1941.09,BG-1386_P,True,22,ALLWARA
2025-03-01,2435.384821659459,5.702585931512184,2444.29,2435.00086866442,2167.07,BG-1386_P,True,23,ALLWARA
2025-04-01,2387.173778604998,6.0917435708486005,2594.4,2386.7846209656614,2353.38,BG-1386_P,True,24,ALLWARA
2025-05-01,2339.9177150724186,6.48633970375951,2545.95,2339.5231189395076,2300.84,BG-1386_P,True,25,ALLWARA
2025-06-01,2293.597015567362,6.8858979161339935,2521.8,2293.197457354988,2032.31,BG-1386_P,True,26,ALLWARA
2025-07-01,2248.19167296637,7.288465552719909,2580.58,2247.789105329784,2132.74,BG-1386_P,True,27,ALLWARA
2025-08-01,2203.690354645201,7.698921280288149,2663.58,2203.2798989176326,2244.54,BG-1386_P,True,28,ALLWARA
2025-09-01,2160.0681141489613,8.115001586744205,2956.22,2159.6520338425053,2509.09,BG-1386_P,True,29,ALLWARA
2025-10-01,2117.3058107460633,8.53275395614795,2957.1,2116.8880583766595,2498.6,BG-1386_P,True,30,ALLWARA
2025-11-01,2075.383113554106,8.945001150539063,2996.42,2074.970866359715,2703.85,BG-1386_P,True,31,ALLWARA
2025-12-01,2034.2984920038698,9.359802798448028,3040.72,2033.8836903559609,2839.38,BG-1386_P,True,32,ALLWARA
2026-01-01,0.0,9.359802798448028,0.0,0.0,0.0,BG-1386_P,True,33,ALLWARA
2026-02-01,0.0,9.359802798448028,0.0,0.0,0.0,BG-1386_P,True,34,ALLWARA
2026-03-01,0.0,9.359802798448028,0.0,0.0,0.0,BG-1386_P,True,35,ALLWARA
2023-04-01,4418.271115401927,389.6291409568239,4993.06,4028.6419744451027,1890.36,BG-1917_P,True,0,ALLWARA
2023-05-01,4532.687861224553,1136.1662913422263,4969.09,3786.1507108391506,1914.83,BG-1917_P,True,1,ALLWARA
2023-06-01,4622.190470389337,2200.1013257512363,5001.85,3558.255435980327,1917.14,BG-1917_P,True,2,ALLWARA
2023-07-01,4688.645804697921,3544.6695396029745,4815.54,3344.077590846183,1809.88,BG-1917_P,True,3,ALLWARA
2023-08-01,4753.668707196757,5155.546748325243,4841.0,3142.791498474489,1757.08,BG-1917_P,True,4,ALLWARA
2023-09-01,4807.3548338832,7009.280401312271,4367.27,2953.6211808961716,1557.04,BG-1917_P,True,5,ALLWARA
2023-10-01,4847.354641330836,9080.797674980295,4282.24,2775.8373676628125,1573.58,BG-1917_P,True,6,ALLWARA
2023-11-01,4884.333147321722,11356.3761378657,4441.61,2608.7546844363173,2174.21,BG-1917_P,True,7,ALLWARA
2023-12-01,4907.475183353568,13812.122310416817,4767.68,2451.7290108024513,3639.55,BG-1917_P,True,8,ALLWARA
2024-01-01,4912.3464339592765,16420.31374725371,4750.41,2304.154997122383,3593.04,BG-1917_P,True,9,ALLWARA
2024-02-01,0.0,16420.31374725371,0.0,0.0,0.0,BG-1917_P,True,10,ALLWARA
2024-03-01,4931.236352194755,19316.429556134055,4765.05,2035.1205433144107,4152.12,BG-1917_P,True,11,ALLWARA
2024-04-01,4934.232091768639,22338.03869937808,4859.05,1912.6229485246135,4313.21,BG-1917_P,True,12,ALLWARA
2024-05-01,4927.044849230397,25467.584842578348,4966.46,1797.4987060301296,4354.0,BG-1917_P,True,13,ALLWARA
2024-06-01,4986.907921741985,28765.18876393052,4748.66,1689.3040003898134,4162.52,BG-1917_P,True,14,ALLWARA
2024-07-01,4973.269349768258,32150.836383480302,4631.59,1587.6217302184764,4042.93,BG-1917_P,True,15,ALLWARA
2024-08-01,4981.231236884556,35640.007720145426,4692.81,1492.05990021943,3919.3,BG-1917_P,True,16,ALLWARA
2024-09-01,4984.534265815166,39222.29187595709,4684.18,1402.250110003506,3961.56,BG-1917_P,True,17,ALLWARA
2024-10-01,4982.157651385069,42886.60339347336,4567.87,1317.8461338688007,3959.75,BG-1917_P,True,18,ALLWARA
2024-11-01,4973.655978554846,46621.73678596215,6000.58,1238.52258606605,5181.14,BG-1917_P,True,19,ALLWARA
2024-12-01,4961.23852124309,50419.00164080114,6446.78,1163.9736664041,5436.36,BG-1917_P,True,20,ALLWARA
2025-01-01,4868.743387720628,54193.83304716211,6199.85,1093.9119813596603,5071.34,BG-1917_P,True,21,ALLWARA
2025-02-01,4452.37681358007,57618.14242459558,4958.34,1028.0674361465972,4363.29,BG-1917_P,True,22,ALLWARA
2025-03-01,0.0,57618.14242459558,0.0,0.0,0.0,BG-1917_P,True,23,ALLWARA
2025-04-01,3844.3247448739453,60554.437474493505,3097.38,908.0296949760224,2354.24,BG-1917_P,True,24,ALLWARA
2025-05-01,3686.751361282876,63387.815094226644,3079.42,853.3737415497338,2293.76,BG-1917_P,True,25,ALLWARA
2025-06-01,3542.3917336169334,66128.19919880253,3005.62,802.0076290410547,2216.59,BG-1917_P,True,26,ALLWARA
2025-07-01,3410.086629748035,68784.55249258927,2827.3,753.7333359612965,2114.02,BG-1917_P,True,27,ALLWARA
2025-08-01,3290.188940767881,71366.376673263,2718.66,708.3647600941497,2035.7,BG-1917_P,True,28,ALLWARA
2025-09-01,3181.0048930312832,73881.65456524122,2755.76,665.7270010530731,2274.92,BG-1917_P,True,29,ALLWARA
2025-10-01,3083.364564966326,76339.3634441847,2493.69,625.6556860228524,1885.3,BG-1917_P,True,30,ALLWARA
2025-11-01,2993.628279731535,78744.99538783023,2471.37,587.9963360859974,1717.83,BG-1917_P,True,31,ALLWARA
2025-12-01,2912.5811665247784,81104.9727836639,2493.55,552.6037706911031,1689.27,BG-1917_P,True,32,ALLWARA
2026-01-01,2735.2937316317802,83320.92496732835,2452.65,519.3415479673388,1642.99,BG-1917_P,True,33,ALLWARA
2026-02-01,2498.2884278396386,85331.13195644057,2568.65,488.08143872742136,1886.27,BG-1917_P,True,34,ALLWARA
2026-03-01,2282.245511168073,87154.67453547734,2879.44,458.7029321313056,2429.09,BG-1917_P,True,35,ALLWARA
2023-04-01,0.0,0.0,0.0,0.0,0.0,BG-2243_P,True,0,ALLWARA
2023-05-01,0.0,0.0,0.0,0.0,0.0,BG-2243_P,True,1,ALLWARA
2023-06-01,0.0,0.0,0.0,0.0,0.0,BG-2243_P,True,2,ALLWARA
2023-07-01,0.0,0.0,0.0,0.0,0.0,BG-2243_P,True,3,ALLWARA
2023-08-01,0.0,0.0,0.0,0.0,0.0,BG-2243_P,True,4,ALLWARA
2023-09-01,0.0,0.0,0.0,0.0,0.0,BG-2243_P,True,5,ALLWARA
2023-10-01,0.0,0.0,0.0,0.0,0.0,BG-2243_P,True,6,ALLWARA
2023-11-01,0.0,0.0,0.0,0.0,0.0,BG-2243_P,True,7,ALLWARA
2023-12-01,0.0,0.0,0.0,0.0,0.0,BG-2243_P,True,8,ALLWARA
2024-01-01,0.0,0.0,0.0,0.0,0.0,BG-2243_P,True,9,ALLWARA
2024-02-01,0.0,0.0,0.0,0.0,0.0,BG-2243_P,True,10,ALLWARA
2024-03-01,0.0,0.0,0.0,0.0,0.0,BG-2243_P,True,11,ALLWARA
2024-04-01,0.0,0.0,0.0,0.0,0.0,BG-2243_P,True,12,ALLWARA
2024-05-01,0.0,0.0,0.0,0.0,0.0,BG-2243_P,True,13,ALLWARA
2024-06-01,0.0,0.0,0.0,0.0,0.0,BG-2243_P,True,14,ALLWARA
2024-07-01,0.0,0.0,0.0,0.0,0.0,BG-2243_P,True,15,ALLWARA
2024-08-01,0.0,0.0,0.0,0.0,0.0,BG-2243_P,True,16,ALLWARA
2024-09-01,0.0,0.0,0.0,0.0,0.0,BG-2243_P,True,17,ALLWARA
2024-10-01,0.0,0.0,0.0,0.0,0.0,BG-2243_P,True,18,ALLWARA
2024-11-01,0.0,0.0,0.0,0.0,0.0,BG-2243_P,True,19,ALLWARA
2024-12-01,0.0,0.0,0.0,0.0,0.0,BG-2243_P,True,20,ALLWARA
2025-01-01,0.0,0.0,0.0,0.0,0.0,BG-2243_P,True,21,ALLWARA
2025-02-01,0.0,0.0,0.0,0.0,0.0,BG-2243_P,True,22,ALLWARA
2025-03-01,0.0,0.0,0.0,0.0,0.0,BG-2243_P,True,23,ALLWARA
2025-04-01,0.0,0.0,0.0,0.0,0.0,BG-2243_P,True,24,ALLWARA
2025-05-01,0.0,0.0,0.0,0.0,0.0,BG-2243_P,True,25,ALLWARA
2025-06-01,0.0,0.0,0.0,0.0,0.0,BG-2243_P,True,26,ALLWARA
2025-07-01,0.0,0.0,0.0,0.0,0.0,BG-2243_P,True,27,ALLWARA
2025-08-01,0.0,0.0,0.0,0.0,0.0,BG-2243_P,True,28,ALLWARA
2025-09-01,0.0,0.0,0.0,0.0,0.0,BG-2243_P,True,29,ALLWARA
2025-10-01,1.1652054289501461,1.1652054289501463,1525.7,0.0,536.06,BG-2243_P,True,30,ALLWARA
2025-11-01,1.0656734276985467,2.230878856648693,1474.19,0.0,1130.64,BG-2243_P,True,31,ALLWARA
2025-12-01,0.9728237818088931,3.203702638457586,1069.97,0.0,804.92,BG-2243_P,True,32,ALLWARA
2026-01-01,0.8969606062918946,4.10066324474948,1098.09,0.0,816.74,BG-2243_P,True,33,ALLWARA
2026-02-01,0.8189012859815,4.91956453073098,1098.14,0.0,814.67,BG-2243_P,True,34,ALLWARA
2026-03-01,0.7558492589946392,5.67541378972562,1089.06,0.0,796.04,BG-2243_P,True,35,ALLWARA
2023-04-01,3662.844241796749,0.011026174511465942,2938.63,3662.8332156222377,14.03,BG-1147_P,True,0,ALLWARA
2023-05-01,3590.321242787033,0.02801046471099376,2899.57,3590.3042584968334,13.19,BG-1147_P,True,1,ALLWARA
2023-06-01,3519.229578286489,0.046117805009792574,2948.77,3519.2114709461903,52.18,BG-1147_P,True,2,ALLWARA
2023-07-01,3449.54738458346,0.06708748109919177,2937.29,3449.5264149073705,48.29,BG-1147_P,True,3,ALLWARA
2023-08-01,3381.2439941307302,0.08986618301653612,2743.77,3381.2212154288127,47.62,BG-1147_P,True,4,ALLWARA
2023-09-01,3314.29200256316,0.11331922620017035,2695.92,3314.2685495199767,47.14,BG-1147_P,True,5,ALLWARA
2023-10-01,3248.6655481299144,0.1372321343287872,3106.94,3248.6416352217857,105.81,BG-1147_P,True,6,ALLWARA
2023-11-01,3184.338358144458,0.1613693853047153,3198.17,3184.3142208934823,108.9,BG-1147_P,True,7,ALLWARA
2023-12-01,3121.284773270932,0.18556794461126608,3340.27,3121.2605747116254,110.27,BG-1147_P,True,8,ALLWARA
2024-01-01,3059.481162292295,0.21125585989034515,3182.81,3059.455474377016,111.7,BG-1147_P,True,9,ALLWARA
2024-02-01,2998.900561900572,0.23762073502126896,2666.23,2998.874197025441,89.32,BG-1147_P,True,10,ALLWARA
2024-03-01,2939.5187303276703,0.2638417244935328,2339.92,2939.492509338198,62.92,BG-1147_P,True,11,ALLWARA
2024-04-01,2881.3173755562975,0.2945594323448123,2278.69,2881.2866578484463,51.75,BG-1147_P,True,12,ALLWARA
2024-05-01,3483.788460890258,659.8496608831003,2715.08,2824.2333594395027,43.68,BG-1147_P,True,13,ALLWARA
2024-06-01,3824.850534664852,1716.3904035166718,3676.54,2768.3097920312807,113.27,BG-1147_P,True,14,ALLWARA
2024-07-01,3941.5916303054237,2944.4884483709343,4078.47,2713.4935854511614,146.12,BG-1147_P,True,15,ALLWARA
2024-08-01,3856.41807265139,4141.143708536705,4008.36,2659.7628124856187,162.73,BG-1147_P,True,16,ALLWARA
2024-09-01,3790.450828665792,5324.498557093449,4176.98,2607.095980109048,170.48,BG-1147_P,True,17,ALLWARA
2024-10-01,3735.325520664008,6504.352056871193,3848.56,2555.4720208862636,32.4,BG-1147_P,True,18,ALLWARA
2024-11-01,3688.0399984920773,7687.521770818022,3729.98,2504.8702845452485,20.74,BG-1147_P,True,19,ALLWARA
2024-12-01,3639.958581480266,8872.20982258152,3786.21,2455.270529716767,43.25,BG-1147_P,True,20,ALLWARA
2025-01-01,3600.336508976164,10065.893415720137,3876.92,2406.6529158375492,24.99,BG-1147_P,True,21,ALLWARA
2025-02-01,3559.4250532540073,11266.320473760343,4059.34,2358.9979952138006,12.06,BG-1147_P,True,22,ALLWARA
2025-03-01,3516.4038254369843,12470.437593955465,4068.8,2312.2867052418624,15.58,BG-1147_P,True,23,ALLWARA
2025-04-01,3474.4059288463623,13678.343162018906,3944.75,2266.5003607829217,31.08,BG-1147_P,True,24,ALLWARA
2025-05-01,3430.0389038199046,14886.761419150109,4055.97,2221.620646688702,33.87,BG-1147_P,True,25,ALLWARA
2025-06-01,3395.8948326095233,16105.02664128447,4183.87,2177.629610475162,163.58,BG-1147_P,True,26,ALLWARA
2025-07-01,3314.791609818968,17285.30859596218,4404.32,2134.50965514126,192.83,BG-1147_P,True,27,ALLWARA
2025-08-01,3796.4825136465074,18989.547577478763,4348.47,2092.2435321299226,266.29,BG-1147_P,True,28,ALLWARA
2025-09-01,3945.2702130663893,20884.003456116763,4368.6,2050.81433442839,257.67,BG-1147_P,True,29,ALLWARA
2025-10-01,3801.127510494697,22674.925476806275,4095.65,2010.205489805184,242.47,BG-1147_P,True,30,ALLWARA
2025-11-01,3713.954894453612,24418.47961707889,4160.98,1970.4007541809979,589.87,BG-1147_P,True,31,ALLWARA
2025-12-01,3519.9643045227504,26007.059716470798,4140.29,1931.384205130844,607.34,BG-1147_P,True,32,ALLWARA
2026-01-01,3550.0364566749936,27663.955937630915,4114.84,1893.1402355148755,597.71,BG-1147_P,True,33,ALLWARA
2026-02-01,3888.013946492194,29696.31633688779,4206.69,1855.6535472353191,609.97,BG-1147_P,True,34,ALLWARA
2026-03-01,3611.7046105986255,31489.11180236938,4178.32,1818.9091451170343,654.44,BG-1147_P,True,35,ALLWARA
2023-04-01,339.32337053814314,0.21418568301890345,254.15,339.1091848551242,135.5,BG-0248_P,True,0,ALLWARA
2023-05-01,326.09271203708477,0.5769784108315361,259.01,325.72991930927213,142.92,BG-0248_P,True,1,ALLWARA
2023-06-01,313.30063813292384,0.9990951950828917,348.66,312.8785213486725,183.67,BG-0248_P,True,2,ALLWARA
2023-07-01,301.0349529680762,1.4998837581236089,416.55,300.5341644050355,214.34,BG-0248_P,True,3,ALLWARA
2023-08-01,0.0,1.4998837581236089,0.0,0.0,0.0,BG-0248_P,True,4,ALLWARA
2023-09-01,0.0,1.4998837581236089,0.0,0.0,0.0,BG-0248_P,True,5,ALLWARA
2023-10-01,0.0,1.4998837581236089,0.0,0.0,0.0,BG-0248_P,True,6,ALLWARA
2023-11-01,0.0,1.4998837581236089,0.0,0.0,0.0,BG-0248_P,True,7,ALLWARA
2023-12-01,246.40678319395766,2.16186334506353,444.79,245.74480360701776,226.07,BG-0248_P,True,8,ALLWARA
2024-01-01,236.71861197113708,2.8313247047695405,429.14,236.04915061143106,219.78,BG-0248_P,True,9,ALLWARA
2024-02-01,227.4119734404074,3.507266755958679,390.17,226.73603138921825,200.44,BG-0248_P,True,10,ALLWARA
2024-03-01,218.47219076150722,4.189104122976758,62.67,217.79035339448913,27.35,BG-0248_P,True,11,ALLWARA
2024-04-01,209.87656341271514,4.868047990728856,339.77,209.19761954496303,185.58,BG-0248_P,True,12,ALLWARA
2024-05-01,201.63939789952357,5.563541161795958,470.21,200.94390472845646,260.04,BG-0248_P,True,13,ALLWARA
2024-06-01,193.7416467327827,6.2893546582906605,436.41,193.015833236288,249.91,BG-0248_P,True,14,ALLWARA
2024-07-01,186.11619014391084,7.00498771517343,243.24,185.40055708702806,97.57,BG-0248_P,True,15,ALLWARA
2024-08-01,178.83663017148578,7.755882681191233,238.98,178.08573520546798,101.36,BG-0248_P,True,16,ALLWARA
2024-09-01,171.8321487272821,8.52851798540909,245.34,171.05951342306423,111.8,BG-0248_P,True,17,ALLWARA
2024-10-01,165.15667837340422,9.374691091364795,275.26,164.31050526744852,128.0,BG-0248_P,True,18,ALLWARA
2024-11-01,158.785167569787,10.332085151280173,369.2,157.82777350987163,184.38,BG-0248_P,True,19,ALLWARA
2024-12-01,152.63799818836483,11.369270898967935,329.61,151.60081244067706,174.21,BG-0248_P,True,20,ALLWARA
2025-01-01,146.7139817195491,12.463721774436292,284.89,145.61953084408074,150.51,BG-0248_P,True,21,ALLWARA
2025-02-01,141.0153918293708,13.604877959140396,286.31,139.8742356446667,149.29,BG-0248_P,True,22,ALLWARA
2025-03-01,135.52985152125123,14.779113281295562,287.17,134.35561619909606,151.23,BG-0248_P,True,23,ALLWARA
2025-04-01,130.25270849111672,15.977092564838582,267.4,129.0547292075737,133.86,BG-0248_P,True,24,ALLWARA
2025-05-01,125.17626423990369,17.190372584122663,277.13,123.9629842206196,141.06,BG-0248_P,True,25,ALLWARA
2025-06-01,0.0,17.190372584122663,0.0,0.0,0.0,BG-0248_P,True,26,ALLWARA
2025-07-01,0.0,17.190372584122663,0.0,0.0,0.0,BG-0248_P,True,27,ALLWARA
2025-08-01,111.0988384880944,18.42751005160088,278.19,109.86170102061618,143.27,BG-0248_P,True,28,ALLWARA
2025-09-01,106.67371980866942,19.574029162615858,275.59,105.52720069765444,144.21,BG-0248_P,True,29,ALLWARA
2025-10-01,102.22234321148818,20.432657961987807,241.3,101.36371441211624,120.99,BG-0248_P,True,30,ALLWARA
2025-11-01,98.01005177925424,21.078214791179025,204.82,97.36449495006302,94.12,BG-0248_P,True,31,ALLWARA
2025-12-01,94.03575462749201,21.590908115506142,203.63,93.5230613031649,96.15,BG-0248_P,True,32,ALLWARA
2026-01-01,90.25483892416797,22.01255887389007,201.46,89.83318816578404,95.08,BG-0248_P,True,33,ALLWARA
2026-02-01,86.64777807618196,22.371441103630527,227.56,86.2888958464415,108.97,BG-0248_P,True,34,ALLWARA
2026-03-01,83.14969221045263,22.636692736764296,244.64,82.88444057731886,120.76,BG-0248_P,True,35,ALLWARA
2023-04-01,3641.651997842237,0.2476598539668071,3614.48,3641.40433798827,2508.9,BG-0878_P,True,0,ALLWARA
2023-05-01,3566.606336823412,0.709374031444951,3632.03,3566.144622645934,2510.81,BG-0878_P,True,1,ALLWARA
2023-06-01,3493.0850378947175,1.3540539701011478,3646.76,3492.4403579560612,2498.26,BG-0878_P,True,2,ALLWARA
2023-07-01,3421.0839789020897,2.1786366532907544,3478.15,3420.2593962189003,2358.89,BG-0878_P,True,3,ALLWARA
2023-08-01,3350.5694063225856,3.177788819841581,3436.36,3349.570254156035,2428.76,BG-0878_P,True,4,ALLWARA
2023-09-01,3281.4919977879777,4.3276874295448,3492.35,3280.3420991782746,2635.59,BG-0878_P,True,5,ALLWARA
2023-10-01,3213.8241238400688,5.607075332255299,3489.75,3212.5447359373584,2663.87,BG-0878_P,True,6,ALLWARA
2023-11-01,3147.545970387069,7.0044525637205055,3432.81,3146.1485931556035,2608.79,BG-0878_P,True,7,ALLWARA
2023-12-01,3082.6235188885103,8.503260724469325,3377.63,3081.1247107277613,2274.98,BG-0878_P,True,8,ALLWARA
2024-01-01,3019.0282065820215,10.086740217052158,3312.14,3017.444727089439,2551.73,BG-0878_P,True,9,ALLWARA
2024-02-01,2956.747394579141,11.75326794959881,3480.87,2955.0808668465947,2673.47,BG-0878_P,True,10,ALLWARA
2024-03-01,2895.7456785813197,13.493017870211753,3487.49,2894.0059286607066,3023.54,BG-0878_P,True,11,ALLWARA
2024-04-01,2835.9172214542173,15.216965940111317,3533.14,2834.1932733843178,2515.16,BG-0878_P,True,12,ALLWARA
2024-05-01,2822.6014951084308,62.201648606738146,2553.77,2775.616812441804,1716.49,BG-0878_P,True,13,ALLWARA
2024-06-01,2831.581151213435,175.53180336989374,2377.08,2718.2509964502797,1884.79,BG-0878_P,True,14,ALLWARA
2024-07-01,2834.676202494076,348.1372017882866,2288.54,2662.070804075683,1947.04,BG-0878_P,True,15,ALLWARA
2024-08-01,2831.001412598825,572.0868832679256,2577.21,2607.051731119186,1936.71,BG-0878_P,True,16,ALLWARA
2024-09-01,2824.8771330860936,843.7942365248598,2569.28,2553.1697798291593,1968.87,BG-0878_P,True,17,ALLWARA
2024-10-01,2815.9974329419074,1159.3902210327292,2466.01,2500.401448434038,2101.49,BG-0878_P,True,18,ALLWARA
2024-11-01,2799.2878704584473,1509.9543705996598,2434.33,2448.7237208915167,2107.34,BG-0878_P,True,19,ALLWARA
2024-12-01,2784.14901902091,1895.989332770959,2349.15,2398.1140568496107,2058.29,BG-0878_P,True,20,ALLWARA
2025-01-01,2766.8729707324874,2314.3119216882496,2316.34,2348.5503818151965,2020.85,BG-0878_P,True,21,ALLWARA
2025-02-01,2746.7657298684016,2761.066574030908,2309.06,2300.011077525743,2031.95,BG-0878_P,True,22,ALLWARA
2025-03-01,0.0,2761.066574030908,0.0,0.0,0.0,BG-0878_P,True,23,ALLWARA
2025-04-01,0.0,2761.066574030908,0.0,0.0,0.0,BG-0878_P,True,24,ALLWARA
2025-05-01,2677.5997051721806,3278.3364258968277,2273.27,2160.329853306261,1634.09,BG-0878_P,True,25,ALLWARA
2025-06-01,2653.4270452831684,3816.0828231567725,1984.17,2115.6806480232235,1344.35,BG-0878_P,True,26,ALLWARA
2025-07-01,2627.4248244280734,4371.553405240999,2008.35,2071.9542423438465,1401.55,BG-0878_P,True,27,ALLWARA
2025-08-01,2577.438369509668,4919.860210694531,2039.58,2029.131564056136,1523.84,BG-0878_P,True,28,ALLWARA
2025-09-01,2530.0899210192447,5462.756196585545,2466.01,1987.1939351282313,1787.06,BG-0878_P,True,29,ALLWARA
2025-10-01,2485.042848725669,6001.675981749636,2794.15,1946.1230635615782,1967.58,BG-0878_P,True,30,ALLWARA
2025-11-01,2440.7784646922755,6536.5534110294275,2874.76,1905.9010354124835,2000.07,BG-0878_P,True,31,ALLWARA
2025-12-01,2398.2651223921503,7068.308226443019,2891.81,1866.5103069785594,2045.1,BG-0878_P,True,32,ALLWARA
2026-01-01,2356.61600225099,7596.990531547344,2739.31,1827.9336971466641,2117.39,BG-0878_P,True,33,ALLWARA
2026-02-01,2316.2022901586906,8123.038441807046,2709.63,1790.1543798989885,2174.26,BG-0878_P,True,34,ALLWARA
2026-03-01,0.0,8123.038441807046,0.0,0.0,0.0,BG-0878_P,True,35,ALLWARA
2023-04-01,1896.8301938994373,0.006093369744966475,2029.97,1896.8241005296923,1809.92,BG-0917_P,True,0,ALLWARA
2023-05-01,1817.3296247405153,0.017788674747530153,2049.96,1817.3179294355127,1833.35,BG-0917_P,True,1,ALLWARA
2023-06-01,1741.1609884509178,0.034484554989946445,2054.09,1741.1442925706754,1835.34,BG-0917_P,True,2,ALLWARA
2023-07-01,1668.1853730067785,0.05635218486654421,1946.63,1668.1635053769019,1733.4,BG-0917_P,True,3,ALLWARA
2023-08-01,1598.268685050237,0.0832990028334747,2174.12,1598.24173823227,2041.07,BG-0917_P,True,4,ALLWARA
2023-09-01,1531.2824636281007,0.11499159181065013,2614.34,1531.2507710391235,1690.9,BG-0917_P,True,5,ALLWARA
2023-10-01,1467.103904608797,0.15113810207974232,676.37,1467.0677580985277,417.25,BG-0917_P,True,6,ALLWARA
2023-11-01,1405.6154190595605,0.19155432152795449,611.02,1405.5750028401123,382.11,BG-0917_P,True,7,ALLWARA
2023-12-01,1346.704113941737,0.23592626905856032,594.98,1346.6597419942063,368.39,BG-0917_P,True,8,ALLWARA
2024-01-01,1290.2619254531253,0.2839129116972495,592.37,1290.2139388104865,380.36,BG-0917_P,True,9,ALLWARA
2024-02-01,0.0,0.2839129116972495,0.0,0.0,0.0,BG-0917_P,True,10,ALLWARA
2024-03-01,1184.375945764484,0.3388480312385142,779.66,1184.3210106449426,514.72,BG-0917_P,True,11,ALLWARA
2024-04-01,1134.7368373342217,0.39598246037303547,777.17,1134.6797029050872,474.02,BG-0917_P,True,12,ALLWARA
2024-05-01,1088.53354347603,1.810394710615254,800.55,1087.1191312257877,192.06,BG-0917_P,True,13,ALLWARA
2024-06-01,1045.5007328416202,5.759046862581537,764.67,1041.5520806896538,188.38,BG-0917_P,True,14,ALLWARA
2024-07-01,1003.2222575969168,11.086312430667626,758.03,997.8949920288308,194.58,BG-0917_P,True,15,ALLWARA
2024-08-01,962.6284399087313,17.64694394246837,772.17,956.0678083969306,216.28,BG-0917_P,True,16,ALLWARA
2024-09-01,0.0,17.64694394246837,0.0,0.0,0.0,BG-0917_P,True,17,ALLWARA
2024-10-01,888.2230479304086,28.27042561050606,700.46,877.5995662623709,262.57,BG-0917_P,True,18,ALLWARA
2024-11-01,852.3204037133651,39.77621388954458,746.68,840.8146154343266,279.47,BG-0917_P,True,19,ALLWARA
2024-12-01,817.9175565498729,52.122249319708864,737.31,805.5715211197086,276.42,BG-0917_P,True,20,ALLWARA
2025-01-01,784.9552404028458,65.27183396108185,770.81,771.8056557614728,285.05,BG-0917_P,True,21,ALLWARA
2025-02-01,753.3548745721469,79.17160783972001,884.11,739.4551006935087,351.4,BG-0917_P,True,22,ALLWARA
2025-03-01,723.0895851321698,93.80066037554118,886.89,708.4605325963486,361.6,BG-0917_P,True,23,ALLWARA
2025-04-01,694.0883467941592,109.12389245756654,869.22,678.7651147121338,363.01,BG-0917_P,True,24,ALLWARA
2025-05-01,666.1689132382813,124.9784130764971,888.85,650.3143926193508,353.68,BG-0917_P,True,25,ALLWARA
2025-06-01,639.4329115360393,141.35513023632433,879.25,623.0561943762121,341.78,BG-0917_P,True,26,ALLWARA
2025-07-01,613.3056808396904,157.72027622644512,881.88,596.9405348495695,354.1,BG-0917_P,True,27,ALLWARA
2025-08-01,588.1147043021386,173.91545647466353,887.35,571.9195240539202,419.76,BG-0917_P,True,28,ALLWARA
2025-09-01,563.9945852530303,189.96276239527154,892.04,547.9472793324223,436.18,BG-0917_P,True,29,ALLWARA
2025-10-01,540.9609740344979,205.94389521089087,895.0,524.9798412188786,441.63,BG-0917_P,True,30,ALLWARA
2025-11-01,519.9209958474545,222.88979823194433,1049.16,502.97509282640107,561.1,BG-0917_P,True,31,ALLWARA
2025-12-01,499.76797131852953,240.7650869355413,965.31,481.89268261493254,530.67,BG-0917_P,True,32,ALLWARA
2026-01-01,480.43913138702726,259.5102679265682,759.85,461.6939503960004,414.46,BG-0917_P,True,33,ALLWARA
2026-02-01,461.88948027005193,279.05789175760884,756.66,442.3418564390113,417.36,BG-0917_P,True,34,ALLWARA
2026-03-01,443.10534637996153,298.3623245884856,784.45,423.8009135490848,429.74,BG-0917_P,True,35,ALLWARA
2023-04-01,2245.351185639779,475.4262079355816,1270.5,1769.9249777041973,169.94,BG-1070_P,True,0,ALLWARA
2023-05-01,0.0,475.4262079355816,0.0,0.0,0.0,BG-1070_P,True,1,ALLWARA
2023-06-01,0.0,475.4262079355816,0.0,0.0,0.0,BG-1070_P,True,2,ALLWARA
2023-07-01,3236.9824932227393,2045.5561842650313,3175.34,1666.85251689329,1209.47,BG-1070_P,True,3,ALLWARA
2023-08-01,3489.3748435927,3901.0844199142084,3731.53,1633.8466079435227,1136.86,BG-1070_P,True,4,ALLWARA
2023-09-01,3703.01678118398,6002.606940967764,4088.75,1601.494260130425,1095.37,BG-1070_P,True,5,ALLWARA
2023-10-01,3889.2089373911067,8322.033346289401,3991.33,1569.7825320694699,1106.76,BG-1070_P,True,6,ALLWARA
2023-11-01,4052.1725403205855,10835.507147977136,3962.9,1538.6987386328508,1084.14,BG-1070_P,True,7,ALLWARA
2023-12-01,4181.33221959619,13508.608921698069,4130.51,1508.2304458752567,1884.85,BG-1070_P,True,8,ALLWARA
2024-01-01,4283.836429546371,16314.079885184317,4196.64,1478.3654660601217,1892.57,BG-1070_P,True,9,ALLWARA
2024-02-01,4387.696682679643,19252.6847150796,4231.02,1449.091852784363,1968.69,BG-1070_P,True,10,ALLWARA
2024-03-01,4474.11056499182,22306.397383871765,4267.28,1420.3978961996534,2333.42,BG-1070_P,True,11,ALLWARA
2024-04-01,4345.561535059158,25259.686800602598,4272.96,1392.2721183283245,2422.94,BG-1070_P,True,12,ALLWARA
2024-05-01,4339.842126157504,28234.825658288086,4601.6,1364.7032684720143,2541.77,BG-1070_P,True,13,ALLWARA
2024-06-01,4344.064714391942,31241.210053968793,5112.84,1337.680318711235,2876.58,BG-1070_P,True,14,ALLWARA
2024-07-01,4295.641294062197,34225.65888853694,5021.36,1311.192459494051,2846.63,BG-1070_P,True,15,ALLWARA
2024-08-01,4272.706029751444,37213.13582297627,5005.03,1285.2290953121123,2955.8,BG-1070_P,True,16,ALLWARA
2024-09-01,4247.880095082714,40201.23607759668,4676.01,1259.7798404623034,2697.22,BG-1070_P,True,17,ALLWARA
2024-10-01,4320.24453074377,43286.64609344813,4217.1,1234.8345148923192,2322.18,BG-1070_P,True,18,ALLWARA
2024-11-01,4512.249123979418,46588.51207729904,4797.96,1210.3831401285047,2639.2,BG-1070_P,True,19,ALLWARA
2024-12-01,4677.13973857686,50079.23588059157,4887.66,1186.4159352843271,2991.79,BG-1070_P,True,20,ALLWARA
2025-01-01,4822.191757304639,53738.504324748326,5034.72,1162.923313147888,3219.13,BG-1070_P,True,21,ALLWARA
2025-02-01,4959.46465813591,57558.07310653733,4927.08,1139.8958763469045,3228.71,BG-1070_P,True,22,ALLWARA
2025-03-01,5080.148431036519,61520.89712398422,4965.25,1117.3244135896332,3296.16,BG-1070_P,True,23,ALLWARA
2025-04-01,5184.407066189396,65610.10429419338,4190.55,1095.1998959802258,2706.51,BG-1070_P,True,24,ALLWARA
2025-05-01,5266.204255642407,69802.79507642875,4205.92,1073.513473407045,2636.98,BG-1070_P,True,25,ALLWARA
2025-06-01,0.0,69802.79507642875,0.0,0.0,0.0,BG-1070_P,True,26,ALLWARA
2025-07-01,5388.691932054015,74160.06662280978,4756.5,1031.4203856729825,4062.53,BG-1070_P,True,27,ALLWARA
2025-08-01,5431.625853449554,78580.69559356183,5077.95,1010.9968826975028,4239.8,BG-1070_P,True,28,ALLWARA
2025-09-01,5472.755132375918,83062.47293354405,5437.17,990.9777923936977,4355.81,BG-1070_P,True,29,ALLWARA
2025-10-01,5507.957243581675,87599.07507027588,5434.64,971.3551068498384,4356.64,BG-1070_P,True,30,ALLWARA
2025-11-01,5059.326555518126,91706.28064907245,5583.24,952.1209767215582,4346.47,BG-1070_P,True,31,ALLWARA
2025-12-01,5130.081125134997,95903.09406611545,5459.73,933.2677080920059,3867.31,BG-1070_P,True,32,ALLWARA
2026-01-01,5212.638754084522,100200.9450608058,5239.4,914.7877593941724,3713.52,BG-1070_P,True,33,ALLWARA
2026-02-01,5288.483086722606,104592.75440913424,5235.25,896.6737383941621,3755.25,BG-1070_P,True,34,ALLWARA
2026-03-01,0.0,104592.75440913424,0.0,0.0,0.0,BG-1070_P,True,35,ALLWARA
2023-04-01,945.1323163134628,0.021698154151629033,668.43,945.1106181593111,338.64,BG-1459_P,True,0,ALLWARA
2023-05-01,894.7836492076975,0.06093824177938607,659.78,894.7444091200698,330.13,BG-1459_P,True,1,ALLWARA
2023-06-01,847.1118280243508,0.11048353482302131,717.29,847.0622827313072,375.63,BG-1459_P,True,2,ALLWARA
2023-07-01,801.9834979880571,0.17278088457970903,745.56,801.9212006383004,398.88,BG-1459_P,True,3,ALLWARA
2023-08-01,759.2591398281351,0.2461735211342732,766.36,759.1857471915805,389.69,BG-1459_P,True,4,ALLWARA
2023-09-01,718.8099652076011,0.32841550596220603,723.18,718.7277232227731,351.06,BG-1459_P,True,5,ALLWARA
2023-10-01,680.5157089342773,0.4183629715709709,658.91,680.4257614686685,323.61,BG-1459_P,True,6,ALLWARA
2023-11-01,644.2604165936971,0.5138170754119714,658.99,644.1649624898561,326.63,BG-1459_P,True,7,ALLWARA
2023-12-01,609.9372799244342,0.6145470081026773,672.64,609.8365499917435,329.48,BG-1459_P,True,8,ALLWARA
2024-01-01,577.4432322504897,0.7202347446145831,696.33,577.3375445139778,202.25,BG-1459_P,True,9,ALLWARA
2024-02-01,546.6831734770284,0.8329537122467721,645.82,546.5704545093962,220.52,BG-1459_P,True,10,ALLWARA
2024-03-01,517.5655849943482,0.9555548208048026,595.03,517.4429838857902,300.24,BG-1459_P,True,11,ALLWARA
2024-04-01,489.9951958385847,1.0829955262269761,587.83,489.8677551331626,306.75,BG-1459_P,True,12,ALLWARA
2024-05-01,464.3531774398879,1.6741257602140136,589.41,463.76204720590084,301.58,BG-1459_P,True,13,ALLWARA
2024-06-01,439.92286057349617,2.5494389601470475,595.5,439.04754737356313,311.29,BG-1459_P,True,14,ALLWARA
2024-07-01,416.6741415584066,3.5734642226884854,590.18,415.65011629586513,310.5,BG-1459_P,True,15,ALLWARA
2024-08-01,394.6006302527651,4.674528858317189,587.37,393.4995656171364,306.49,BG-1459_P,True,16,ALLWARA
2024-09-01,373.687484693047,5.832566138298811,452.5,372.5294474130654,228.4,BG-1459_P,True,17,ALLWARA
2024-10-01,353.9470480321148,7.1027593123042845,312.33,352.6768548581093,152.88,BG-1459_P,True,18,ALLWARA
2024-11-01,335.2192033224496,8.439729119150082,302.17,333.8822335156038,156.72,BG-1459_P,True,19,ALLWARA
2024-12-01,317.4382432093086,9.788769643983606,309.1,316.0892026844751,163.65,BG-1459_P,True,20,ALLWARA
2025-01-01,300.60378245127225,11.148165828629763,324.12,299.2443862666261,179.96,BG-1459_P,True,21,ALLWARA
2025-02-01,284.6468826607065,12.497795841712465,335.97,283.29725264762385,179.94,BG-1459_P,True,22,ALLWARA
2025-03-01,269.575568787439,13.873401518790873,344.16,268.1999631103606,190.31,BG-1459_P,True,23,ALLWARA
2025-04-01,255.29856836233526,15.2647415541729,341.43,253.90722832695323,203.75,BG-1459_P,True,24,ALLWARA
2025-05-01,241.7556730363958,16.644242092187312,330.15,240.37617249838138,200.62,BG-1459_P,True,25,ALLWARA
2025-06-01,228.88842810307654,17.966465460957917,345.88,227.56620473430593,215.09,BG-1459_P,True,26,ALLWARA
2025-07-01,216.6930317914652,19.220599965194026,351.94,215.43889728722908,216.98,BG-1459_P,True,27,ALLWARA
2025-08-01,206.45675943197224,21.719489121447452,338.69,203.95787027571882,217.37,BG-1459_P,True,28,ALLWARA
2025-09-01,0.0,21.719489121447452,0.0,0.0,0.0,BG-1459_P,True,29,ALLWARA
2025-10-01,0.0,21.719489121447452,0.0,0.0,0.0,BG-1459_P,True,30,ALLWARA
2025-11-01,0.0,21.719489121447452,0.0,0.0,0.0,BG-1459_P,True,31,ALLWARA
2025-12-01,0.0,21.719489121447452,0.0,0.0,0.0,BG-1459_P,True,32,ALLWARA
2026-01-01,0.0,21.719489121447452,0.0,0.0,0.0,BG-1459_P,True,33,ALLWARA
2026-02-01,0.0,21.719489121447452,0.0,0.0,0.0,BG-1459_P,True,34,ALLWARA
2026-03-01,0.0,21.719489121447452,0.0,0.0,0.0,BG-1459_P,True,35,ALLWARA
2023-04-01,0.0,0.0,0.0,0.0,0.0,BG-2245_P,True,0,ALLWARA
2023-05-01,0.0,0.0,0.0,0.0,0.0,BG-2245_P,True,1,ALLWARA
2023-06-01,0.0,0.0,0.0,0.0,0.0,BG-2245_P,True,2,ALLWARA
2023-07-01,0.0,0.0,0.0,0.0,0.0,BG-2245_P,True,3,ALLWARA
2023-08-01,0.0,0.0,0.0,0.0,0.0,BG-2245_P,True,4,ALLWARA
2023-09-01,0.0,0.0,0.0,0.0,0.0,BG-2245_P,True,5,ALLWARA
2023-10-01,0.0,0.0,0.0,0.0,0.0,BG-2245_P,True,6,ALLWARA
2023-11-01,0.0,0.0,0.0,0.0,0.0,BG-2245_P,True,7,ALLWARA
2023-12-01,0.0,0.0,0.0,0.0,0.0,BG-2245_P,True,8,ALLWARA
2024-01-01,0.0,0.0,0.0,0.0,0.0,BG-2245_P,True,9,ALLWARA
2024-02-01,0.0,0.0,0.0,0.0,0.0,BG-2245_P,True,10,ALLWARA
2024-03-01,0.0,0.0,0.0,0.0,0.0,BG-2245_P,True,11,ALLWARA
2024-04-01,0.0,0.0,0.0,0.0,0.0,BG-2245_P,True,12,ALLWARA
2024-05-01,0.0,0.0,0.0,0.0,0.0,BG-2245_P,True,13,ALLWARA
2024-06-01,0.0,0.0,0.0,0.0,0.0,BG-2245_P,True,14,ALLWARA
2024-07-01,0.0,0.0,0.0,0.0,0.0,BG-2245_P,True,15,ALLWARA
2024-08-01,0.0,0.0,0.0,0.0,0.0,BG-2245_P,True,16,ALLWARA
2024-09-01,0.0,0.0,0.0,0.0,0.0,BG-2245_P,True,17,ALLWARA
2024-10-01,0.0,0.0,0.0,0.0,0.0,BG-2245_P,True,18,ALLWARA
2024-11-01,0.0,0.0,0.0,0.0,0.0,BG-2245_P,True,19,ALLWARA
2024-12-01,0.0,0.0,0.0,0.0,0.0,BG-2245_P,True,20,ALLWARA
2025-01-01,0.0,0.0,0.0,0.0,0.0,BG-2245_P,True,21,ALLWARA
2025-02-01,0.0,0.0,0.0,0.0,0.0,BG-2245_P,True,22,ALLWARA
2025-03-01,0.0,0.0,0.0,0.0,0.0,BG-2245_P,True,23,ALLWARA
2025-04-01,0.0,0.0,0.0,0.0,0.0,BG-2245_P,True,24,ALLWARA
2025-05-01,0.0,0.0,0.0,0.0,0.0,BG-2245_P,True,25,ALLWARA
2025-06-01,0.0,0.0,0.0,0.0,0.0,BG-2245_P,True,26,ALLWARA
2025-07-01,0.0,0.0,0.0,0.0,0.0,BG-2245_P,True,27,ALLWARA
2025-08-01,0.0,0.0,0.0,0.0,0.0,BG-2245_P,True,28,ALLWARA
2025-09-01,0.0,0.0,0.0,0.0,0.0,BG-2245_P,True,29,ALLWARA
2025-10-01,2235.616357452773,2235.6163574527736,3073.26,0.0,1511.39,BG-2245_P,True,30,ALLWARA
2025-11-01,2284.7003141199866,4520.31667157276,3059.87,0.0,1187.92,BG-2245_P,True,31,ALLWARA
2025-12-01,2352.2208381598043,6872.537509732565,3060.11,0.0,1199.59,BG-2245_P,True,32,ALLWARA
2026-01-01,2398.3083007966925,9270.845810529258,3006.2,0.0,1349.92,BG-2245_P,True,33,ALLWARA
2026-02-01,2430.679942999865,11701.525753529122,2357.41,0.0,1572.56,BG-2245_P,True,34,ALLWARA
2026-03-01,1878.6535924750935,13580.179346004215,2264.17,0.0,1559.21,BG-2245_P,True,35,ALLWARA
2023-04-01,0.0,0.0,0.0,0.0,0.0,BG-2096_P,True,0,ALLWARA
2023-05-01,0.0,0.0,0.0,0.0,0.0,BG-2096_P,True,1,ALLWARA
2023-06-01,0.0,0.0,0.0,0.0,0.0,BG-2096_P,True,2,ALLWARA
2023-07-01,0.0,0.0,0.0,0.0,0.0,BG-2096_P,True,3,ALLWARA
2023-08-01,0.0,0.0,0.0,0.0,0.0,BG-2096_P,True,4,ALLWARA
2023-09-01,0.0,0.0,0.0,0.0,0.0,BG-2096_P,True,5,ALLWARA
2023-10-01,0.0,0.0,0.0,0.0,0.0,BG-2096_P,True,6,ALLWARA
2023-11-01,0.0,0.0,0.0,0.0,0.0,BG-2096_P,True,7,ALLWARA
2023-12-01,0.0,0.0,0.0,0.0,0.0,BG-2096_P,True,8,ALLWARA
2024-01-01,0.0,0.0,0.0,0.0,0.0,BG-2096_P,True,9,ALLWARA
2024-02-01,0.0,0.0,0.0,0.0,0.0,BG-2096_P,True,10,ALLWARA
2024-03-01,0.0,0.0,0.0,0.0,0.0,BG-2096_P,True,11,ALLWARA
2024-04-01,0.0,0.0,0.0,0.0,0.0,BG-2096_P,True,12,ALLWARA
2024-05-01,0.0,0.0,0.0,0.0,0.0,BG-2096_P,True,13,ALLWARA
2024-06-01,0.0,0.0,0.0,0.0,0.0,BG-2096_P,True,14,ALLWARA
2024-07-01,0.0,0.0,0.0,0.0,0.0,BG-2096_P,True,15,ALLWARA
2024-08-01,0.0,0.0,0.0,0.0,0.0,BG-2096_P,True,16,ALLWARA
2024-09-01,0.0,0.0,0.0,0.0,0.0,BG-2096_P,True,17,ALLWARA
2024-10-01,0.0,0.0,0.0,0.0,0.0,BG-2096_P,True,18,ALLWARA
2024-11-01,0.0,0.0,0.0,0.0,0.0,BG-2096_P,True,19,ALLWARA
2024-12-01,0.0,0.0,0.0,0.0,0.0,BG-2096_P,True,20,ALLWARA
2025-01-01,429.8407618779726,429.8407618779726,1188.99,0.0,33.53,BG-2096_P,True,21,ALLWARA
2025-02-01,0.0,429.8407618779726,0.0,0.0,0.0,BG-2096_P,True,22,ALLWARA
2025-03-01,0.0,429.8407618779726,0.0,0.0,0.0,BG-2096_P,True,23,ALLWARA
2025-04-01,577.9093279868792,1007.7500898648518,1259.17,0.0,0.0,BG-2096_P,True,24,ALLWARA
2025-05-01,625.8567025943873,1633.6067924592392,1414.2,0.0,0.0,BG-2096_P,True,25,ALLWARA
2025-06-01,674.1689601203592,2307.7757525795982,1557.47,0.0,22.6,BG-2096_P,True,26,ALLWARA
2025-07-01,720.6038604522024,3028.3796130318005,1741.12,0.0,43.22,BG-2096_P,True,27,ALLWARA
2025-08-01,779.5712540387541,3807.9508670705545,1863.21,0.0,47.0,BG-2096_P,True,28,ALLWARA
2025-09-01,838.5734746197805,4646.524341690335,1785.42,0.0,307.98,BG-2096_P,True,29,ALLWARA
2025-10-01,897.481321491356,5544.005663181691,1635.32,0.0,348.52,BG-2096_P,True,30,ALLWARA
2025-11-01,954.5128170682323,6498.5184802499225,1934.95,0.0,411.47,BG-2096_P,True,31,ALLWARA
2025-12-01,1010.585824377173,7509.104304627095,2203.16,0.0,487.53,BG-2096_P,True,32,ALLWARA
2026-01-01,1064.8546089020886,8573.958913529184,1961.97,0.0,519.51,BG-2096_P,True,33,ALLWARA
2026-02-01,1117.7897741994184,9691.748687728603,1920.24,0.0,561.52,BG-2096_P,True,34,ALLWARA
2026-03-01,1116.048577558039,10807.797265286641,1973.92,0.0,574.67,BG-2096_P,True,35,ALLWARA
2023-04-01,3205.676952757447,1.1101808767203765,3146.45,3204.5667718807267,2805.37,BG-0087_P,True,0,ALLWARA
2023-05-01,3088.258135485009,2.7767744032194095,3177.01,3086.59154195851,2841.31,BG-0087_P,True,1,ALLWARA
2023-06-01,2975.0462421969223,4.8634794523209735,3184.32,2972.959537147821,2845.21,BG-0087_P,True,2,ALLWARA
2023-07-01,2866.52543433825,7.878050960315038,3016.87,2863.510862830256,2686.41,BG-0087_P,True,3,ALLWARA
2023-08-01,2761.862996732986,11.649536830206625,3079.82,2758.0915108630948,2610.32,BG-0087_P,True,4,ALLWARA
2023-09-01,2660.8764146203243,15.97280858019423,3124.37,2656.5531428703366,2551.6,BG-0087_P,True,5,ALLWARA
2023-10-01,2563.4438955064675,20.663822574829915,3122.23,2558.7528815118317,2636.38,BG-0087_P,True,6,ALLWARA
2023-11-01,2469.5417929448513,25.65250608291509,2698.22,2464.553109436766,2389.07,BG-0087_P,True,7,ALLWARA
2023-12-01,2379.0509649372643,30.882195381551405,1360.74,2373.821275638628,1206.53,BG-0087_P,True,8,ALLWARA
2024-01-01,2291.7910983191396,36.243584761532716,1334.3,2286.4297089391584,1166.95,BG-0087_P,True,9,ALLWARA
2024-02-01,2217.3063551597,51.29450158239512,1563.64,2202.255438338838,1284.03,BG-0087_P,True,10,ALLWARA
2024-03-01,2157.3887975852504,87.50327918652775,1680.76,2121.1800199811178,1292.63,BG-0087_P,True,11,ALLWARA
2024-04-01,0.0,87.50327918652775,0.0,0.0,0.0,BG-0087_P,True,12,ALLWARA
2024-05-01,0.0,87.50327918652775,0.0,0.0,0.0,BG-0087_P,True,13,ALLWARA
2024-06-01,1964.1729886845226,156.2493781796082,1673.81,1895.426889691442,1511.53,BG-0087_P,True,14,ALLWARA
2024-07-01,1925.2276609331373,255.82976052950497,1625.69,1825.6472785832404,1484.58,BG-0087_P,True,15,ALLWARA
2024-08-01,1938.9580580247919,436.3512342020653,1624.79,1758.4365843522314,1498.88,BG-0087_P,True,16,ALLWARA
2024-09-01,1940.4545957897803,683.1055969501663,1764.66,1693.7002330416794,1473.92,BG-0087_P,True,17,ALLWARA
2024-10-01,1921.6717023406013,973.4301668821372,1982.85,1631.3471324086304,1657.43,BG-0087_P,True,18,ALLWARA
2024-11-01,1887.641492976618,1289.782116113165,1872.24,1571.2895437455902,1574.82,BG-0087_P,True,19,ALLWARA
2024-12-01,1851.8705107686076,1628.2096684607152,1806.65,1513.4429584210575,1504.88,BG-0087_P,True,20,ALLWARA
2025-01-01,1814.0658463071813,1984.5495358027224,1816.63,1457.7259789651741,1504.45,BG-0087_P,True,21,ALLWARA
2025-02-01,1776.0510567288052,2356.5403879983446,2019.49,1404.060204533183,1754.66,BG-0087_P,True,22,ALLWARA
2025-03-01,1739.1929301583425,2743.363197571177,2142.56,1352.3701205855102,1902.23,BG-0087_P,True,23,ALLWARA
2025-04-01,1700.8167735396135,3141.5969784815425,2141.22,1302.5829926292479,1909.62,BG-0087_P,True,24,ALLWARA
2025-05-01,1660.778870645578,3547.747085255608,2084.97,1254.6287638715128,1845.78,BG-0087_P,True,25,ALLWARA
2025-06-01,1613.3146277149788,3952.6217563299188,1778.55,1208.439956640668,1608.22,BG-0087_P,True,26,ALLWARA
2025-07-01,1573.8807457266525,4362.550924619874,1833.42,1163.9515774366964,1666.16,BG-0087_P,True,27,ALLWARA
2025-08-01,1536.1875763485327,4777.637475491291,1882.57,1121.1010254771156,1711.71,BG-0087_P,True,28,ALLWARA
2025-09-01,1495.110530224146,5192.920001105686,1941.0,1079.8280046097511,1773.92,BG-0087_P,True,29,ALLWARA
2025-10-01,1450.7132883499476,5603.558850987218,1915.63,1040.0744384684165,1753.28,BG-0087_P,True,30,ALLWARA
2025-11-01,1418.9341319255475,6020.708594160654,1539.95,1001.7843887521112,1436.36,BG-0087_P,True,31,ALLWARA
2025-12-01,1391.2351890170014,6447.039806664905,1569.26,964.9039765127508,1468.96,BG-0087_P,True,32,ALLWARA
2026-01-01,0.0,6447.039806664905,0.0,0.0,0.0,BG-0087_P,True,33,ALLWARA
2026-02-01,0.0,6447.039806664905,0.0,0.0,0.0,BG-0087_P,True,34,ALLWARA
2026-03-01,0.0,6447.039806664905,0.0,0.0,0.0,BG-0087_P,True,35,ALLWARA
2023-04-01,0.0,0.0,0.0,0.0,0.0,BG-1817_P,True,0,ALLWARA
2023-05-01,0.0,0.0,0.0,0.0,0.0,BG-1817_P,True,1,ALLWARA
2023-06-01,0.0,0.0,0.0,0.0,0.0,BG-1817_P,True,2,ALLWARA
2023-07-01,0.0,0.0,0.0,0.0,0.0,BG-1817_P,True,3,ALLWARA
2023-08-01,0.0,0.0,0.0,0.0,0.0,BG-1817_P,True,4,ALLWARA
2023-09-01,0.0,0.0,0.0,0.0,0.0,BG-1817_P,True,5,ALLWARA
2023-10-01,0.0,0.0,0.0,0.0,0.0,BG-1817_P,True,6,ALLWARA
2023-11-01,0.0,0.0,0.0,0.0,0.0,BG-1817_P,True,7,ALLWARA
2023-12-01,0.0,0.0,0.0,0.0,0.0,BG-1817_P,True,8,ALLWARA
2024-01-01,0.0,0.0,0.0,0.0,0.0,BG-1817_P,True,9,ALLWARA
2024-02-01,0.0,0.0,0.0,0.0,0.0,BG-1817_P,True,10,ALLWARA
2024-03-01,0.0,0.0,0.0,0.0,0.0,BG-1817_P,True,11,ALLWARA
2024-04-01,0.0,0.0,0.0,0.0,0.0,BG-1817_P,True,12,ALLWARA
2024-05-01,0.0,0.0,0.0,0.0,0.0,BG-1817_P,True,13,ALLWARA
2024-06-01,874.1618489771796,874.1618489771796,1235.92,0.0,0.0,BG-1817_P,True,14,ALLWARA
2024-07-01,873.7817737986835,1747.943622775863,1231.0,0.0,0.32,BG-1817_P,True,15,ALLWARA
2024-08-01,751.7403911826979,2499.684013958561,1240.1,0.0,0.28,BG-1817_P,True,16,ALLWARA
2024-09-01,737.3930059473657,3237.077019905927,1291.98,0.0,2.91,BG-1817_P,True,17,ALLWARA
2024-10-01,738.6763324624867,3975.7533523684137,1351.77,0.0,3.04,BG-1817_P,True,18,ALLWARA
2024-11-01,744.2318457158602,4719.985198084274,1296.39,0.0,3.01,BG-1817_P,True,19,ALLWARA
2024-12-01,744.8760979273068,5464.861296011581,1183.51,0.0,3.01,BG-1817_P,True,20,ALLWARA
2025-01-01,753.7550180078493,6218.61631401943,1208.82,0.0,2.56,BG-1817_P,True,21,ALLWARA
2025-02-01,757.4161285105263,6976.032442529957,1232.73,0.0,1.95,BG-1817_P,True,22,ALLWARA
2025-03-01,758.280379620401,7734.3128221503575,1222.61,0.0,2.21,BG-1817_P,True,23,ALLWARA
2025-04-01,760.7792115316457,8495.092033682004,1186.58,0.0,2.38,BG-1817_P,True,24,ALLWARA
2025-05-01,759.7250023516987,9254.817036033703,1110.18,0.0,0.0,BG-1817_P,True,25,ALLWARA
2025-06-01,769.8389085738825,10024.655944607584,1105.57,0.0,2.12,BG-1817_P,True,26,ALLWARA
2025-07-01,725.8605019837502,10750.516446591335,1084.64,0.0,2.58,BG-1817_P,True,27,ALLWARA
2025-08-01,1368.060976574649,12118.577423165983,1146.45,0.0,0.22,BG-1817_P,True,28,ALLWARA
2025-09-01,1283.995843712879,13402.573266878862,1120.18,0.0,4.15,BG-1817_P,True,29,ALLWARA
2025-10-01,1494.0963093882358,14896.669576267099,2070.58,0.0,16.69,BG-1817_P,True,30,ALLWARA
2025-11-01,2128.7499088581303,17025.41948512523,2539.91,0.0,11.34,BG-1817_P,True,31,ALLWARA
2025-12-01,2126.9933193767392,19152.412804501968,2443.32,0.0,0.0,BG-1817_P,True,32,ALLWARA
2026-01-01,1829.0229623523517,20981.43576685432,2417.83,0.0,2.56,BG-1817_P,True,33,ALLWARA
2026-02-01,2532.0460811302078,23513.481847984527,2640.13,0.0,21.49,BG-1817_P,True,34,ALLWARA
2026-03-01,2113.7941612606346,25627.27600924516,2718.59,0.0,21.99,BG-1817_P,True,35,ALLWARA
2023-04-01,370.84086130434935,370.84086130434935,2351.61,0.0,1455.66,BG-0247_P,True,0,ALLWARA
2023-05-01,458.7603448446626,829.6012061490119,2356.47,0.0,1474.5,BG-0247_P,True,1,ALLWARA
2023-06-01,0.0,829.6012061490119,0.0,0.0,0.0,BG-0247_P,True,2,ALLWARA
2023-07-01,530.2137104929999,1359.8149166420117,700.37,0.0,129.02,BG-0247_P,True,3,ALLWARA
2023-08-01,546.8154247067847,1906.6303413487963,739.3,0.0,130.15,BG-0247_P,True,4,ALLWARA
2023-09-01,552.6471073873961,2459.277448736192,758.02,0.0,130.4,BG-0247_P,True,5,ALLWARA
2023-10-01,577.2890559723148,3036.5665047085067,736.69,0.0,131.78,BG-0247_P,True,6,ALLWARA
2023-11-01,505.4254453918118,3541.9919501003187,732.71,0.0,129.08,BG-0247_P,True,7,ALLWARA
2023-12-01,564.7513601936424,4106.743310293961,723.22,0.0,124.27,BG-0247_P,True,8,ALLWARA
2024-01-01,588.6981362662399,4695.441446560201,748.28,0.0,120.65,BG-0247_P,True,9,ALLWARA
2024-02-01,594.7627467768328,5290.204193337034,755.2,0.0,118.2,BG-0247_P,True,10,ALLWARA
2024-03-01,596.9211508826061,5887.125344219639,714.86,0.0,123.16,BG-0247_P,True,11,ALLWARA
2024-04-01,478.87738055932897,6366.0027247789685,700.4,0.0,126.7,BG-0247_P,True,12,ALLWARA
2024-05-01,285.77097464458507,6651.773699423554,775.35,0.0,127.86,BG-0247_P,True,13,ALLWARA
2024-06-01,207.347127256985,6859.120826680539,741.89,0.0,122.24,BG-0247_P,True,14,ALLWARA
2024-07-01,177.90017436808478,7037.0210010486235,740.95,0.0,118.71,BG-0247_P,True,15,ALLWARA
2024-08-01,154.59311946384483,7191.614120512469,744.66,0.0,118.87,BG-0247_P,True,16,ALLWARA
2024-09-01,151.7301912357265,7343.344311748195,735.86,0.0,119.04,BG-0247_P,True,17,ALLWARA
2024-10-01,156.2824253871371,7499.6267371353315,711.51,0.0,116.87,BG-0247_P,True,18,ALLWARA
2024-11-01,162.96347288786504,7662.590210023197,754.25,0.0,123.64,BG-0247_P,True,19,ALLWARA
2024-12-01,162.3384964588595,7824.928706482056,744.38,0.0,122.29,BG-0247_P,True,20,ALLWARA
2025-01-01,0.0,7824.928706482056,0.0,0.0,0.0,BG-0247_P,True,21,ALLWARA
2025-02-01,0.0,7824.928706482056,0.0,0.0,0.0,BG-0247_P,True,22,ALLWARA
2025-03-01,0.0,7824.928706482056,0.0,0.0,0.0,BG-0247_P,True,23,ALLWARA
2025-04-01,20.26035366255754,7845.189060144614,746.38,0.0,135.33,BG-0247_P,True,24,ALLWARA
2025-05-01,0.0,7845.189060144614,0.0,0.0,0.0,BG-0247_P,True,25,ALLWARA
2025-06-01,0.0,7845.189060144614,0.0,0.0,0.0,BG-0247_P,True,26,ALLWARA
2025-07-01,0.0,7845.189060144614,0.0,0.0,0.0,BG-0247_P,True,27,ALLWARA
2025-08-01,1091.0787020731818,8936.267762217796,1162.15,0.0,475.41,BG-0247_P,True,28,ALLWARA
2025-09-01,1561.8332498678735,10498.10101208567,1283.67,0.0,685.85,BG-0247_P,True,29,ALLWARA
2025-10-01,1169.2790592123297,11667.380071298,1276.22,0.0,728.65,BG-0247_P,True,30,ALLWARA
2025-11-01,787.126558809832,12454.506630107831,1336.74,0.0,688.67,BG-0247_P,True,31,ALLWARA
2025-12-01,495.76775433825463,12950.274384446086,1495.2,0.0,126.35,BG-0247_P,True,32,ALLWARA
2026-01-01,615.5890793451922,13565.863463791278,1501.04,0.0,122.9,BG-0247_P,True,33,ALLWARA
2026-02-01,1148.872445286016,14714.735909077295,1562.35,0.0,220.17,BG-0247_P,True,34,ALLWARA
2026-03-01,758.9412978094317,15473.677206886727,1828.61,0.0,133.32,BG-0247_P,True,35,ALLWARA
2023-04-01,0.0,0.0,0.0,0.0,0.0,BG-0063_P,True,0,ALLWARA
2023-05-01,0.0,0.0,0.0,0.0,0.0,BG-0063_P,True,1,ALLWARA
2023-06-01,1123.5396355762614,1123.5396355762614,1650.11,0.0,30.62,BG-0063_P,True,2,ALLWARA
2023-07-01,1238.8186603555773,2362.3582959318387,1850.82,0.0,39.6,BG-0063_P,True,3,ALLWARA
2023-08-01,1319.4967830362375,3681.855078968076,1973.44,0.0,31.37,BG-0063_P,True,4,ALLWARA
2023-09-01,1350.4617034832236,5032.3167824513,1979.88,0.0,31.17,BG-0063_P,True,5,ALLWARA
2023-10-01,1393.1669606680566,6425.483743119357,1973.19,0.0,31.75,BG-0063_P,True,6,ALLWARA
2023-11-01,1323.0829132971853,7748.566656416542,1859.68,0.0,76.6,BG-0063_P,True,7,ALLWARA
2023-12-01,1385.5068487137466,9134.073505130289,1759.38,0.0,114.05,BG-0063_P,True,8,ALLWARA
2024-01-01,1549.0856787155685,10683.159183845857,1702.88,0.0,112.28,BG-0063_P,True,9,ALLWARA
2024-02-01,1620.432892582822,12303.592076428678,1702.81,0.0,115.52,BG-0063_P,True,10,ALLWARA
2024-03-01,1604.69126168486,13908.283338113539,1797.3,0.0,141.49,BG-0063_P,True,11,ALLWARA
2024-04-01,1296.9209089548544,15205.204247068394,1752.6,0.0,150.7,BG-0063_P,True,12,ALLWARA
2024-05-01,924.3169693694822,16129.521216437875,1650.96,0.0,155.34,BG-0063_P,True,13,ALLWARA
2024-06-01,1131.0487428455085,17260.569959283384,1591.45,0.0,150.24,BG-0063_P,True,14,ALLWARA
2024-07-01,1165.1127492277767,18425.68270851116,1623.32,0.0,188.33,BG-0063_P,True,15,ALLWARA
2024-08-01,1156.6448589668096,19582.327567477972,1639.94,0.0,233.69,BG-0063_P,True,16,ALLWARA
2024-09-01,1165.0097644549455,20747.33733193292,1707.89,0.0,255.4,BG-0063_P,True,17,ALLWARA
2024-10-01,1255.2173815835615,22002.55471351648,2014.82,0.0,408.65,BG-0063_P,True,18,ALLWARA
2024-11-01,1424.1004302983802,23426.65514381486,1944.94,0.0,404.67,BG-0063_P,True,19,ALLWARA
2024-12-01,1503.6138263892976,24930.268970204157,1809.95,0.0,404.11,BG-0063_P,True,20,ALLWARA
2025-01-01,1621.3498253521705,26551.61879555633,1848.74,0.0,412.94,BG-0063_P,True,21,ALLWARA
2025-02-01,1566.7992604408118,28118.418055997143,1404.37,0.0,207.09,BG-0063_P,True,22,ALLWARA
2025-03-01,1464.9502232326095,29583.36827922975,1570.54,0.0,254.68,BG-0063_P,True,23,ALLWARA
2025-04-01,1420.8264523271291,31004.19473155688,1813.63,0.0,296.38,BG-0063_P,True,24,ALLWARA
2025-05-01,1399.8605438158474,32404.055275372728,1857.86,0.0,312.25,BG-0063_P,True,25,ALLWARA
2025-06-01,1567.9696781936634,33972.02495356639,1754.92,0.0,238.09,BG-0063_P,True,26,ALLWARA
2025-07-01,1696.8138124495024,35668.83876601589,1716.98,0.0,233.98,BG-0063_P,True,27,ALLWARA
2025-08-01,1422.658786531543,37091.49755254744,1744.84,0.0,241.07,BG-0063_P,True,28,ALLWARA
2025-09-01,1659.909925011412,38751.407477558845,1708.26,0.0,242.79,BG-0063_P,True,29,ALLWARA
2025-10-01,1536.375915996515,40287.78339355536,1674.7,0.0,232.57,BG-0063_P,True,30,ALLWARA
2025-11-01,1202.5214300964892,41490.304823651844,1667.56,0.0,199.83,BG-0063_P,True,31,ALLWARA
2025-12-01,1065.5855442537272,42555.89036790557,1629.26,0.0,204.16,BG-0063_P,True,32,ALLWARA
2026-01-01,1040.7991080606641,43596.68947596624,1612.42,0.0,201.88,BG-0063_P,True,33,ALLWARA
2026-02-01,1366.5461082069123,44963.235584173155,1392.48,0.0,147.23,BG-0063_P,True,34,ALLWARA
2026-03-01,1049.6712126115804,46012.90679678474,1735.64,0.0,156.59,BG-0063_P,True,35,ALLWARA
2023-04-01,2165.7232333079482,0.00882164373190393,1963.53,2165.714411664216,804.08,BG-1413_P,True,0,ALLWARA
2023-05-01,2099.058762868654,0.021968719269261923,1982.66,2099.0456157931167,848.13,BG-1413_P,True,1,ALLWARA
2023-06-01,2034.4420815367457,0.03491525544292587,1960.09,2034.4291350005722,824.19,BG-1413_P,True,2,ALLWARA
2023-07-01,1971.8168153323572,0.04993924116137043,1936.84,1971.8017913466388,801.98,BG-1413_P,True,3,ALLWARA
2023-08-01,1911.1186441257632,0.06623162208475893,1850.8,1911.1023517448398,1071.72,BG-1413_P,True,4,ALLWARA
2023-09-01,1852.2882655140772,0.0830290438659227,1870.28,1852.2714680922961,1103.84,BG-1413_P,True,5,ALLWARA
2023-10-01,1795.2687603370775,0.10017013806836607,1977.49,1795.251619242875,1025.59,BG-1413_P,True,6,ALLWARA
2023-11-01,0.0,0.10017013806836607,0.0,0.0,0.0,BG-1413_P,True,7,ALLWARA
2023-12-01,1686.441085630331,0.11751532790226091,1267.83,1686.423740440497,461.7,BG-1413_P,True,8,ALLWARA
2024-01-01,1634.5267027436564,0.13491265447119732,1174.15,1634.5093054170875,480.77,BG-1413_P,True,9,ALLWARA
2024-02-01,1584.218979829648,0.1609014644258278,1168.99,1584.1929910196934,502.72,BG-1413_P,True,10,ALLWARA
2024-03-01,1535.4678109993633,0.20311135011729115,1284.51,1535.425601113672,585.89,BG-1413_P,True,11,ALLWARA
2024-04-01,1488.2061051061498,0.24976245072057524,1305.33,1488.1594540055466,616.72,BG-1413_P,True,12,ALLWARA
2024-05-01,1732.34706039995,290.2484870278317,2004.94,1442.3483358228389,1138.15,BG-1413_P,True,13,ALLWARA
2024-06-01,2099.2446672556184,991.5456989544061,1925.27,1397.947455329044,1088.81,BG-1413_P,True,14,ALLWARA
2024-07-01,2043.2465412139368,1679.8788400387734,1905.44,1354.9134001295695,1088.24,BG-1413_P,True,15,ALLWARA
2024-08-01,1979.5725306553168,2346.2472764682675,1877.05,1313.2040942258227,1096.89,BG-1413_P,True,16,ALLWARA
2024-09-01,2192.3236437864284,3265.7921633787582,1942.85,1272.7787568759377,1130.65,BG-1413_P,True,17,ALLWARA
2024-10-01,2147.2500006332994,4179.444301290132,2117.78,1233.5978627219258,1181.37,BG-1413_P,True,18,ALLWARA
2024-11-01,1958.9554557143429,4942.776653860214,2120.93,1195.6231031442608,1169.02,BG-1413_P,True,19,ALLWARA
2024-12-01,1848.0986576183732,5632.057962672472,1834.48,1158.817348806115,1052.92,BG-1413_P,True,20,ALLWARA
2025-01-01,1777.2296894780284,6286.143038799877,1719.83,1123.144613350623,988.35,BG-1413_P,True,21,ALLWARA
2025-02-01,1723.1374219605873,6920.710442544782,1726.43,1088.570018215682,980.51,BG-1413_P,True,22,ALLWARA
2025-03-01,1683.9425655874281,7549.593249600331,1732.74,1055.0597585318799,992.92,BG-1413_P,True,23,ALLWARA
2025-04-01,1649.226839682979,8176.2390192130915,1812.78,1022.5810700702181,983.61,BG-1413_P,True,24,ALLWARA
2025-05-01,1589.528463168885,8774.665285174675,1925.85,991.1021972073024,1040.78,BG-1413_P,True,25,ALLWARA
2025-06-01,1548.8774975873525,9362.950420885338,1868.39,960.592361876689,986.52,BG-1413_P,True,26,ALLWARA
2025-07-01,1406.1528294271902,9838.081516836508,1727.89,931.0217334760207,955.96,BG-1413_P,True,27,ALLWARA
2025-08-01,1288.4489261274298,10224.1690432634,1505.57,902.3613997005377,845.42,BG-1413_P,True,28,ALLWARA
2025-09-01,1218.4192845022967,10568.004989491257,1504.18,874.5833382744396,856.81,BG-1413_P,True,29,ALLWARA
2025-10-01,1186.0612496634847,10906.405849602279,1485.11,847.6603895524621,845.25,BG-1413_P,True,30,ALLWARA
2025-11-01,1377.314289631609,11462.153909269007,1531.74,821.5662299648812,870.73,BG-1413_P,True,31,ALLWARA
2025-12-01,1463.2579172503656,12129.136480239395,2165.03,796.2753462799785,1244.79,BG-1413_P,True,32,ALLWARA
2026-01-01,1492.1330447418877,12849.506514322478,2144.18,771.7630106588034,1232.28,BG-1413_P,True,33,ALLWARA
2026-02-01,1490.4759711819918,13591.977229026625,2015.47,748.0052564778451,1055.53,BG-1413_P,True,34,ALLWARA
2026-03-01,1264.6580394497303,14131.656413580384,1710.56,724.9788548959717,777.62,BG-1413_P,True,35,ALLWARA
2023-04-01,0.0,0.0,0.0,0.0,0.0,BG-1594_P,True,0,ALLWARA
2023-05-01,0.0,0.0,0.0,0.0,0.0,BG-1594_P,True,1,ALLWARA
2023-06-01,0.0,0.0,0.0,0.0,0.0,BG-1594_P,True,2,ALLWARA
2023-07-01,0.0,0.0,0.0,0.0,0.0,BG-1594_P,True,3,ALLWARA
2023-08-01,0.0,0.0,0.0,0.0,0.0,BG-1594_P,True,4,ALLWARA
2023-09-01,0.0,0.0,0.0,0.0,0.0,BG-1594_P,True,5,ALLWARA
2023-10-01,0.0,0.0,0.0,0.0,0.0,BG-1594_P,True,6,ALLWARA
2023-11-01,0.0,0.0,0.0,0.0,0.0,BG-1594_P,True,7,ALLWARA
2023-12-01,0.0,0.0,0.0,0.0,0.0,BG-1594_P,True,8,ALLWARA
2024-01-01,0.0,0.0,0.0,0.0,0.0,BG-1594_P,True,9,ALLWARA
2024-02-01,0.0,0.0,0.0,0.0,0.0,BG-1594_P,True,10,ALLWARA
2024-03-01,0.0,0.0,0.0,0.0,0.0,BG-1594_P,True,11,ALLWARA
2024-04-01,0.0,0.0,0.0,0.0,0.0,BG-1594_P,True,12,ALLWARA
2024-05-01,0.0,0.0,0.0,0.0,0.0,BG-1594_P,True,13,ALLWARA
2024-06-01,0.0,0.0,0.0,0.0,0.0,BG-1594_P,True,14,ALLWARA
2024-07-01,0.0,0.0,0.0,0.0,0.0,BG-1594_P,True,15,ALLWARA
2024-08-01,0.0,0.0,0.0,0.0,0.0,BG-1594_P,True,16,ALLWARA
2024-09-01,0.0,0.0,0.0,0.0,0.0,BG-1594_P,True,17,ALLWARA
2024-10-01,0.0,0.0,0.0,0.0,0.0,BG-1594_P,True,18,ALLWARA
2024-11-01,0.0,0.0,0.0,0.0,0.0,BG-1594_P,True,19,ALLWARA
2024-12-01,0.0,0.0,0.0,0.0,0.0,BG-1594_P,True,20,ALLWARA
2025-01-01,0.0,0.0,0.0,0.0,0.0,BG-1594_P,True,21,ALLWARA
2025-02-01,0.0,0.0,0.0,0.0,0.0,BG-1594_P,True,22,ALLWARA
2025-03-01,0.0,0.0,0.0,0.0,0.0,BG-1594_P,True,23,ALLWARA
2025-04-01,2151.5781223864515,2151.5781223864515,2201.51,0.0,429.16,BG-1594_P,True,24,ALLWARA
2025-05-01,2154.9813417573973,4306.559464143849,2386.63,0.0,777.95,BG-1594_P,True,25,ALLWARA
2025-06-01,2138.1229258415306,6444.68238998538,2341.24,0.0,734.46,BG-1594_P,True,26,ALLWARA
2025-07-01,2137.0491315065847,8581.731521491965,2201.01,0.0,718.28,BG-1594_P,True,27,ALLWARA
2025-08-01,2096.4913486320893,10678.222870124055,2379.68,0.0,975.45,BG-1594_P,True,28,ALLWARA
2025-09-01,2052.3685092509563,12730.591379375011,2358.48,0.0,1023.08,BG-1594_P,True,29,ALLWARA
2025-10-01,2004.044873160497,14734.636252535509,2314.37,0.0,1060.81,BG-1594_P,True,30,ALLWARA
2025-11-01,1987.0124257426944,16721.648678278205,2170.9,0.0,1102.97,BG-1594_P,True,31,ALLWARA
2025-12-01,1982.7443786676124,18704.393056945817,2067.73,0.0,1116.6,BG-1594_P,True,32,ALLWARA
2026-01-01,1964.9732624019557,20669.366319347773,2045.32,0.0,1104.03,BG-1594_P,True,33,ALLWARA
2026-02-01,1952.2608721204124,22621.627191468186,2132.91,0.0,1135.83,BG-1594_P,True,34,ALLWARA
2026-03-01,1760.4447152784785,24382.071906746663,2164.94,0.0,1167.66,BG-1594_P,True,35,ALLWARA
2023-04-01,2877.228255174732,41.17597080066554,3023.97,2836.0522843740664,862.76,BG-1575_P,True,0,ALLWARA
2023-05-01,2835.8351187713242,120.23615258194293,2972.54,2756.7749369900466,870.77,BG-1575_P,True,1,ALLWARA
2023-06-01,2782.949465664681,223.4719560234328,2917.76,2679.7136622231915,780.99,BG-1575_P,True,2,ALLWARA
2023-07-01,2740.6544937734334,359.3199365216208,2008.76,2604.8065132752454,361.06,BG-1575_P,True,3,ALLWARA
2023-08-01,2699.2098834568587,526.5365450059462,1888.43,2531.9932749725335,333.34,BG-1575_P,True,4,ALLWARA
2023-09-01,2656.9670354208374,722.2881650656425,2190.53,2461.215415361141,407.84,BG-1575_P,True,5,ALLWARA
2023-10-01,2615.092040766221,944.9641671766964,2575.02,2392.416038655167,498.99,BG-1575_P,True,6,ALLWARA
2023-11-01,2573.285101711146,1192.709429387595,2561.73,2325.5398395002476,503.7,BG-1575_P,True,7,ALLWARA
2023-12-01,2531.214634481659,1463.3910053536974,2267.57,2260.533058515556,898.11,BG-1575_P,True,8,ALLWARA
2024-01-01,2489.525067179456,1755.5726334545848,2203.95,2197.3434390785687,907.96,BG-1575_P,True,9,ALLWARA
2024-02-01,2447.998479057491,2067.6509271942446,2249.72,2135.920185317831,910.65,BG-1575_P,True,10,ALLWARA
2024-03-01,2407.0277961151564,2398.464802029418,2220.88,2076.213921279983,918.18,BG-1575_P,True,11,ALLWARA
2024-04-01,2366.0671315100744,2746.3552823012988,2154.59,2018.1766512381935,879.13,BG-1575_P,True,12,ALLWARA
2024-05-01,2328.1956077126524,3112.7891689038315,1940.65,1961.7617211101199,308.1,BG-1575_P,True,13,ALLWARA
2024-06-01,2294.4415132378263,3500.3069011873004,2311.37,1906.9237809543574,395.34,BG-1575_P,True,14,ALLWARA
2024-07-01,2255.0436759901177,3901.731828662169,2301.86,1853.6187485152493,466.69,BG-1575_P,True,15,ALLWARA
2024-08-01,2225.8115568852204,4325.7396117606495,2044.63,1801.8037737867394,606.7,BG-1575_P,True,16,ALLWARA
2024-09-01,2195.823774482853,4770.126181676715,2059.63,1751.4372045667878,607.91,BG-1575_P,True,17,ALLWARA
2024-10-01,2180.1138050190466,5247.761433721104,2101.88,1702.4785529746568,559.7,BG-1575_P,True,18,ALLWARA
2024-11-01,2178.1250151652052,5770.997985982155,2181.12,1654.888462904155,452.33,BG-1575_P,True,19,ALLWARA
2024-12-01,2175.120867634972,6337.490175230455,2102.09,1608.6286783866724,447.92,BG-1575_P,True,20,ALLWARA
2025-01-01,2170.8920567136197,6944.720219105496,2011.11,1563.6620128385784,438.06,BG-1575_P,True,21,ALLWARA
2025-02-01,2166.577183519883,7591.3450834571195,2166.03,1519.9523191682595,664.4,BG-1575_P,True,22,ALLWARA
2025-03-01,2160.824969299374,8274.705592037728,2252.57,1477.4644607187663,633.31,BG-1575_P,True,23,ALLWARA
2025-04-01,2153.874269505086,8992.4155785201,2292.05,1436.1642830227136,468.44,BG-1575_P,True,24,ALLWARA
2025-05-01,2145.413421520815,9741.810413694186,2271.44,1396.0185863467295,484.08,BG-1575_P,True,25,ALLWARA
2025-06-01,2136.4092359150936,10521.224550605903,2596.37,1356.9950990033772,587.81,BG-1575_P,True,26,ALLWARA
2025-07-01,2124.887631054348,11327.049730251149,2665.57,1319.0624514091014,592.99,BG-1575_P,True,27,ALLWARA
2025-08-01,2115.1259860484815,12159.985565432286,2456.94,1282.190150867345,594.01,BG-1575_P,True,28,ALLWARA
2025-09-01,2079.355463913443,12992.992472289166,2401.27,1246.3485570565617,594.61,BG-1575_P,True,29,ALLWARA
2025-10-01,1988.3356734599001,13769.819287545643,2459.64,1211.5088582034246,602.01,BG-1575_P,True,30,ALLWARA
2025-11-01,1904.8425720848063,14497.018811708378,2524.06,1177.6430479220717,562.21,BG-1575_P,True,31,ALLWARA
2025-12-01,1825.402617210511,15177.697526218111,2517.81,1144.7239027007774,567.78,BG-1575_P,True,32,ALLWARA
2026-01-01,1748.8103130105446,15813.78287921071,2623.95,1112.7249600179457,452.43,BG-1575_P,True,33,ALLWARA
2026-02-01,1679.8300264229763,16411.99240856385,2639.41,1081.620497069837,377.83,BG-1575_P,True,34,ALLWARA
2026-03-01,1612.306094675204,16972.912993146125,2715.4,1051.3855100929286,357.75,BG-1575_P,True,35,ALLWARA
2023-04-01,2069.9398530993776,0.0004258702772175528,1708.41,2069.9394272291006,2.95,BG-0670_P,True,0,ALLWARA
2023-05-01,2028.9527607125597,0.0013061875272740232,1681.87,2028.9518803953097,2.13,BG-0670_P,True,1,ALLWARA
2023-06-01,1988.7772745649422,0.0026393857407129868,1698.35,1988.7759413667288,4.52,BG-0670_P,True,2,ALLWARA
2023-07-01,1949.3973318491458,0.004432002825382133,1628.98,1949.395539232061,3.29,BG-0670_P,True,3,ALLWARA
2023-08-01,1910.7971853264512,0.006696023903660996,1660.39,1910.794921305373,0.0,BG-0670_P,True,4,ALLWARA
2023-09-01,1872.9613835602852,0.009432759376283333,1710.73,1872.9586468248126,0.0,BG-0670_P,True,5,ALLWARA
2023-10-01,1835.8747623369945,0.012614320273739441,1648.7,1835.871580776097,0.0,BG-0670_P,True,6,ALLWARA
2023-11-01,1799.5225267619305,0.016253243898294727,1415.49,1799.518887838306,72.59,BG-0670_P,True,7,ALLWARA
2023-12-01,1763.8901218733035,0.020348667646654665,1451.95,1763.8860264495552,3.62,BG-0670_P,True,8,ALLWARA
2024-01-01,1728.9633767520734,0.024982429541739057,1449.22,1728.9587429901783,242.98,BG-0670_P,True,9,ALLWARA
2024-02-01,1694.7282525382182,0.030168886671657104,1425.5,1694.7230660810883,344.02,BG-0670_P,True,10,ALLWARA
2024-03-01,1661.1709499936915,0.03581788532410647,1363.03,1661.165300995039,358.46,BG-0670_P,True,11,ALLWARA
2024-04-01,1628.277874470773,0.041668177543008916,1422.2,1628.2720241785541,518.01,BG-0670_P,True,12,ALLWARA
2024-05-01,1596.035936670129,0.04752696534824479,1587.8,1596.030077882324,547.71,BG-0670_P,True,13,ALLWARA
2024-06-01,1564.4327970898119,0.05375915722896773,1518.99,1564.426564897931,523.61,BG-0670_P,True,14,ALLWARA
2024-07-01,1533.4555866672965,0.06050242572897102,1681.17,1533.4488433987965,550.3,BG-0670_P,True,15,ALLWARA
2024-08-01,1503.091498100302,0.06747864275213979,1751.22,1503.084521883279,587.35,BG-0670_P,True,16,ALLWARA
2024-09-01,1473.328662342961,0.07468676780472629,1735.02,1473.3214542179085,589.53,BG-0670_P,True,17,ALLWARA
2024-10-01,1444.1552220504298,0.08217403946104669,1683.07,1444.1477347787734,578.76,BG-0670_P,True,18,ALLWARA
2024-11-01,1415.5597884492506,0.09026879960197537,1783.39,1415.5516936891097,612.3,BG-0670_P,True,19,ALLWARA
2024-12-01,1387.5305933265174,0.0989699749239133,1733.03,1387.5218921511955,720.05,BG-0670_P,True,20,ALLWARA
2025-01-01,1360.056414227293,0.10826633153636978,1509.95,1360.0471178706807,699.35,BG-0670_P,True,21,ALLWARA
2025-02-01,1333.1261049718582,0.1179907318771065,1459.7,1333.1163805715175,701.44,BG-0670_P,True,22,ALLWARA
2025-03-01,1306.7290187007707,0.1281018329427532,1469.49,1306.718907599705,721.8,BG-0670_P,True,23,ALLWARA
2025-04-01,1280.854835845888,0.13879806474734177,1445.14,1280.8441396140834,724.61,BG-0670_P,True,24,ALLWARA
2025-05-01,1255.4929958205632,0.15006752285349767,1465.67,1255.481726362457,703.97,BG-0670_P,True,25,ALLWARA
2025-06-01,1230.6333567804352,0.16190176193350975,1432.31,1230.6215225413553,667.74,BG-0670_P,True,26,ALLWARA
2025-07-01,1206.2659121214037,0.1742301455616552,1442.6,1206.2535837377757,691.79,BG-0670_P,True,27,ALLWARA
2025-08-01,1182.3903024591757,0.19637015345051312,1477.86,1182.368162451287,709.78,BG-0670_P,True,28,ALLWARA
2025-09-01,1158.9843594957508,0.22502545430423787,1491.46,1158.9557041948972,699.49,BG-0670_P,True,29,ALLWARA
2025-10-01,1136.0452120501484,0.2633938313180611,1471.83,1136.0068436731347,689.98,BG-0670_P,True,30,ALLWARA
2025-11-01,1113.569859316674,0.3208521121906121,1406.9,1113.5124010358013,631.4,BG-0670_P,True,31,ALLWARA
2025-12-01,1091.5380718964332,0.39554580271203343,1396.39,1091.4633782059118,645.65,BG-0670_P,True,32,ALLWARA
2026-01-01,1069.937853733268,0.48244425563593357,1383.85,1069.8509552803441,628.02,BG-0670_P,True,33,ALLWARA
2026-02-01,1048.777170962752,0.5931282166294471,1453.81,1048.6664870017585,686.74,BG-0670_P,True,34,ALLWARA
2026-03-01,1028.0280739559707,0.7197028722208424,1587.65,1027.9014993003793,742.28,BG-0670_P,True,35,ALLWARA
2023-04-01,0.0,0.0,0.0,0.0,0.0,BG-2202_P,True,0,ALLWARA
2023-05-01,0.0,0.0,0.0,0.0,0.0,BG-2202_P,True,1,ALLWARA
2023-06-01,0.0,0.0,0.0,0.0,0.0,BG-2202_P,True,2,ALLWARA
2023-07-01,0.0,0.0,0.0,0.0,0.0,BG-2202_P,True,3,ALLWARA
2023-08-01,0.0,0.0,0.0,0.0,0.0,BG-2202_P,True,4,ALLWARA
2023-09-01,0.0,0.0,0.0,0.0,0.0,BG-2202_P,True,5,ALLWARA
2023-10-01,0.0,0.0,0.0,0.0,0.0,BG-2202_P,True,6,ALLWARA
2023-11-01,0.0,0.0,0.0,0.0,0.0,BG-2202_P,True,7,ALLWARA
2023-12-01,0.0,0.0,0.0,0.0,0.0,BG-2202_P,True,8,ALLWARA
2024-01-01,0.0,0.0,0.0,0.0,0.0,BG-2202_P,True,9,ALLWARA
2024-02-01,0.0,0.0,0.0,0.0,0.0,BG-2202_P,True,10,ALLWARA
2024-03-01,0.0,0.0,0.0,0.0,0.0,BG-2202_P,True,11,ALLWARA
2024-04-01,2483.1096508779324,2483.1096508779324,3908.8,0.0,0.0,BG-2202_P,True,12,ALLWARA
2024-05-01,2130.0844311896926,4613.194082067625,4398.78,0.0,0.0,BG-2202_P,True,13,ALLWARA
2024-06-01,2100.6269107278,6713.820992795425,4245.01,0.0,0.0,BG-2202_P,True,14,ALLWARA
2024-07-01,2295.7244172533583,9009.545410048784,4228.2,0.0,1.12,BG-2202_P,True,15,ALLWARA
2024-08-01,2104.8215908027664,11114.367000851551,3737.1,0.0,2.56,BG-2202_P,True,16,ALLWARA
2024-09-01,1950.5975647603739,13064.964565611925,1910.69,0.0,0.0,BG-2202_P,True,17,ALLWARA
2024-10-01,1848.6023338776126,14913.566899489537,2094.02,0.0,0.54,BG-2202_P,True,18,ALLWARA
2024-11-01,1821.5159256108734,16735.08282510041,2160.31,0.0,2.27,BG-2202_P,True,19,ALLWARA
2024-12-01,1799.8728370371462,18534.955662137556,1138.59,0.0,0.0,BG-2202_P,True,20,ALLWARA
2025-01-01,1788.1828042535403,20323.138466391098,1381.31,0.0,0.2,BG-2202_P,True,21,ALLWARA
2025-02-01,1577.8778118300672,21901.016278221163,1625.42,0.0,0.0,BG-2202_P,True,22,ALLWARA
2025-03-01,1338.4632526608461,23239.47953088201,1612.42,0.0,0.0,BG-2202_P,True,23,ALLWARA
2025-04-01,1407.3712280279874,24646.850758909997,1584.11,0.0,0.0,BG-2202_P,True,24,ALLWARA
2025-05-01,1463.1465365210465,26109.997295431043,1750.29,0.0,0.85,BG-2202_P,True,25,ALLWARA
2025-06-01,1522.41698611973,27632.414281550773,2266.54,0.0,0.24,BG-2202_P,True,26,ALLWARA
2025-07-01,1550.1227223032733,29182.537003854046,2223.39,0.0,3.32,BG-2202_P,True,27,ALLWARA
2025-08-01,1677.3514732963988,30859.888477150445,2254.23,0.0,5.43,BG-2202_P,True,28,ALLWARA
2025-09-01,1810.73123103394,32670.619708184386,2196.28,0.0,5.49,BG-2202_P,True,29,ALLWARA
2025-10-01,1928.1495563729413,34598.769264557326,1966.6,0.0,1.5,BG-2202_P,True,30,ALLWARA
2025-11-01,1971.4547302668655,36570.22399482419,1245.93,0.0,1.83,BG-2202_P,True,31,ALLWARA
2025-12-01,1976.4759407859156,38546.69993561011,1209.84,0.0,2.6,BG-2202_P,True,32,ALLWARA
2026-01-01,1866.4597289663964,40413.1596645765,764.13,0.0,0.36,BG-2202_P,True,33,ALLWARA
2026-02-01,1660.732290111924,42073.89195468843,683.62,0.0,3.88,BG-2202_P,True,34,ALLWARA
2026-03-01,1413.8595194436552,43487.751474132085,703.91,0.0,4.55,BG-2202_P,True,35,ALLWARA
2023-04-01,0.0,0.0,0.0,0.0,0.0,BG-0908_P,True,0,ALLWARA
2023-05-01,0.0,0.0,0.0,0.0,0.0,BG-0908_P,True,1,ALLWARA
2023-06-01,0.0,0.0,0.0,0.0,0.0,BG-0908_P,True,2,ALLWARA
2023-07-01,0.0,0.0,0.0,0.0,0.0,BG-0908_P,True,3,ALLWARA
2023-08-01,0.0,0.0,0.0,0.0,0.0,BG-0908_P,True,4,ALLWARA
2023-09-01,0.0,0.0,0.0,0.0,0.0,BG-0908_P,True,5,ALLWARA
2023-10-01,0.0,0.0,0.0,0.0,0.0,BG-0908_P,True,6,ALLWARA
2023-11-01,0.0,0.0,0.0,0.0,0.0,BG-0908_P,True,7,ALLWARA
2023-12-01,0.0,0.0,0.0,0.0,0.0,BG-0908_P,True,8,ALLWARA
2024-01-01,0.0,0.0,0.0,0.0,0.0,BG-0908_P,True,9,ALLWARA
2024-02-01,0.0,0.0,0.0,0.0,0.0,BG-0908_P,True,10,ALLWARA
2024-03-01,0.0,0.0,0.0,0.0,0.0,BG-0908_P,True,11,ALLWARA
2024-04-01,0.0,0.0,0.0,0.0,0.0,BG-0908_P,True,12,ALLWARA
2024-05-01,0.0,0.0,0.0,0.0,0.0,BG-0908_P,True,13,ALLWARA
2024-06-01,0.0,0.0,0.0,0.0,0.0,BG-0908_P,True,14,ALLWARA
2024-07-01,0.0,0.0,0.0,0.0,0.0,BG-0908_P,True,15,ALLWARA
2024-08-01,0.0,0.0,0.0,0.0,0.0,BG-0908_P,True,16,ALLWARA
2024-09-01,0.0,0.0,0.0,0.0,0.0,BG-0908_P,True,17,ALLWARA
2024-10-01,0.0,0.0,0.0,0.0,0.0,BG-0908_P,True,18,ALLWARA
2024-11-01,0.0,0.0,0.0,0.0,0.0,BG-0908_P,True,19,ALLWARA
2024-12-01,0.0,0.0,0.0,0.0,0.0,BG-0908_P,True,20,ALLWARA
2025-01-01,0.0,0.0,0.0,0.0,0.0,BG-0908_P,True,21,ALLWARA
2025-02-01,0.0,0.0,0.0,0.0,0.0,BG-0908_P,True,22,ALLWARA
2025-03-01,0.0,0.0,0.0,0.0,0.0,BG-0908_P,True,23,ALLWARA
2025-04-01,0.0,0.0,0.0,0.0,0.0,BG-0908_P,True,24,ALLWARA
2025-05-01,0.0,0.0,0.0,0.0,0.0,BG-0908_P,True,25,ALLWARA
2025-06-01,0.0,0.0,0.0,0.0,0.0,BG-0908_P,True,26,ALLWARA
2025-07-01,0.0,0.0,0.0,0.0,0.0,BG-0908_P,True,27,ALLWARA
2025-08-01,0.0,0.0,0.0,0.0,0.0,BG-0908_P,True,28,ALLWARA
2025-09-01,0.0,0.0,0.0,0.0,0.0,BG-0908_P,True,29,ALLWARA
2025-10-01,8.917854746073896,8.917854746073896,1223.11,0.0,10.45,BG-0908_P,True,30,ALLWARA
2025-11-01,8.264545639319598,17.182400385393493,1300.36,0.0,35.52,BG-0908_P,True,31,ALLWARA
2025-12-01,7.935337832949314,25.117738218342808,1068.93,0.0,92.56,BG-0908_P,True,32,ALLWARA
2026-01-01,7.8481411067596625,32.96587932510247,970.6,0.0,115.4,BG-0908_P,True,33,ALLWARA
2026-02-01,7.804800821039501,40.77068014614197,884.36,0.0,104.3,BG-0908_P,True,34,ALLWARA
2026-03-01,7.451846606024287,48.22252675216626,818.05,0.0,99.32,BG-0908_P,True,35,ALLWARA
2023-04-01,0.0,0.0,0.0,0.0,0.0,BG-2092_P,True,0,ALLWARA
2023-05-01,0.0,0.0,0.0,0.0,0.0,BG-2092_P,True,1,ALLWARA
2023-06-01,0.0,0.0,0.0,0.0,0.0,BG-2092_P,True,2,ALLWARA
2023-07-01,0.0,0.0,0.0,0.0,0.0,BG-2092_P,True,3,ALLWARA
2023-08-01,0.0,0.0,0.0,0.0,0.0,BG-2092_P,True,4,ALLWARA
2023-09-01,0.0,0.0,0.0,0.0,0.0,BG-2092_P,True,5,ALLWARA
2023-10-01,0.0,0.0,0.0,0.0,0.0,BG-2092_P,True,6,ALLWARA
2023-11-01,0.0,0.0,0.0,0.0,0.0,BG-2092_P,True,7,ALLWARA
2023-12-01,0.0,0.0,0.0,0.0,0.0,BG-2092_P,True,8,ALLWARA
2024-01-01,0.0,0.0,0.0,0.0,0.0,BG-2092_P,True,9,ALLWARA
2024-02-01,2442.9057249395732,2442.9057249395732,3197.81,0.0,423.21,BG-2092_P,True,10,ALLWARA
2024-03-01,2381.124003428801,4824.029728368374,3556.88,0.0,911.64,BG-2092_P,True,11,ALLWARA
2024-04-01,2276.504176742092,7100.533905110466,3534.92,0.0,937.07,BG-2092_P,True,12,ALLWARA
2024-05-01,2160.6100796594637,9261.14398476993,3743.77,0.0,1237.0,BG-2092_P,True,13,ALLWARA
2024-06-01,2271.297027190511,11532.44101196044,3299.13,0.0,2114.01,BG-2092_P,True,14,ALLWARA
2024-07-01,2268.590157499605,13801.031169460046,3192.25,0.0,1338.59,BG-2092_P,True,15,ALLWARA
2024-08-01,2355.870300864734,16156.90147032478,3138.18,0.0,1144.66,BG-2092_P,True,16,ALLWARA
2024-09-01,2413.6093495545383,18570.510819879317,3238.56,0.0,1231.13,BG-2092_P,True,17,ALLWARA
2024-10-01,2503.3902687193777,21073.901088598694,3111.39,0.0,1371.45,BG-2092_P,True,18,ALLWARA
2024-11-01,2632.3032959278416,23706.204384526536,2738.7,0.0,1480.29,BG-2092_P,True,19,ALLWARA
2024-12-01,2730.6106380952197,26436.815022621755,2678.36,0.0,1459.31,BG-2092_P,True,20,ALLWARA
2025-01-01,2804.4521352199286,29241.267157841685,2990.08,0.0,1923.79,BG-2092_P,True,21,ALLWARA
2025-02-01,2863.461764785873,32104.728922627557,3255.6,0.0,2237.79,BG-2092_P,True,22,ALLWARA
2025-03-01,2918.7868385361944,35023.515761163755,3275.37,0.0,2265.94,BG-2092_P,True,23,ALLWARA
2025-04-01,2960.719398765805,37984.23515992956,2997.93,0.0,2006.1,BG-2092_P,True,24,ALLWARA
2025-05-01,2989.954634595405,40974.189794524966,3124.58,0.0,2203.77,BG-2092_P,True,25,ALLWARA
2025-06-01,3018.8014933373624,43992.99128786233,2997.66,0.0,2271.92,BG-2092_P,True,26,ALLWARA
2025-07-01,3008.703611135285,47001.694898997615,3074.52,0.0,2362.45,BG-2092_P,True,27,ALLWARA
2025-08-01,2890.005755407262,49891.70065440488,3156.21,0.0,2434.11,BG-2092_P,True,28,ALLWARA
2025-09-01,2804.131546547963,52695.83220095284,3154.51,0.0,2449.09,BG-2092_P,True,29,ALLWARA
2025-10-01,2757.966190347919,55453.79839130076,3012.2,0.0,2317.74,BG-2092_P,True,30,ALLWARA
2025-11-01,2698.1511250195167,58151.94951632028,2968.58,0.0,2290.13,BG-2092_P,True,31,ALLWARA
2025-12-01,2653.182713047543,60805.132229367824,2997.99,0.0,2339.33,BG-2092_P,True,32,ALLWARA
2026-01-01,2643.5649313440213,63448.69716071185,2960.73,0.0,2324.5,BG-2092_P,True,33,ALLWARA
2026-02-01,2741.774702945708,66190.47186365756,3026.11,0.0,2469.71,BG-2092_P,True,34,ALLWARA
2026-03-01,2239.753634393869,68430.22549805143,3100.48,0.0,2527.48,BG-2092_P,True,35,ALLWARA
2023-04-01,0.0,0.0,0.0,0.0,0.0,BG-2057_P,True,0,ALLWARA
2023-05-01,0.0,0.0,0.0,0.0,0.0,BG-2057_P,True,1,ALLWARA
2023-06-01,0.0,0.0,0.0,0.0,0.0,BG-2057_P,True,2,ALLWARA
2023-07-01,0.0,0.0,0.0,0.0,0.0,BG-2057_P,True,3,ALLWARA
2023-08-01,0.0,0.0,0.0,0.0,0.0,BG-2057_P,True,4,ALLWARA
2023-09-01,0.0,0.0,0.0,0.0,0.0,BG-2057_P,True,5,ALLWARA
2023-10-01,0.0,0.0,0.0,0.0,0.0,BG-2057_P,True,6,ALLWARA
2023-11-01,0.0,0.0,0.0,0.0,0.0,BG-2057_P,True,7,ALLWARA
2023-12-01,0.0,0.0,0.0,0.0,0.0,BG-2057_P,True,8,ALLWARA
2024-01-01,0.0,0.0,0.0,0.0,0.0,BG-2057_P,True,9,ALLWARA
2024-02-01,0.0,0.0,0.0,0.0,0.0,BG-2057_P,True,10,ALLWARA
2024-03-01,0.0,0.0,0.0,0.0,0.0,BG-2057_P,True,11,ALLWARA
2024-04-01,0.0,0.0,0.0,0.0,0.0,BG-2057_P,True,12,ALLWARA
2024-05-01,0.0,0.0,0.0,0.0,0.0,BG-2057_P,True,13,ALLWARA
2024-06-01,0.0,0.0,0.0,0.0,0.0,BG-2057_P,True,14,ALLWARA
2024-07-01,0.0,0.0,0.0,0.0,0.0,BG-2057_P,True,15,ALLWARA
2024-08-01,0.0,0.0,0.0,0.0,0.0,BG-2057_P,True,16,ALLWARA
2024-09-01,0.0,0.0,0.0,0.0,0.0,BG-2057_P,True,17,ALLWARA
2024-10-01,0.0,0.0,0.0,0.0,0.0,BG-2057_P,True,18,ALLWARA
2024-11-01,0.0,0.0,0.0,0.0,0.0,BG-2057_P,True,19,ALLWARA
2024-12-01,0.0,0.0,0.0,0.0,0.0,BG-2057_P,True,20,ALLWARA
2025-01-01,2266.919500906144,2266.919500906144,2407.32,0.0,167.2,BG-2057_P,True,21,ALLWARA
2025-02-01,0.0,2266.919500906144,0.0,0.0,0.0,BG-2057_P,True,22,ALLWARA
2025-03-01,2440.1649875293383,4707.084488435483,2849.27,0.0,693.45,BG-2057_P,True,23,ALLWARA
2025-04-01,2508.365114309913,7215.449602745396,2556.94,0.0,873.82,BG-2057_P,True,24,ALLWARA
2025-05-01,2264.8526382782215,9480.302241023617,2594.05,0.0,988.78,BG-2057_P,True,25,ALLWARA
2025-06-01,2356.3144713469965,11836.616712370615,2392.41,0.0,1164.71,BG-2057_P,True,26,ALLWARA
2025-07-01,2091.9025121318687,13928.519224502483,2285.88,0.0,1346.08,BG-2057_P,True,27,ALLWARA
2025-08-01,1983.319516479666,15911.838740982148,2339.64,0.0,1386.74,BG-2057_P,True,28,ALLWARA
2025-09-01,1943.6208410202485,17855.459582002397,2324.72,0.0,1396.32,BG-2057_P,True,29,ALLWARA
2025-10-01,1921.941445959119,19777.401027961518,2291.14,0.0,1375.1,BG-2057_P,True,30,ALLWARA
2025-11-01,1995.7823547378093,21773.183382699328,2322.02,0.0,1457.8,BG-2057_P,True,31,ALLWARA
2025-12-01,2059.803798876759,23832.987181576085,2189.2,0.0,1645.98,BG-2057_P,True,32,ALLWARA
2026-01-01,2109.14515899072,25942.132340566804,2165.2,0.0,1627.57,BG-2057_P,True,33,ALLWARA
2026-02-01,2149.195311837637,28091.32765240444,2420.45,0.0,1833.26,BG-2057_P,True,34,ALLWARA
2026-03-01,1955.3570069335947,30046.684659338036,2525.32,0.0,1920.78,BG-2057_P,True,35,ALLWARA
2023-04-01,5772.539395459705,0.014596258438423385,4460.83,5772.524799201266,1410.34,BG-0181_P,True,0,ALLWARA
2023-05-01,5658.249595312814,0.043041763826191445,4520.82,5658.221149807426,1503.66,BG-0181_P,True,1,ALLWARA
2023-06-01,5546.22164384128,0.0838212876436811,3449.2,5546.180864317463,902.89,BG-0181_P,True,2,ALLWARA
2023-07-01,5436.4116993477255,0.13639551207867795,3195.48,5436.35912512329,1023.33,BG-0181_P,True,3,ALLWARA
2023-08-01,5328.77608799431,0.2004814414669724,3227.78,5328.712002064922,1036.51,BG-0181_P,True,4,ALLWARA
2023-09-01,5223.271638683838,0.2756852674851054,3165.04,5223.19643485782,1179.7,BG-0181_P,True,5,ALLWARA
2023-10-01,5119.8544440798005,0.35991347907618254,3559.56,5119.77021586821,1375.66,BG-0181_P,True,6,ALLWARA
2023-11-01,5018.485146435251,0.4530866848675999,4706.78,5018.39197322946,1575.51,BG-0181_P,True,7,ALLWARA
2023-12-01,4919.122979036785,0.5549114288676396,4892.16,4919.0211542927855,1630.75,BG-0181_P,True,8,ALLWARA
2024-01-01,4821.729223460096,0.666125483310963,4788.77,4821.618009405653,1532.71,BG-0181_P,True,9,ALLWARA
2024-02-01,4726.264377323573,0.7869267955054867,4829.38,4726.143576011379,1571.38,BG-0181_P,True,10,ALLWARA
2024-03-01,4632.687218935549,0.9144826674561423,4082.74,4632.559663063598,1630.7,BG-0181_P,True,11,ALLWARA
2024-04-01,4540.95586278071,1.0415096988378352,3954.88,4540.828835749328,1657.66,BG-0181_P,True,12,ALLWARA
2024-05-01,4451.035684922245,1.162794106532782,4321.48,4450.91440051455,1748.53,BG-0181_P,True,13,ALLWARA
2024-06-01,4362.904069200201,1.2864729204396625,4456.24,4362.780390386294,1714.75,BG-0181_P,True,14,ALLWARA
2024-07-01,4276.5230962054775,1.4180185405441028,4500.41,4276.391550585373,1753.57,BG-0181_P,True,15,ALLWARA
2024-08-01,4191.84294429725,1.5476384137936448,4549.57,4191.713324424,1356.51,BG-0181_P,True,16,ALLWARA
2024-09-01,4108.839708270722,1.6755072018622827,4778.98,4108.711839482654,1200.16,BG-0181_P,True,17,ALLWARA
2024-10-01,4027.480949753178,1.802562894383568,4999.56,4027.3538940606563,1255.13,BG-0181_P,True,18,ALLWARA
2024-11-01,3947.7359092638303,1.9315282631634163,4824.11,3947.6069438950503,1376.17,BG-0181_P,True,19,ALLWARA
2024-12-01,3869.5698768937705,2.0623160144718016,4650.76,3869.4390891424623,1785.44,BG-0181_P,True,20,ALLWARA
2025-01-01,3792.951678130158,2.1949325258887513,4735.3,3792.819061618741,1767.65,BG-0181_P,True,21,ALLWARA
2025-02-01,3717.845166969014,2.3238872036396,4780.02,3717.716212291263,1753.7,BG-0181_P,True,22,ALLWARA
2025-03-01,3644.2243351774305,2.4477233621588073,4778.92,3644.1004990189113,1776.42,BG-0181_P,True,23,ALLWARA
2025-04-01,3572.0686550101645,2.5739038375016086,4562.77,3571.942474534822,1688.69,BG-0181_P,True,24,ALLWARA
2025-05-01,3501.341610362373,2.702239532794416,4730.76,3501.2132746670804,1845.45,BG-0181_P,True,25,ALLWARA
2025-06-01,3432.0152732515053,2.8329059916269936,4624.1,3431.884606792673,1749.25,BG-0181_P,True,26,ALLWARA
2025-07-01,3364.0608148590477,2.964982330620393,4471.82,3363.928738520054,2172.25,BG-0181_P,True,27,ALLWARA
2025-08-01,3297.455309078389,3.1018048131857,4412.19,3297.3184865958237,2781.98,BG-0181_P,True,28,ALLWARA
2025-09-01,3232.1688577583577,3.243456540479514,4503.59,3232.027206031064,2244.17,BG-0181_P,True,29,ALLWARA
2025-10-01,3168.175203792492,3.389880889983439,4422.77,3168.0287794429883,1876.32,BG-0181_P,True,30,ALLWARA
2025-11-01,3105.447627441389,3.5399017237360644,4318.7,3105.2976066076367,1616.41,BG-0181_P,True,31,ALLWARA
2025-12-01,3043.9608418183616,3.6921493226500486,4275.17,3043.8085942194475,1651.36,BG-0181_P,True,32,ALLWARA
2026-01-01,2983.688419839856,3.843423308903271,4202.48,2983.537145853603,1813.85,BG-0181_P,True,33,ALLWARA
2026-02-01,2924.608117848021,3.992389029798961,4006.34,2924.459152127125,1659.34,BG-0181_P,True,34,ALLWARA
2026-03-01,2866.6925973290968,4.134005304089196,3970.27,2866.5509810548065,1694.49,BG-0181_P,True,35,ALLWARA
2023-04-01,0.0,0.0,0.0,0.0,0.0,BG-2086_P,True,0,ALLWARA
2023-05-01,0.0,0.0,0.0,0.0,0.0,BG-2086_P,True,1,ALLWARA
2023-06-01,0.0,0.0,0.0,0.0,0.0,BG-2086_P,True,2,ALLWARA
2023-07-01,0.0,0.0,0.0,0.0,0.0,BG-2086_P,True,3,ALLWARA
2023-08-01,0.0,0.0,0.0,0.0,0.0,BG-2086_P,True,4,ALLWARA
2023-09-01,0.0,0.0,0.0,0.0,0.0,BG-2086_P,True,5,ALLWARA
2023-10-01,0.0,0.0,0.0,0.0,0.0,BG-2086_P,True,6,ALLWARA
2023-11-01,0.0,0.0,0.0,0.0,0.0,BG-2086_P,True,7,ALLWARA
2023-12-01,0.0,0.0,0.0,0.0,0.0,BG-2086_P,True,8,ALLWARA
2024-01-01,0.0,0.0,0.0,0.0,0.0,BG-2086_P,True,9,ALLWARA
2024-02-01,0.0,0.0,0.0,0.0,0.0,BG-2086_P,True,10,ALLWARA
2024-03-01,0.0,0.0,0.0,0.0,0.0,BG-2086_P,True,11,ALLWARA
2024-04-01,0.0,0.0,0.0,0.0,0.0,BG-2086_P,True,12,ALLWARA
2024-05-01,0.0,0.0,0.0,0.0,0.0,BG-2086_P,True,13,ALLWARA
2024-06-01,0.0,0.0,0.0,0.0,0.0,BG-2086_P,True,14,ALLWARA
2024-07-01,0.0,0.0,0.0,0.0,0.0,BG-2086_P,True,15,ALLWARA
2024-08-01,0.0,0.0,0.0,0.0,0.0,BG-2086_P,True,16,ALLWARA
2024-09-01,0.0,0.0,0.0,0.0,0.0,BG-2086_P,True,17,ALLWARA
2024-10-01,0.0,0.0,0.0,0.0,0.0,BG-2086_P,True,18,ALLWARA
2024-11-01,0.0,0.0,0.0,0.0,0.0,BG-2086_P,True,19,ALLWARA
2024-12-01,0.0,0.0,0.0,0.0,0.0,BG-2086_P,True,20,ALLWARA
2025-01-01,652.5361784693683,652.5361784693683,1938.1,0.0,0.0,BG-2086_P,True,21,ALLWARA
2025-02-01,0.0,652.5361784693683,0.0,0.0,0.0,BG-2086_P,True,22,ALLWARA
2025-03-01,0.0,652.5361784693683,0.0,0.0,0.0,BG-2086_P,True,23,ALLWARA
2025-04-01,670.2197005169891,1322.7558789863574,1423.06,0.0,0.0,BG-2086_P,True,24,ALLWARA
2025-05-01,670.7925028289931,1993.5483818153505,887.6,0.0,0.47,BG-2086_P,True,25,ALLWARA
2025-06-01,672.1175278581227,2665.665909673473,681.6,0.0,0.32,BG-2086_P,True,26,ALLWARA
2025-07-01,670.3412935822076,3336.0072032556805,817.98,0.0,1.94,BG-2086_P,True,27,ALLWARA
2025-08-01,649.6930703432482,3985.7002735989286,834.03,0.0,2.02,BG-2086_P,True,28,ALLWARA
2025-09-01,698.9633764746935,4684.663650073622,808.95,0.0,0.17,BG-2086_P,True,29,ALLWARA
2025-10-01,717.5535738769404,5402.217223950563,797.7,0.0,0.0,BG-2086_P,True,30,ALLWARA
2025-11-01,717.6572193592441,6119.874443309806,824.04,0.0,0.0,BG-2086_P,True,31,ALLWARA
2025-12-01,721.7076885739478,6841.582131883754,611.37,0.0,0.0,BG-2086_P,True,32,ALLWARA
2026-01-01,718.3751132679508,7559.957245151705,508.55,0.0,0.0,BG-2086_P,True,33,ALLWARA
2026-02-01,682.1183101241678,8242.075555275873,556.26,0.0,0.0,BG-2086_P,True,34,ALLWARA
2026-03-01,298.87455187090313,8540.950107146777,572.95,0.0,0.0,BG-2086_P,True,35,ALLWARA
2023-04-01,0.0,0.0,0.0,0.0,0.0,BG-2094_P,True,0,ALLWARA
2023-05-01,0.0,0.0,0.0,0.0,0.0,BG-2094_P,True,1,ALLWARA
2023-06-01,0.0,0.0,0.0,0.0,0.0,BG-2094_P,True,2,ALLWARA
2023-07-01,0.0,0.0,0.0,0.0,0.0,BG-2094_P,True,3,ALLWARA
2023-08-01,0.0,0.0,0.0,0.0,0.0,BG-2094_P,True,4,ALLWARA
2023-09-01,0.0,0.0,0.0,0.0,0.0,BG-2094_P,True,5,ALLWARA
2023-10-01,0.0,0.0,0.0,0.0,0.0,BG-2094_P,True,6,ALLWARA
2023-11-01,0.0,0.0,0.0,0.0,0.0,BG-2094_P,True,7,ALLWARA
2023-12-01,0.0,0.0,0.0,0.0,0.0,BG-2094_P,True,8,ALLWARA
2024-01-01,0.0,0.0,0.0,0.0,0.0,BG-2094_P,True,9,ALLWARA
2024-02-01,0.0,0.0,0.0,0.0,0.0,BG-2094_P,True,10,ALLWARA
2024-03-01,0.0,0.0,0.0,0.0,0.0,BG-2094_P,True,11,ALLWARA
2024-04-01,0.0,0.0,0.0,0.0,0.0,BG-2094_P,True,12,ALLWARA
2024-05-01,0.0,0.0,0.0,0.0,0.0,BG-2094_P,True,13,ALLWARA
2024-06-01,0.0,0.0,0.0,0.0,0.0,BG-2094_P,True,14,ALLWARA
2024-07-01,0.0,0.0,0.0,0.0,0.0,BG-2094_P,True,15,ALLWARA
2024-08-01,0.0,0.0,0.0,0.0,0.0,BG-2094_P,True,16,ALLWARA
2024-09-01,0.0,0.0,0.0,0.0,0.0,BG-2094_P,True,17,ALLWARA
2024-10-01,0.0,0.0,0.0,0.0,0.0,BG-2094_P,True,18,ALLWARA
2024-11-01,0.0,0.0,0.0,0.0,0.0,BG-2094_P,True,19,ALLWARA
2024-12-01,0.0,0.0,0.0,0.0,0.0,BG-2094_P,True,20,ALLWARA
2025-01-01,1211.4431853428769,1211.4431853428766,2957.12,0.0,0.0,BG-2094_P,True,21,ALLWARA
2025-02-01,0.0,1211.4431853428766,0.0,0.0,0.0,BG-2094_P,True,22,ALLWARA
2025-03-01,0.0,1211.4431853428766,0.0,0.0,0.0,BG-2094_P,True,23,ALLWARA
2025-04-01,1250.0883818177006,2461.5315671605777,3056.91,0.0,0.0,BG-2094_P,True,24,ALLWARA
2025-05-01,1199.3186047430513,3660.850171903629,2751.21,0.0,1.23,BG-2094_P,True,25,ALLWARA
2025-06-01,1191.0938923325164,4851.944064236146,2055.78,0.0,0.88,BG-2094_P,True,26,ALLWARA
2025-07-01,1019.4276388466161,5871.371703082762,1516.8,0.0,1.79,BG-2094_P,True,27,ALLWARA
2025-08-01,0.0,5871.371703082762,0.0,0.0,0.0,BG-2094_P,True,28,ALLWARA
2025-09-01,0.0,5871.371703082762,0.0,0.0,0.0,BG-2094_P,True,29,ALLWARA
2025-10-01,0.0,5871.371703082762,0.0,0.0,0.0,BG-2094_P,True,30,ALLWARA
2025-11-01,0.0,5871.371703082762,0.0,0.0,0.0,BG-2094_P,True,31,ALLWARA
2025-12-01,0.0,5871.371703082762,0.0,0.0,0.0,BG-2094_P,True,32,ALLWARA
2026-01-01,658.7314372886112,6530.103140371373,1219.34,0.0,1.07,BG-2094_P,True,33,ALLWARA
2026-02-01,0.0,6530.103140371373,0.0,0.0,0.0,BG-2094_P,True,34,ALLWARA
2026-03-01,0.0,6530.103140371373,0.0,0.0,0.0,BG-2094_P,True,35,ALLWARA
2023-04-01,0.0,0.0,0.0,0.0,0.0,BG-2058_P,True,0,ALLWARA
2023-05-01,0.0,0.0,0.0,0.0,0.0,BG-2058_P,True,1,ALLWARA
2023-06-01,0.0,0.0,0.0,0.0,0.0,BG-2058_P,True,2,ALLWARA
2023-07-01,0.0,0.0,0.0,0.0,0.0,BG-2058_P,True,3,ALLWARA
2023-08-01,0.0,0.0,0.0,0.0,0.0,BG-2058_P,True,4,ALLWARA
2023-09-01,0.0,0.0,0.0,0.0,0.0,BG-2058_P,True,5,ALLWARA
2023-10-01,0.0,0.0,0.0,0.0,0.0,BG-2058_P,True,6,ALLWARA
2023-11-01,0.0,0.0,0.0,0.0,0.0,BG-2058_P,True,7,ALLWARA
2023-12-01,1025.8452784176845,1025.8452784176845,2163.29,0.0,258.89,BG-2058_P,True,8,ALLWARA
2024-01-01,951.662858390548,1977.5081368082324,1970.13,0.0,307.04,BG-2058_P,True,9,ALLWARA
2024-02-01,900.123240350352,2877.6313771585847,1917.39,0.0,306.61,BG-2058_P,True,10,ALLWARA
2024-03-01,864.5164945299549,3742.1478716885395,2046.33,0.0,357.34,BG-2058_P,True,11,ALLWARA
2024-04-01,839.3714215964018,4581.519293284941,2019.9,0.0,366.03,BG-2058_P,True,12,ALLWARA
2024-05-01,1491.8013994509013,6073.320692735842,2122.85,0.0,373.93,BG-2058_P,True,13,ALLWARA
2024-06-01,1972.5804876681593,8045.901180404002,2044.1,0.0,362.57,BG-2058_P,True,14,ALLWARA
2024-07-01,2112.9979495313846,10158.899129935387,2029.64,0.0,369.68,BG-2058_P,True,15,ALLWARA
2024-08-01,2155.2484921458404,12314.14762208123,1962.18,0.0,389.26,BG-2058_P,True,16,ALLWARA
2024-09-01,1993.7276045824594,14307.87522666369,1951.7,0.0,327.37,BG-2058_P,True,17,ALLWARA
2024-10-01,1877.7932883744595,16185.668515038149,2041.88,0.0,342.37,BG-2058_P,True,18,ALLWARA
2024-11-01,1758.290010867265,17943.958525905415,1968.74,0.0,339.02,BG-2058_P,True,19,ALLWARA
2024-12-01,1689.6163626636346,19633.57488856905,2079.87,0.0,431.35,BG-2058_P,True,20,ALLWARA
2025-01-01,1641.7470568264716,21275.32194539552,2350.06,0.0,523.2,BG-2058_P,True,21,ALLWARA
2025-02-01,1620.8434828402599,22896.16542823578,2381.93,0.0,519.04,BG-2058_P,True,22,ALLWARA
2025-03-01,1722.209930686397,24618.375358922178,2373.36,0.0,525.63,BG-2058_P,True,23,ALLWARA
2025-04-01,1761.0491414383243,26379.424500360503,2280.88,0.0,465.4,BG-2058_P,True,24,ALLWARA
2025-05-01,0.0,26379.424500360503,0.0,0.0,0.0,BG-2058_P,True,25,ALLWARA
2025-06-01,0.0,26379.424500360503,0.0,0.0,0.0,BG-2058_P,True,26,ALLWARA
2025-07-01,0.0,26379.424500360503,0.0,0.0,0.0,BG-2058_P,True,27,ALLWARA
2025-08-01,2282.793266603958,28662.21776696446,2895.94,0.0,652.8,BG-2058_P,True,28,ALLWARA
2025-09-01,2424.8196662168834,31087.037433181344,2698.75,0.0,777.82,BG-2058_P,True,29,ALLWARA
2025-10-01,2274.393993578707,33361.43142676005,2661.39,0.0,766.0,BG-2058_P,True,30,ALLWARA
2025-11-01,2134.685156870916,35496.11658363097,2664.74,0.0,1179.67,BG-2058_P,True,31,ALLWARA
2025-12-01,2016.2567367601948,37512.37332039116,2528.58,0.0,1163.04,BG-2058_P,True,32,ALLWARA
2026-01-01,1919.653142086274,39432.026462477435,1931.75,0.0,538.84,BG-2058_P,True,33,ALLWARA
2026-02-01,1833.2112562757204,41265.23771875315,2074.97,0.0,551.38,BG-2058_P,True,34,ALLWARA
2026-03-01,0.0,41265.23771875315,0.0,0.0,0.0,BG-2058_P,True,35,ALLWARA
2023-04-01,0.0,0.0,0.0,0.0,0.0,BG-2093_P,True,0,ALLWARA
2023-05-01,0.0,0.0,0.0,0.0,0.0,BG-2093_P,True,1,ALLWARA
2023-06-01,0.0,0.0,0.0,0.0,0.0,BG-2093_P,True,2,ALLWARA
2023-07-01,0.0,0.0,0.0,0.0,0.0,BG-2093_P,True,3,ALLWARA
2023-08-01,0.0,0.0,0.0,0.0,0.0,BG-2093_P,True,4,ALLWARA
2023-09-01,0.0,0.0,0.0,0.0,0.0,BG-2093_P,True,5,ALLWARA
2023-10-01,0.0,0.0,0.0,0.0,0.0,BG-2093_P,True,6,ALLWARA
2023-11-01,0.0,0.0,0.0,0.0,0.0,BG-2093_P,True,7,ALLWARA
2023-12-01,0.0,0.0,0.0,0.0,0.0,BG-2093_P,True,8,ALLWARA
2024-01-01,0.0,0.0,0.0,0.0,0.0,BG-2093_P,True,9,ALLWARA
2024-02-01,1337.4253882232406,1337.4253882232406,2629.15,0.0,571.4,BG-2093_P,True,10,ALLWARA
2024-03-01,1276.5060101703057,2613.9313983935463,2818.2,0.0,1007.07,BG-2093_P,True,11,ALLWARA
2024-04-01,908.7257359750363,3522.657134368583,2813.62,0.0,1035.08,BG-2093_P,True,12,ALLWARA
2024-05-01,1384.8306598306335,4907.487794199216,3024.34,0.0,1073.09,BG-2093_P,True,13,ALLWARA
2024-06-01,1900.6435628125591,6808.131357011775,2847.72,0.0,1014.72,BG-2093_P,True,14,ALLWARA
2024-07-01,2559.923862361249,9368.055219373025,2793.83,0.0,989.35,BG-2093_P,True,15,ALLWARA
2024-08-01,2259.0609563218977,11627.116175694922,2753.08,0.0,973.56,BG-2093_P,True,16,ALLWARA
2024-09-01,2190.605048947832,13817.721224642755,2735.98,0.0,1385.61,BG-2093_P,True,17,ALLWARA
2024-10-01,2328.156678376957,16145.877903019713,2712.45,0.0,1877.26,BG-2093_P,True,18,ALLWARA
2024-11-01,2558.613421539131,18704.491324558843,2917.8,0.0,1454.04,BG-2093_P,True,19,ALLWARA
2024-12-01,2629.231794088751,21333.723118647595,2803.11,0.0,1421.7,BG-2093_P,True,20,ALLWARA
2025-01-01,2646.318416156676,23980.04153480427,2857.22,0.0,1489.47,BG-2093_P,True,21,ALLWARA
2025-02-01,2470.4542385918994,26450.49577339617,2851.57,0.0,1576.24,BG-2093_P,True,22,ALLWARA
2025-03-01,2374.6127486707164,28825.108522066887,2922.78,0.0,1624.0,BG-2093_P,True,23,ALLWARA
2025-04-01,2624.069837366375,31449.178359433263,2824.45,0.0,1484.92,BG-2093_P,True,24,ALLWARA
2025-05-01,2658.231811865984,34107.41017129925,2929.01,0.0,1564.45,BG-2093_P,True,25,ALLWARA
2025-06-01,2681.0707113878325,36788.48088268708,2725.01,0.0,1430.35,BG-2093_P,True,26,ALLWARA
2025-07-01,2343.2192330323805,39131.70011571946,2153.62,0.0,1208.51,BG-2093_P,True,27,ALLWARA
2025-08-01,2056.2903213522186,41187.99043707168,2203.61,0.0,1245.19,BG-2093_P,True,28,ALLWARA
2025-09-01,2004.675399610887,43192.66583668257,2187.57,0.0,1253.79,BG-2093_P,True,29,ALLWARA
2025-10-01,2037.44447463287,45230.11031131544,2160.67,0.0,1289.38,BG-2093_P,True,30,ALLWARA
2025-11-01,2006.7746812316232,47236.884992547064,2248.37,0.0,1572.28,BG-2093_P,True,31,ALLWARA
2025-12-01,1971.5886176585318,49208.4736102056,2167.98,0.0,1545.99,BG-2093_P,True,32,ALLWARA
2026-01-01,1845.0218275099476,51053.495437715545,1769.91,0.0,1291.26,BG-2093_P,True,33,ALLWARA
2026-02-01,1699.7162739239297,52753.21171163947,1844.88,0.0,1321.32,BG-2093_P,True,34,ALLWARA
2026-03-01,0.0,52753.21171163947,0.0,0.0,0.0,BG-2093_P,True,35,ALLWARA
2023-04-01,0.0,0.0,0.0,0.0,0.0,BG-2090_P,True,0,ALLWARA
2023-05-01,0.0,0.0,0.0,0.0,0.0,BG-2090_P,True,1,ALLWARA
2023-06-01,0.0,0.0,0.0,0.0,0.0,BG-2090_P,True,2,ALLWARA
2023-07-01,0.0,0.0,0.0,0.0,0.0,BG-2090_P,True,3,ALLWARA
2023-08-01,0.0,0.0,0.0,0.0,0.0,BG-2090_P,True,4,ALLWARA
2023-09-01,0.0,0.0,0.0,0.0,0.0,BG-2090_P,True,5,ALLWARA
2023-10-01,0.0,0.0,0.0,0.0,0.0,BG-2090_P,True,6,ALLWARA
2023-11-01,0.0,0.0,0.0,0.0,0.0,BG-2090_P,True,7,ALLWARA
2023-12-01,0.0,0.0,0.0,0.0,0.0,BG-2090_P,True,8,ALLWARA
2024-01-01,0.0,0.0,0.0,0.0,0.0,BG-2090_P,True,9,ALLWARA
2024-02-01,0.0,0.0,0.0,0.0,0.0,BG-2090_P,True,10,ALLWARA
2024-03-01,0.0,0.0,0.0,0.0,0.0,BG-2090_P,True,11,ALLWARA
2024-04-01,0.0,0.0,0.0,0.0,0.0,BG-2090_P,True,12,ALLWARA
2024-05-01,0.0,0.0,0.0,0.0,0.0,BG-2090_P,True,13,ALLWARA
2024-06-01,0.0,0.0,0.0,0.0,0.0,BG-2090_P,True,14,ALLWARA
2024-07-01,0.0,0.0,0.0,0.0,0.0,BG-2090_P,True,15,ALLWARA
2024-08-01,0.0,0.0,0.0,0.0,0.0,BG-2090_P,True,16,ALLWARA
2024-09-01,0.0,0.0,0.0,0.0,0.0,BG-2090_P,True,17,ALLWARA
2024-10-01,0.0,0.0,0.0,0.0,0.0,BG-2090_P,True,18,ALLWARA
2024-11-01,0.0,0.0,0.0,0.0,0.0,BG-2090_P,True,19,ALLWARA
2024-12-01,0.0,0.0,0.0,0.0,0.0,BG-2090_P,True,20,ALLWARA
2025-01-01,0.18521165448782312,0.18521165448782312,1261.71,0.0,0.0,BG-2090_P,True,21,ALLWARA
2025-02-01,0.0,0.18521165448782312,0.0,0.0,0.0,BG-2090_P,True,22,ALLWARA
2025-03-01,0.0,0.18521165448782312,0.0,0.0,0.0,BG-2090_P,True,23,ALLWARA
2025-04-01,1262.361319549509,1262.546531203997,1157.04,0.0,0.0,BG-2090_P,True,24,ALLWARA
2025-05-01,1274.8082723072882,2537.3548035112854,1304.44,0.0,0.09,BG-2090_P,True,25,ALLWARA
2025-06-01,1280.7635162927804,3818.1183198040653,1517.15,0.0,0.03,BG-2090_P,True,26,ALLWARA
2025-07-01,1276.1034058627097,5094.2217256667755,1652.99,0.0,5.23,BG-2090_P,True,27,ALLWARA
2025-08-01,1294.5944065920037,6388.816132258779,1674.77,0.0,5.39,BG-2090_P,True,28,ALLWARA
2025-09-01,1344.2569947764073,7733.073127035186,1892.44,0.0,28.6,BG-2090_P,True,29,ALLWARA
2025-10-01,1371.5332971504497,9104.606424185637,2183.84,0.0,56.38,BG-2090_P,True,30,ALLWARA
2025-11-01,1353.078731195742,10457.68515538138,2255.77,0.0,58.08,BG-2090_P,True,31,ALLWARA
2025-12-01,1371.1338240873804,11828.81897946876,1878.42,0.0,81.66,BG-2090_P,True,32,ALLWARA
2026-01-01,1369.3667231237127,13198.185702592473,1678.98,0.0,93.51,BG-2090_P,True,33,ALLWARA
2026-02-01,1291.6800514099782,14489.86575400245,1829.64,0.0,95.67,BG-2090_P,True,34,ALLWARA
2026-03-01,1267.536224658487,15757.401978660937,1882.64,0.0,97.86,BG-2090_P,True,35,ALLWARA
2023-04-01,0.0,0.0,0.0,0.0,0.0,BG-2083_P,True,0,ALLWARA
2023-05-01,0.0,0.0,0.0,0.0,0.0,BG-2083_P,True,1,ALLWARA
2023-06-01,0.0,0.0,0.0,0.0,0.0,BG-2083_P,True,2,ALLWARA
2023-07-01,0.0,0.0,0.0,0.0,0.0,BG-2083_P,True,3,ALLWARA
2023-08-01,0.0,0.0,0.0,0.0,0.0,BG-2083_P,True,4,ALLWARA
2023-09-01,0.0,0.0,0.0,0.0,0.0,BG-2083_P,True,5,ALLWARA
2023-10-01,0.0,0.0,0.0,0.0,0.0,BG-2083_P,True,6,ALLWARA
2023-11-01,0.0,0.0,0.0,0.0,0.0,BG-2083_P,True,7,ALLWARA
2023-12-01,0.0,0.0,0.0,0.0,0.0,BG-2083_P,True,8,ALLWARA
2024-01-01,0.0,0.0,0.0,0.0,0.0,BG-2083_P,True,9,ALLWARA
2024-02-01,0.0,0.0,0.0,0.0,0.0,BG-2083_P,True,10,ALLWARA
2024-03-01,0.0,0.0,0.0,0.0,0.0,BG-2083_P,True,11,ALLWARA
2024-04-01,0.0,0.0,0.0,0.0,0.0,BG-2083_P,True,12,ALLWARA
2024-05-01,0.0,0.0,0.0,0.0,0.0,BG-2083_P,True,13,ALLWARA
2024-06-01,0.0,0.0,0.0,0.0,0.0,BG-2083_P,True,14,ALLWARA
2024-07-01,0.0,0.0,0.0,0.0,0.0,BG-2083_P,True,15,ALLWARA
2024-08-01,0.0,0.0,0.0,0.0,0.0,BG-2083_P,True,16,ALLWARA
2024-09-01,0.0,0.0,0.0,0.0,0.0,BG-2083_P,True,17,ALLWARA
2024-10-01,0.0,0.0,0.0,0.0,0.0,BG-2083_P,True,18,ALLWARA
2024-11-01,0.0,0.0,0.0,0.0,0.0,BG-2083_P,True,19,ALLWARA
2024-12-01,0.0,0.0,0.0,0.0,0.0,BG-2083_P,True,20,ALLWARA
2025-01-01,2383.794881118294,2383.794881118294,4420.27,0.0,2515.02,BG-2083_P,True,21,ALLWARA
2025-02-01,0.0,2383.794881118294,0.0,0.0,0.0,BG-2083_P,True,22,ALLWARA
2025-03-01,2754.568014708553,5138.362895826847,3787.76,0.0,233.38,BG-2083_P,True,23,ALLWARA
2025-04-01,2844.231364050843,7982.59425987769,3155.18,0.0,183.25,BG-2083_P,True,24,ALLWARA
2025-05-01,2868.588568526505,10851.182828404195,3034.97,0.0,184.82,BG-2083_P,True,25,ALLWARA
2025-06-01,2884.132450470696,13735.31527887489,3051.4,0.0,171.76,BG-2083_P,True,26,ALLWARA
2025-07-01,2841.50599135197,16576.82127022686,3028.01,0.0,176.19,BG-2083_P,True,27,ALLWARA
2025-08-01,2486.8385902344553,19063.659860461317,3073.46,0.0,181.54,BG-2083_P,True,28,ALLWARA
2025-09-01,2314.169885277517,21377.829745738833,3000.41,0.0,182.8,BG-2083_P,True,29,ALLWARA
2025-10-01,2233.289039626618,23611.118785365452,2977.97,0.0,217.36,BG-2083_P,True,30,ALLWARA
2025-11-01,2275.904916590989,25887.02370195644,3344.5,0.0,483.62,BG-2083_P,True,31,ALLWARA
2025-12-01,3219.14952603909,29106.173227995532,3339.93,0.0,535.49,BG-2083_P,True,32,ALLWARA
2026-01-01,3640.504061679584,32746.677289675117,3344.34,0.0,520.86,BG-2083_P,True,33,ALLWARA
2026-02-01,3843.9372388351912,36590.61452851031,3298.18,0.0,524.51,BG-2083_P,True,34,ALLWARA
2026-03-01,2766.504759725707,39357.11928823602,3437.47,0.0,539.72,BG-2083_P,True,35,ALLWARA
2023-04-01,0.0,0.0,0.0,0.0,0.0,BG-2102_P,True,0,ALLWARA
2023-05-01,0.0,0.0,0.0,0.0,0.0,BG-2102_P,True,1,ALLWARA
2023-06-01,0.0,0.0,0.0,0.0,0.0,BG-2102_P,True,2,ALLWARA
2023-07-01,0.0,0.0,0.0,0.0,0.0,BG-2102_P,True,3,ALLWARA
2023-08-01,0.0,0.0,0.0,0.0,0.0,BG-2102_P,True,4,ALLWARA
2023-09-01,0.0,0.0,0.0,0.0,0.0,BG-2102_P,True,5,ALLWARA
2023-10-01,0.0,0.0,0.0,0.0,0.0,BG-2102_P,True,6,ALLWARA
2023-11-01,0.0,0.0,0.0,0.0,0.0,BG-2102_P,True,7,ALLWARA
2023-12-01,0.0,0.0,0.0,0.0,0.0,BG-2102_P,True,8,ALLWARA
2024-01-01,0.0,0.0,0.0,0.0,0.0,BG-2102_P,True,9,ALLWARA
2024-02-01,0.0,0.0,0.0,0.0,0.0,BG-2102_P,True,10,ALLWARA
2024-03-01,0.0,0.0,0.0,0.0,0.0,BG-2102_P,True,11,ALLWARA
2024-04-01,0.0,0.0,0.0,0.0,0.0,BG-2102_P,True,12,ALLWARA
2024-05-01,0.0,0.0,0.0,0.0,0.0,BG-2102_P,True,13,ALLWARA
2024-06-01,0.0,0.0,0.0,0.0,0.0,BG-2102_P,True,14,ALLWARA
2024-07-01,0.0,0.0,0.0,0.0,0.0,BG-2102_P,True,15,ALLWARA
2024-08-01,0.0,0.0,0.0,0.0,0.0,BG-2102_P,True,16,ALLWARA
2024-09-01,0.0,0.0,0.0,0.0,0.0,BG-2102_P,True,17,ALLWARA
2024-10-01,0.0,0.0,0.0,0.0,0.0,BG-2102_P,True,18,ALLWARA
2024-11-01,0.0,0.0,0.0,0.0,0.0,BG-2102_P,True,19,ALLWARA
2024-12-01,0.0,0.0,0.0,0.0,0.0,BG-2102_P,True,20,ALLWARA
2025-01-01,1764.9716972132464,1764.9716972132464,3798.55,0.0,1114.67,BG-2102_P,True,21,ALLWARA
2025-02-01,0.0,1764.9716972132464,0.0,0.0,0.0,BG-2102_P,True,22,ALLWARA
2025-03-01,0.0,1764.9716972132464,0.0,0.0,0.0,BG-2102_P,True,23,ALLWARA
2025-04-01,1852.677297092381,3617.6489943056276,4045.6,0.0,0.0,BG-2102_P,True,24,ALLWARA
2025-05-01,1858.337081828113,5475.98607613374,2608.47,0.0,189.37,BG-2102_P,True,25,ALLWARA
2025-06-01,1863.6240920493892,7339.61016818313,2241.81,0.0,284.59,BG-2102_P,True,26,ALLWARA
2025-07-01,1855.4497073554821,9195.059875538613,2173.48,0.0,331.0,BG-2102_P,True,27,ALLWARA
2025-08-01,1731.6778026108448,10926.737678149457,2214.95,0.0,341.89,BG-2102_P,True,28,ALLWARA
2025-09-01,1642.1984766358319,12568.93615478529,2570.39,0.0,361.07,BG-2102_P,True,29,ALLWARA
2025-10-01,1660.771983043538,14229.708137828828,3072.51,0.0,379.27,BG-2102_P,True,30,ALLWARA
2025-11-01,1603.9015512484946,15833.609689077322,3172.57,0.0,390.65,BG-2102_P,True,31,ALLWARA
2025-12-01,1602.8218062803026,17436.431495357625,3100.5,0.0,399.13,BG-2102_P,True,32,ALLWARA
2026-01-01,1533.171002697605,18969.60249805523,3029.23,0.0,652.16,BG-2102_P,True,33,ALLWARA
2026-02-01,1472.5677184209287,20442.170216476155,1237.35,0.0,707.72,BG-2102_P,True,34,ALLWARA
2026-03-01,1063.6317467351985,21505.801963211354,887.09,0.0,667.24,BG-2102_P,True,35,ALLWARA
2023-04-01,2053.776482775549,0.002916413626371689,1880.96,2053.773566361923,2.61,BG-1929_P,True,0,ALLWARA
2023-05-01,2009.9836985603258,0.008306270150172127,1570.58,2009.978308703802,3.47,BG-1929_P,True,1,ALLWARA
2023-06-01,2171.7097037836675,204.60105634975432,1561.44,1967.1169537040635,3.4,BG-1929_P,True,2,ALLWARA
2023-07-01,2286.247270711913,565.678740507594,1569.89,1925.1695865540737,3.22,BG-1929_P,True,3,ALLWARA
2023-08-01,2383.7838231782694,1065.345846571563,1920.07,1884.1167171143002,0.0,BG-1929_P,True,4,ALLWARA
2023-09-01,2459.2674431614896,1680.6740188745061,1902.81,1843.9392708585467,0.0,BG-1929_P,True,5,ALLWARA
2023-10-01,2511.1124584995177,2387.1678973627304,1898.15,1804.6185800112935,0.0,BG-1929_P,True,6,ALLWARA
2023-11-01,2606.756653016953,3227.7881755056524,1848.64,1766.1363748740307,129.06,BG-1929_P,True,7,ALLWARA
2023-12-01,2686.0001091876547,4185.313509356758,1893.74,1728.4747753365493,360.18,BG-1929_P,True,8,ALLWARA
2024-01-01,2793.462979346188,5287.160206133698,1697.81,1691.6162825692477,628.02,BG-1929_P,True,9,ALLWARA
2024-02-01,2880.4505517992056,6512.06698704031,1656.08,1655.5437708925938,1003.95,BG-1929_P,True,10,ALLWARA
2024-03-01,2948.810154458038,7840.63666167838,4819.58,1620.2404798199686,1961.2,BG-1929_P,True,11,ALLWARA
2024-04-01,0.0,7840.63666167838,0.0,0.0,0.0,BG-1929_P,True,12,ALLWARA
2024-05-01,3064.46562814715,9353.22599287946,5422.23,1551.8762969460713,2151.84,BG-1929_P,True,13,ALLWARA
2024-06-01,2862.271701929211,10696.71405393309,3402.92,1518.7836408755788,766.97,BG-1929_P,True,14,ALLWARA
2024-07-01,2773.4956071936053,11983.812999014755,3360.46,1486.3966621119405,928.3,BG-1929_P,True,15,ALLWARA
2024-08-01,2697.087322450418,13226.200008875676,3302.59,1454.700312589497,985.58,BG-1929_P,True,16,ALLWARA
2024-09-01,2626.492549513596,14429.012693257408,2877.4,1423.6798651318634,860.25,BG-1929_P,True,17,ALLWARA
2024-10-01,2601.2287226360068,15636.920509284217,2892.36,1393.320906609198,866.2,BG-1929_P,True,18,ALLWARA
2024-11-01,2616.8130218346705,16890.124199877508,2831.45,1363.6093312413789,886.94,BG-1929_P,True,19,ALLWARA
2024-12-01,2547.650606069452,18103.243471902966,2426.64,1334.5313340439945,858.11,BG-1929_P,True,20,ALLWARA
2025-01-01,2338.7977317754576,19135.967799264337,2070.57,1306.0734044140868,746.21,BG-1929_P,True,21,ALLWARA
2025-02-01,2351.8993823808746,20209.644861792534,2090.45,1278.2223198526767,740.17,BG-1929_P,True,22,ALLWARA
2025-03-01,2397.291543008925,21355.971264980304,2088.72,1250.9651398211545,749.51,BG-1929_P,True,23,ALLWARA
2025-04-01,2433.0499032835105,22564.731968535143,2451.22,1224.2891997286717,885.13,BG-1929_P,True,24,ALLWARA
2025-05-01,2460.155206747357,23826.705070234744,2804.64,1198.1821050477563,1058.68,BG-1929_P,True,25,ALLWARA
2025-06-01,2480.1694262977235,25134.242770977067,3055.61,1172.6317255554006,1300.25,BG-1929_P,True,26,ALLWARA
2025-07-01,2490.080965422192,26476.6975467023,3074.28,1147.6261896969575,1352.03,BG-1929_P,True,27,ALLWARA
2025-08-01,2500.978527171683,27854.52219480376,3016.79,1123.1538790702227,1419.83,BG-1929_P,True,28,ALLWARA
2025-09-01,2512.5713978385083,29267.89016961513,2757.95,1099.203423027139,1376.3,BG-1929_P,True,29,ALLWARA
2025-10-01,2522.3451883274156,30714.47166455193,2718.67,1075.7636933906153,1355.4,BG-1929_P,True,30,ALLWARA
2025-11-01,2526.2955387081383,32187.94340397606,2804.47,1052.823799284007,1396.2,BG-1929_P,True,31,ALLWARA
2025-12-01,2528.3617702530746,33685.932092158284,2617.36,1030.373082070852,1427.24,BG-1929_P,True,32,ALLWARA
2026-01-01,2526.4928000190125,35204.023781774784,2588.23,1008.4011104025143,1411.29,BG-1929_P,True,33,ALLWARA
2026-02-01,2523.043059849568,36740.16916625292,2760.27,986.897675371434,1319.61,BG-1929_P,True,34,ALLWARA
2026-03-01,2451.8645317177334,38226.18091220292,2840.56,965.8527857677299,1325.22,BG-1929_P,True,35,ALLWARA
2023-04-01,2492.4154091254086,0.002220434757973555,2195.29,2492.4131886906507,485.94,BG-0246_P,True,0,ALLWARA
2023-05-01,2443.064174460606,0.0062940085284590615,2163.94,2443.0601008868352,525.07,BG-0246_P,True,1,ALLWARA
2023-06-01,2394.6899551366328,0.011979447217179112,2039.94,2394.684269697944,451.89,BG-0246_P,True,2,ALLWARA
2023-07-01,2347.273410763291,0.01904606402683954,1819.9,2347.266344146481,361.99,BG-0246_P,True,3,ALLWARA
2023-08-01,2300.7957496753825,0.027439309431772245,1939.67,2300.7873564299775,393.93,BG-0246_P,True,4,ALLWARA
2023-09-01,2255.2383125767064,0.03703755251709739,1882.72,2255.228714333621,385.81,BG-0246_P,True,5,ALLWARA
2023-10-01,2210.582030535642,0.04687429504399474,1783.78,2210.572193793115,372.01,BG-0246_P,True,6,ALLWARA
2023-11-01,2166.8099634483697,0.05690613859878524,1950.15,2166.799931604815,383.92,BG-0246_P,True,7,ALLWARA
2023-12-01,2123.9046010839734,0.0670889423645308,2030.8,2123.8944182802074,393.85,BG-0246_P,True,8,ALLWARA
2024-01-01,2081.8486894273274,0.07728732780981169,1975.77,2081.838491041882,388.82,BG-0246_P,True,9,ALLWARA
2024-02-01,2040.6278396375315,0.08980000715081399,1966.91,2040.6153269581905,396.66,BG-0246_P,True,10,ALLWARA
2024-03-01,2000.2262072077694,0.1075710010712279,1937.34,2000.208436213849,424.71,BG-0246_P,True,11,ALLWARA
2024-04-01,1960.6231829535952,0.12909844087213845,1778.62,1960.6016555137944,401.66,BG-0246_P,True,12,ALLWARA
2024-05-01,1932.2491591334824,10.599115956705063,1816.9,1921.7791416176494,451.42,BG-0246_P,True,13,ALLWARA
2024-06-01,1904.8936482320178,31.767399186507802,1776.12,1883.725365002215,438.31,BG-0246_P,True,14,ALLWARA
2024-07-01,1874.299763323548,59.64205886060134,1827.38,1846.4251036494545,457.51,BG-0246_P,True,15,ALLWARA
2024-08-01,1842.105452935338,91.88407483845607,1796.49,1809.8634369574834,487.09,BG-0246_P,True,16,ALLWARA
2024-09-01,1805.1943126637652,123.05264773009168,1864.99,1774.0257397721296,502.88,BG-0246_P,True,17,ALLWARA
2024-10-01,1767.699961729848,151.854932923263,1920.26,1738.8976765366765,474.62,BG-0246_P,True,18,ALLWARA
2024-11-01,1730.317339298427,177.7070766642402,1834.87,1704.4651955574498,435.24,BG-0246_P,True,19,ALLWARA
2024-12-01,1695.0702179277723,202.0627712090609,1712.11,1670.7145233829515,434.63,BG-0246_P,True,20,ALLWARA
2025-01-01,1660.6437245575853,225.0743364723492,1820.89,1637.632159294297,549.2,BG-0246_P,True,21,ALLWARA
2025-02-01,1627.5164604449383,247.38592701254058,1886.97,1605.2048699047468,611.8,BG-0246_P,True,22,ALLWARA
2025-03-01,1597.6493544327852,271.61559757915006,1884.79,1573.4196838661758,619.7,BG-0246_P,True,23,ALLWARA
2025-04-01,1567.4006616648714,296.7523725636618,1842.51,1542.2638866803597,592.0,BG-0246_P,True,24,ALLWARA
2025-05-01,1535.717086046565,320.74444299721864,1911.39,1511.7250156130083,635.48,BG-0246_P,True,25,ALLWARA
2025-06-01,1504.2947956374023,343.24838392611605,1825.28,1481.7908547085049,744.22,BG-0246_P,True,26,ALLWARA
2025-07-01,1472.9730027997698,363.7719568225263,1840.78,1452.4494299033595,772.31,BG-0246_P,True,27,ALLWARA
2025-08-01,1443.0509217226731,383.1338743087733,1957.72,1423.6890042364262,775.52,BG-0246_P,True,28,ALLWARA
2025-09-01,1413.598289316898,401.2340904717112,1932.68,1395.4980731539601,780.88,BG-0246_P,True,29,ALLWARA
2025-10-01,1384.6612441900272,418.0299747540932,1903.17,1367.8653599076454,768.02,BG-0246_P,True,30,ALLWARA
2025-11-01,1356.259567061232,433.5097307715839,1813.54,1340.7798110437413,727.15,BG-0246_P,True,31,ALLWARA
2025-12-01,1329.063118977106,448.34225776713276,1797.71,1314.2305919815572,742.87,BG-0246_P,True,32,ALLWARA
2026-01-01,1302.4053156847108,462.54049077236937,1778.56,1288.207082679474,734.56,BG-0246_P,True,33,ALLWARA
2026-02-01,1276.5379003317903,476.3795177173737,1639.9,1262.698873386786,696.47,BG-0246_P,True,34,ALLWARA
2026-03-01,1251.2852095612557,489.96896679896685,1419.27,1237.6957604796626,631.3,BG-0246_P,True,35,ALLWARA
2023-04-01,2339.518822311002,0.002656371878388704,1815.03,2339.5161659391238,956.8,BG-0245_P,True,0,ALLWARA
2023-05-01,2293.1957567323193,0.0077710709617364775,1554.78,2293.190642033236,826.78,BG-0245_P,True,1,ALLWARA
2023-06-01,2247.7898320225,0.015178133017114973,1533.87,2247.7824249604446,799.39,BG-0245_P,True,2,ALLWARA
2023-07-01,2203.2829271564974,0.024754461045953368,1511.65,2203.2733508284687,777.84,BG-0245_P,True,3,ALLWARA
2023-08-01,2159.657385597326,0.036524644177665044,1539.43,2159.6456154141943,760.76,BG-0245_P,True,4,ALLWARA
2023-09-01,2116.895576661665,0.05033426409845165,1544.35,2116.8817670417443,738.47,BG-0245_P,True,5,ALLWARA
2023-10-01,2074.9800246269274,0.06565928944781554,1549.92,2074.964699601578,764.92,BG-0245_P,True,6,ALLWARA
2023-11-01,2033.894435249985,0.08244883161637685,1571.12,2033.8776457078166,801.0,BG-0245_P,True,7,ALLWARA
2023-12-01,1993.622304062185,0.1005829027326899,1652.17,1993.6041699910688,820.9,BG-0245_P,True,8,ALLWARA
2024-01-01,1954.1477103997483,0.1201307784204696,1639.86,1954.1281625240606,809.05,BG-0245_P,True,9,ALLWARA
2024-02-01,1915.4547358574043,0.1410342583730509,1661.5,1915.4338323774518,832.41,BG-0245_P,True,10,ALLWARA
2024-03-01,1877.5279060527646,0.16323900788566909,1839.47,1877.505701303252,970.14,BG-0245_P,True,11,ALLWARA
2024-04-01,1840.3517639494094,0.18640541397818833,1835.31,1840.3285975433168,988.2,BG-0245_P,True,12,ALLWARA
2024-05-01,1803.9124145521475,0.21117020568484388,1892.43,1803.8876497604408,897.6,BG-0245_P,True,13,ALLWARA
2024-06-01,1768.1949885497627,0.2378776658224614,1827.18,1768.168281089625,864.2,BG-0245_P,True,14,ALLWARA
2024-07-01,1733.185212409419,0.2668867681048756,1854.46,1733.1562033071364,884.12,BG-0245_P,True,15,ALLWARA
2024-08-01,1698.8685997437121,0.29807539678894684,1826.68,1698.837411115028,896.38,BG-0245_P,True,16,ALLWARA
2024-09-01,1665.2317539389708,0.3316527969261996,1903.18,1665.1981765388334,986.98,BG-0245_P,True,17,ALLWARA
2024-10-01,1632.261293038023,0.36790239875663944,2002.02,1632.2250434361927,1098.88,BG-0245_P,True,18,ALLWARA
2024-11-01,1599.944081355285,0.40716163982461806,1954.23,1599.904822114217,1088.16,BG-0245_P,True,19,ALLWARA
2024-12-01,1568.2663792210942,0.4489568074829988,1850.47,1568.2245840534358,1053.28,BG-0245_P,True,20,ALLWARA
2025-01-01,1537.2162469210484,0.49354699231563853,1826.71,1537.171656736216,996.5,BG-0245_P,True,21,ALLWARA
2025-02-01,1506.7813651413542,0.5412935560837262,1835.02,1506.733618577586,988.5,BG-0245_P,True,22,ALLWARA
2025-03-01,1476.9491085890495,0.5921081886965336,1866.76,1476.8982939564366,1134.13,BG-0245_P,True,23,ALLWARA
2025-04-01,1447.7075645412078,0.6459243847948734,1734.73,1447.6537483451095,1106.83,BG-0245_P,True,24,ALLWARA
2025-05-01,1419.0445698617157,0.7022107110830154,1805.85,1418.9882835354274,1166.18,BG-0245_P,True,25,ALLWARA
2025-06-01,1390.9494708108282,0.761248562655304,1740.67,1390.890432959256,989.51,BG-0245_P,True,26,ALLWARA
2025-07-01,1363.409808438896,0.8220998998301127,1751.9,1363.3489571017215,834.9,BG-0245_P,True,27,ALLWARA
2025-08-01,1336.4147987267106,0.8840596212851136,1790.13,1336.3528390052556,860.23,BG-0245_P,True,28,ALLWARA
2025-09-01,1309.9544240300734,0.947203788691044,1790.54,1309.8912798626675,875.16,BG-0245_P,True,29,ALLWARA
2025-10-01,1284.0180514003328,1.0115604915497234,1806.1,1283.9536946974742,877.26,BG-0245_P,True,30,ALLWARA
2025-11-01,1258.5952115935618,1.0770639553401646,1803.74,1258.5297081297713,942.94,BG-0245_P,True,31,ALLWARA
2025-12-01,1233.6757820359676,1.1436957653682052,1799.13,1233.6091502259396,963.33,BG-0245_P,True,32,ALLWARA
2026-01-01,1209.2497368086508,1.2113801434790972,1779.86,1209.18205243054,952.6,BG-0245_P,True,33,ALLWARA
2026-02-01,1185.3073819341198,1.2801184988441547,1821.28,1185.2386435787548,1023.89,BG-0245_P,True,34,ALLWARA
2026-03-01,1161.8369736914838,1.3477462025340756,1808.39,1161.7693459877937,1098.76,BG-0245_P,True,35,ALLWARA
2023-04-01,0.0,0.0,0.0,0.0,0.0,BG-0056_P,True,0,ALLWARA
2023-05-01,0.0,0.0,0.0,0.0,0.0,BG-0056_P,True,1,ALLWARA
2023-06-01,0.0,0.0,0.0,0.0,0.0,BG-0056_P,True,2,ALLWARA
2023-07-01,0.0,0.0,0.0,0.0,0.0,BG-0056_P,True,3,ALLWARA
2023-08-01,0.0,0.0,0.0,0.0,0.0,BG-0056_P,True,4,ALLWARA
2023-09-01,0.0,0.0,0.0,0.0,0.0,BG-0056_P,True,5,ALLWARA
2023-10-01,0.0,0.0,0.0,0.0,0.0,BG-0056_P,True,6,ALLWARA
2023-11-01,0.0,0.0,0.0,0.0,0.0,BG-0056_P,True,7,ALLWARA
2023-12-01,0.0,0.0,0.0,0.0,0.0,BG-0056_P,True,8,ALLWARA
2024-01-01,0.0,0.0,0.0,0.0,0.0,BG-0056_P,True,9,ALLWARA
2024-02-01,0.0,0.0,0.0,0.0,0.0,BG-0056_P,True,10,ALLWARA
2024-03-01,1337.7155465066378,1337.7155465066378,1758.06,0.0,1244.42,BG-0056_P,True,11,ALLWARA
2024-04-01,1347.9855708112034,2685.701117317841,1821.69,0.0,1302.13,BG-0056_P,True,12,ALLWARA
2024-05-01,1359.5184086963468,4045.219526014188,1906.98,0.0,1348.93,BG-0056_P,True,13,ALLWARA
2024-06-01,1430.1049530821713,5475.324479096359,1827.09,0.0,1289.64,BG-0056_P,True,14,ALLWARA
2024-07-01,1410.2366780331329,6885.561157129492,1781.65,0.0,1200.82,BG-0056_P,True,15,ALLWARA
2024-08-01,1407.7752094066539,8293.336366536147,1751.73,0.0,1216.23,BG-0056_P,True,16,ALLWARA
2024-09-01,1403.3673291492128,9696.703695685359,1809.58,0.0,1255.78,BG-0056_P,True,17,ALLWARA
2024-10-01,1435.8720918009371,11132.575787486296,1830.79,0.0,1319.28,BG-0056_P,True,18,ALLWARA
2024-11-01,1501.1878621045948,12633.76364959089,1749.38,0.0,1271.84,BG-0056_P,True,19,ALLWARA
2024-12-01,1545.3148055592646,14179.078455150155,1691.94,0.0,1290.8,BG-0056_P,True,20,ALLWARA
2025-01-01,1578.48096520831,15757.559420358464,1714.84,0.0,1339.5,BG-0056_P,True,21,ALLWARA
2025-02-01,1611.1198392686972,17368.679259627163,1711.66,0.0,1328.91,BG-0056_P,True,22,ALLWARA
2025-03-01,1633.7638240322838,19002.443083659447,1725.31,0.0,1345.69,BG-0056_P,True,23,ALLWARA
2025-04-01,1650.956045237626,20653.399128897072,1447.44,0.0,1057.56,BG-0056_P,True,24,ALLWARA
2025-05-01,1455.2427647464049,22108.64189364348,1488.31,0.0,1087.94,BG-0056_P,True,25,ALLWARA
2025-06-01,1107.427939453042,23216.06983309652,1425.02,0.0,1046.28,BG-0056_P,True,26,ALLWARA
2025-07-01,1289.4697112476297,24505.539544344152,1425.65,0.0,1215.88,BG-0056_P,True,27,ALLWARA
2025-08-01,1318.8840603948613,25824.423604739015,1465.49,0.0,1252.76,BG-0056_P,True,28,ALLWARA
2025-09-01,1342.316005205052,27166.739609944067,1693.03,0.0,1454.11,BG-0056_P,True,29,ALLWARA
2025-10-01,1370.1198083882061,28536.85941833227,1674.8,0.0,1399.55,BG-0056_P,True,30,ALLWARA
2025-11-01,1385.0218107241108,29921.88122905638,1723.46,0.0,1452.3,BG-0056_P,True,31,ALLWARA
2025-12-01,1398.8862640634513,31320.76749311983,1745.91,0.0,1490.85,BG-0056_P,True,32,ALLWARA
2026-01-01,1405.273739635223,32726.041232755055,1734.46,0.0,1422.43,BG-0056_P,True,33,ALLWARA
2026-02-01,1414.559853274337,34140.60108602939,1781.36,0.0,1358.91,BG-0056_P,True,34,ALLWARA
2026-03-01,1204.3692685367598,35344.97035456615,1795.47,0.0,1260.07,BG-0056_P,True,35,ALLWARA
2023-04-01,0.0,0.0,0.0,0.0,0.0,BG-0192_P,True,0,ALLWARA
2023-05-01,0.0,0.0,0.0,0.0,0.0,BG-0192_P,True,1,ALLWARA
2023-06-01,0.0,0.0,0.0,0.0,0.0,BG-0192_P,True,2,ALLWARA
2023-07-01,0.0,0.0,0.0,0.0,0.0,BG-0192_P,True,3,ALLWARA
2023-08-01,0.0,0.0,0.0,0.0,0.0,BG-0192_P,True,4,ALLWARA
2023-09-01,0.0,0.0,0.0,0.0,0.0,BG-0192_P,True,5,ALLWARA
2023-10-01,0.0,0.0,0.0,0.0,0.0,BG-0192_P,True,6,ALLWARA
2023-11-01,0.0,0.0,0.0,0.0,0.0,BG-0192_P,True,7,ALLWARA
2023-12-01,0.0,0.0,0.0,0.0,0.0,BG-0192_P,True,8,ALLWARA
2024-01-01,0.0,0.0,0.0,0.0,0.0,BG-0192_P,True,9,ALLWARA
2024-02-01,0.0,0.0,0.0,0.0,0.0,BG-0192_P,True,10,ALLWARA
2024-03-01,0.0,0.0,0.0,0.0,0.0,BG-0192_P,True,11,ALLWARA
2024-04-01,0.0,0.0,0.0,0.0,0.0,BG-0192_P,True,12,ALLWARA
2024-05-01,0.0,0.0,0.0,0.0,0.0,BG-0192_P,True,13,ALLWARA
2024-06-01,0.0,0.0,0.0,0.0,0.0,BG-0192_P,True,14,ALLWARA
2024-07-01,0.0,0.0,0.0,0.0,0.0,BG-0192_P,True,15,ALLWARA
2024-08-01,0.0,0.0,0.0,0.0,0.0,BG-0192_P,True,16,ALLWARA
2024-09-01,0.0,0.0,0.0,0.0,0.0,BG-0192_P,True,17,ALLWARA
2024-10-01,843.5947594677688,843.5947594677688,1502.17,0.0,217.48,BG-0192_P,True,18,ALLWARA
2024-11-01,994.275540600632,1837.8703000684009,1290.54,0.0,410.97,BG-0192_P,True,19,ALLWARA
2024-12-01,1010.2076865728629,2848.077986641264,1203.4,0.0,425.69,BG-0192_P,True,20,ALLWARA
2025-01-01,1012.9940375934556,3861.0720242347197,1230.57,0.0,427.85,BG-0192_P,True,21,ALLWARA
2025-02-01,1016.1424304546213,4877.214454689341,1244.48,0.0,417.59,BG-0192_P,True,22,ALLWARA
2025-03-01,1036.494468523689,5913.70892321303,1242.82,0.0,422.81,BG-0192_P,True,23,ALLWARA
2025-04-01,1036.8627814310157,6950.571704644046,885.67,0.0,303.22,BG-0192_P,True,24,ALLWARA
2025-05-01,956.8616542189878,7907.433358863033,675.26,0.0,260.56,BG-0192_P,True,25,ALLWARA
2025-06-01,1031.6202285950576,8939.053587458091,660.17,0.0,246.98,BG-0192_P,True,26,ALLWARA
2025-07-01,1006.3090896302482,9945.362677088338,929.09,0.0,661.03,BG-0192_P,True,27,ALLWARA
2025-08-01,900.7819482110123,10846.14462529935,996.89,0.0,737.77,BG-0192_P,True,28,ALLWARA
2025-09-01,895.2177305628293,11741.36235586218,995.32,0.0,742.87,BG-0192_P,True,29,ALLWARA
2025-10-01,965.56377145159,12706.92612731377,978.1,0.0,744.07,BG-0192_P,True,30,ALLWARA
2025-11-01,948.4661756409383,13655.39230295471,661.52,0.0,591.89,BG-0192_P,True,31,ALLWARA
2025-12-01,941.0909709730968,14596.483273927806,616.27,0.0,574.11,BG-0192_P,True,32,ALLWARA
2026-01-01,0.0,14596.483273927806,0.0,0.0,0.0,BG-0192_P,True,33,ALLWARA
2026-02-01,0.0,14596.483273927806,0.0,0.0,0.0,BG-0192_P,True,34,ALLWARA
2026-03-01,0.0,14596.483273927806,0.0,0.0,0.0,BG-0192_P,True,35,ALLWARA
2023-04-01,0.0,0.0,0.0,0.0,0.0,BG-2089_P,True,0,ALLWARA
2023-05-01,0.0,0.0,0.0,0.0,0.0,BG-2089_P,True,1,ALLWARA
2023-06-01,0.0,0.0,0.0,0.0,0.0,BG-2089_P,True,2,ALLWARA
2023-07-01,0.0,0.0,0.0,0.0,0.0,BG-2089_P,True,3,ALLWARA
2023-08-01,0.0,0.0,0.0,0.0,0.0,BG-2089_P,True,4,ALLWARA
2023-09-01,0.0,0.0,0.0,0.0,0.0,BG-2089_P,True,5,ALLWARA
2023-10-01,0.0,0.0,0.0,0.0,0.0,BG-2089_P,True,6,ALLWARA
2023-11-01,0.0,0.0,0.0,0.0,0.0,BG-2089_P,True,7,ALLWARA
2023-12-01,0.0,0.0,0.0,0.0,0.0,BG-2089_P,True,8,ALLWARA
2024-01-01,0.0,0.0,0.0,0.0,0.0,BG-2089_P,True,9,ALLWARA
2024-02-01,0.0,0.0,0.0,0.0,0.0,BG-2089_P,True,10,ALLWARA
2024-03-01,0.0,0.0,0.0,0.0,0.0,BG-2089_P,True,11,ALLWARA
2024-04-01,0.0,0.0,0.0,0.0,0.0,BG-2089_P,True,12,ALLWARA
2024-05-01,0.0,0.0,0.0,0.0,0.0,BG-2089_P,True,13,ALLWARA
2024-06-01,0.0,0.0,0.0,0.0,0.0,BG-2089_P,True,14,ALLWARA
2024-07-01,0.0,0.0,0.0,0.0,0.0,BG-2089_P,True,15,ALLWARA
2024-08-01,0.0,0.0,0.0,0.0,0.0,BG-2089_P,True,16,ALLWARA
2024-09-01,0.0,0.0,0.0,0.0,0.0,BG-2089_P,True,17,ALLWARA
2024-10-01,0.0,0.0,0.0,0.0,0.0,BG-2089_P,True,18,ALLWARA
2024-11-01,0.0,0.0,0.0,0.0,0.0,BG-2089_P,True,19,ALLWARA
2024-12-01,0.0,0.0,0.0,0.0,0.0,BG-2089_P,True,20,ALLWARA
2025-01-01,355.5100604072698,355.5100604072698,1873.36,0.0,1.01,BG-2089_P,True,21,ALLWARA
2025-02-01,0.0,355.5100604072698,0.0,0.0,0.0,BG-2089_P,True,22,ALLWARA
2025-03-01,0.0,355.5100604072698,0.0,0.0,0.0,BG-2089_P,True,23,ALLWARA
2025-04-01,1312.1957853569716,1667.7058457642413,2172.67,0.0,0.0,BG-2089_P,True,24,ALLWARA
2025-05-01,1386.0743217180288,3053.7801674822704,2204.85,0.0,0.67,BG-2089_P,True,25,ALLWARA
2025-06-01,1414.8907209399367,4468.670888422207,2104.0,0.0,112.73,BG-2089_P,True,26,ALLWARA
2025-07-01,1423.8836747115959,5892.554563133803,2009.73,0.0,202.4,BG-2089_P,True,27,ALLWARA
2025-08-01,1408.5920830510936,7301.146646184896,2041.29,0.0,208.53,BG-2089_P,True,28,ALLWARA
2025-09-01,1216.6380690319133,8517.784715216809,1995.6,0.0,209.98,BG-2089_P,True,29,ALLWARA
2025-10-01,1055.6178750425731,9573.402590259382,1857.71,0.0,246.47,BG-2089_P,True,30,ALLWARA
2025-11-01,1353.1771983154053,10926.579788574787,1471.44,0.0,413.1,BG-2089_P,True,31,ALLWARA
2025-12-01,1471.1968466829287,12397.776635257716,1449.42,0.0,421.97,BG-2089_P,True,32,ALLWARA
2026-01-01,1513.3603000315711,13911.136935289287,1434.36,0.0,417.31,BG-2089_P,True,33,ALLWARA
2026-02-01,1533.4945508483402,15444.631486137627,1300.87,0.0,507.32,BG-2089_P,True,34,ALLWARA
2026-03-01,881.2518769788143,16325.883363116442,1248.39,0.0,548.26,BG-2089_P,True,35,ALLWARA
2023-04-01,0.0,0.0,0.0,0.0,0.0,BG-2054_P,True,0,ALLWARA
2023-05-01,0.0,0.0,0.0,0.0,0.0,BG-2054_P,True,1,ALLWARA
2023-06-01,0.0,0.0,0.0,0.0,0.0,BG-2054_P,True,2,ALLWARA
2023-07-01,0.0,0.0,0.0,0.0,0.0,BG-2054_P,True,3,ALLWARA
2023-08-01,0.0,0.0,0.0,0.0,0.0,BG-2054_P,True,4,ALLWARA
2023-09-01,0.0,0.0,0.0,0.0,0.0,BG-2054_P,True,5,ALLWARA
2023-10-01,0.0,0.0,0.0,0.0,0.0,BG-2054_P,True,6,ALLWARA
2023-11-01,0.0,0.0,0.0,0.0,0.0,BG-2054_P,True,7,ALLWARA
2023-12-01,604.9732862682113,604.9732862682113,1402.74,0.0,704.52,BG-2054_P,True,8,ALLWARA
2024-01-01,656.3501317496357,1261.323418017847,1345.07,0.0,804.83,BG-2054_P,True,9,ALLWARA
2024-02-01,747.6744703789973,2008.9978883968442,1367.18,0.0,828.07,BG-2054_P,True,10,ALLWARA
2024-03-01,880.7279664100884,2889.7258548069326,1530.3,0.0,965.04,BG-2054_P,True,11,ALLWARA
2024-04-01,746.1268306703957,3635.852685477328,1546.97,0.0,991.88,BG-2054_P,True,12,ALLWARA
2024-05-01,877.9647896132342,4513.817475090562,1472.93,0.0,964.16,BG-2054_P,True,13,ALLWARA
2024-06-01,928.8539741949237,5442.671449285485,1404.06,0.0,930.65,BG-2054_P,True,14,ALLWARA
2024-07-01,844.4002309350291,6287.071680220514,1386.78,0.0,933.39,BG-2054_P,True,15,ALLWARA
2024-08-01,694.1808393984696,6981.252519618984,1200.93,0.0,843.09,BG-2054_P,True,16,ALLWARA
2024-09-01,880.1816545491832,7861.4341741681665,742.61,0.0,610.11,BG-2054_P,True,17,ALLWARA
2024-10-01,1145.0202262723312,9006.454400440498,775.6,0.0,637.16,BG-2054_P,True,18,ALLWARA
2024-11-01,0.0,9006.454400440498,0.0,0.0,0.0,BG-2054_P,True,19,ALLWARA
2024-12-01,0.0,9006.454400440498,0.0,0.0,0.0,BG-2054_P,True,20,ALLWARA
2025-01-01,1665.8973671683302,10672.351767608829,768.76,0.0,644.82,BG-2054_P,True,21,ALLWARA
2025-02-01,0.0,10672.351767608829,0.0,0.0,0.0,BG-2054_P,True,22,ALLWARA
2025-03-01,0.0,10672.351767608829,0.0,0.0,0.0,BG-2054_P,True,23,ALLWARA
2025-04-01,0.0,10672.351767608829,0.0,0.0,0.0,BG-2054_P,True,24,ALLWARA
2025-05-01,0.0,10672.351767608829,0.0,0.0,0.0,BG-2054_P,True,25,ALLWARA
2025-06-01,0.0,10672.351767608829,0.0,0.0,0.0,BG-2054_P,True,26,ALLWARA
2025-07-01,0.0,10672.351767608829,0.0,0.0,0.0,BG-2054_P,True,27,ALLWARA
2025-08-01,0.0,10672.351767608829,0.0,0.0,0.0,BG-2054_P,True,28,ALLWARA
2025-09-01,0.0,10672.351767608829,0.0,0.0,0.0,BG-2054_P,True,29,ALLWARA
2025-10-01,0.0,10672.351767608829,0.0,0.0,0.0,BG-2054_P,True,30,ALLWARA
2025-11-01,0.0,10672.351767608829,0.0,0.0,0.0,BG-2054_P,True,31,ALLWARA
2025-12-01,0.0,10672.351767608829,0.0,0.0,0.0,BG-2054_P,True,32,ALLWARA
2026-01-01,0.0,10672.351767608829,0.0,0.0,0.0,BG-2054_P,True,33,ALLWARA
2026-02-01,0.0,10672.351767608829,0.0,0.0,0.0,BG-2054_P,True,34,ALLWARA
2026-03-01,0.0,10672.351767608829,0.0,0.0,0.0,BG-2054_P,True,35,ALLWARA
2023-04-01,835.5539596909508,0.6536888431182516,804.91,834.9002708478325,481.92,BG-1029_P,True,0,ALLWARA
2023-05-01,810.2213971494376,1.7111498338489621,617.12,809.1639361587069,378.72,BG-1029_P,True,1,ALLWARA
2023-06-01,1016.0574750627326,233.54768445424133,606.72,784.2209404423402,368.03,BG-1029_P,True,2,ALLWARA
2023-07-01,1136.2579273548827,609.7587832914924,610.35,760.0468285176316,380.16,BG-1029_P,True,3,ALLWARA
2023-08-01,1221.6977726280502,1094.8386568694682,606.48,736.6178990500745,378.1,BG-1029_P,True,4,ALLWARA
2023-09-01,1273.8575441472203,1654.7850197027356,578.77,713.9111813139527,403.37,BG-1029_P,True,5,ALLWARA
2023-10-01,1296.8923960389484,2259.773003070826,579.24,691.9044126708584,429.68,BG-1029_P,True,6,ALLWARA
2023-11-01,1371.2703449588612,2960.4673312872396,672.46,670.5760167424475,494.26,BG-1029_P,True,7,ALLWARA
2023-12-01,1421.8892898189683,3732.451538850174,891.74,649.905082256034,516.2,BG-1029_P,True,8,ALLWARA
2024-01-01,1503.0973598282972,4605.677556136187,969.17,629.8713425422837,504.28,BG-1029_P,True,9,ALLWARA
2024-02-01,1555.9874018294527,5551.209802300737,982.52,610.4551556649031,518.71,BG-1029_P,True,10,ALLWARA
2024-03-01,0.0,5551.209802300737,0.0,0.0,0.0,BG-1029_P,True,11,ALLWARA
2024-04-01,0.0,5551.209802300737,0.0,0.0,0.0,BG-1029_P,True,12,ALLWARA
2024-05-01,0.0,5551.209802300737,0.0,0.0,0.0,BG-1029_P,True,13,ALLWARA
2024-06-01,0.0,5551.209802300737,0.0,0.0,0.0,BG-1029_P,True,14,ALLWARA
2024-07-01,1276.8834431691066,6306.101845374401,2265.79,521.9914000954421,266.36,BG-1029_P,True,15,ALLWARA
2024-08-01,1209.1901657276537,7009.391329678987,2131.54,505.9006814230678,385.45,BG-1029_P,True,16,ALLWARA
2024-09-01,1155.044394814101,7674.129755050817,1721.11,490.3059694422715,941.64,BG-1029_P,True,17,ALLWARA
2024-10-01,1156.3581000330419,8355.295880654223,1783.05,475.19197442963554,1036.01,BG-1029_P,True,18,ALLWARA
2024-11-01,1199.6279254808842,9094.379928157863,1718.82,460.5438779772431,1106.1,BG-1029_P,True,19,ALLWARA
2024-12-01,1138.0580980710624,9786.090707764848,1663.81,446.3473184640765,1104.57,BG-1029_P,True,20,ALLWARA
2025-01-01,925.3990099047198,10278.9013406943,1702.98,432.58837697526855,959.79,BG-1029_P,True,21,ALLWARA
2025-02-01,1211.7972338925938,11071.445010931491,1719.31,419.2535636554028,781.1,BG-1029_P,True,22,ALLWARA
2025-03-01,1461.890247422079,12127.005453871088,1722.09,406.32980448248156,786.81,BG-1029_P,True,23,ALLWARA
2025-04-01,1639.5642964221968,13372.76532184369,1382.81,393.80442844959475,427.8,BG-1029_P,True,24,ALLWARA
2025-05-01,1762.5776542627978,14753.677820964765,1400.32,381.6651551417222,424.02,BG-1029_P,True,25,ALLWARA
2025-06-01,1848.2436365294107,16232.021374798687,1374.67,369.900082695489,401.91,BG-1029_P,True,26,ALLWARA
2025-07-01,1900.700364168447,17774.224062837067,1372.37,358.4976761300689,417.93,BG-1029_P,True,27,ALLWARA
2025-08-01,1945.924795643781,19372.702102443054,1398.47,347.44675603779496,430.61,BG-1029_P,True,28,ALLWARA
2025-09-01,1992.1877933159458,21028.15340813561,1376.51,336.73648762338996,433.57,BG-1029_P,True,29,ALLWARA
2025-10-01,2029.6160831388402,22731.41312119338,1669.07,326.3563700810689,600.65,BG-1029_P,True,30,ALLWARA
2025-11-01,2046.218846511847,24461.33574140613,3501.37,316.2962262990993,1516.83,BG-1029_P,True,31,ALLWARA
2025-12-01,2062.353469926077,26217.14301845048,3476.74,306.54619288172523,1549.72,BG-1029_P,True,32,ALLWARA
2026-01-01,2069.5031290841976,27989.549437056005,3434.23,297.09671047867147,1566.8,BG-1029_P,True,33,ALLWARA
2026-02-01,2054.621771186251,29756.23269382951,3651.85,287.9385144127477,1578.39,BG-1029_P,True,34,ALLWARA
2026-03-01,1965.714288504197,31442.884356737344,3752.65,279.06262559636144,1602.34,BG-1029_P,True,35,ALLWARA
2023-04-01,608.4168158673192,295.6349116660407,753.56,312.78190420127856,99.56,BG-1415_P,True,0,ALLWARA
2023-05-01,628.4811049802079,819.60111825827,744.96,104.51489838797848,105.01,BG-1415_P,True,1,ALLWARA
2023-06-01,737.8649219581514,1522.542779508794,742.77,34.92326070762765,102.05,BG-1415_P,True,2,ALLWARA
2023-07-01,861.5086093283287,2372.3819124537135,729.25,11.669476383409224,123.82,BG-1415_P,True,3,ALLWARA
2023-08-01,988.0056761897907,3356.4882769439755,502.93,3.8993116995287602,156.95,BG-1415_P,True,4,ALLWARA
2023-09-01,1073.184924187073,4428.370260773613,86.28,1.3029403574352885,13.19,BG-1415_P,True,5,ALLWARA
2023-10-01,1085.6239551667416,5513.558843314146,79.41,0.43537262620958544,30.86,BG-1415_P,True,6,ALLWARA
2023-11-01,1096.3389227180446,6609.75228790453,66.04,0.14547812766022591,66.04,BG-1415_P,True,7,ALLWARA
2023-12-01,0.0,6609.75228790453,0.0,0.0,0.0,BG-1415_P,True,8,ALLWARA
2024-01-01,1152.474591881206,7762.210636612741,1610.42,0.016243172994644225,877.75,BG-1415_P,True,9,ALLWARA
2024-02-01,1180.3454787277988,8942.550687745297,1348.67,0.0054275952420225005,463.78,BG-1415_P,True,10,ALLWARA
2024-03-01,1201.7938372383908,10144.342711373125,1468.36,0.0018136105624768372,540.52,BG-1415_P,True,11,ALLWARA
2024-04-01,1219.8881192096262,11364.230224571595,1466.7,0.0006060111569966466,555.55,BG-1415_P,True,12,ALLWARA
2024-05-01,1250.3515178490375,12614.58153992428,1578.98,0.00020249635175418506,590.7,BG-1415_P,True,13,ALLWARA
2024-06-01,1298.4528644620352,13913.03433672292,1469.16,6.766339530277227e-05,726.67,BG-1415_P,True,14,ALLWARA
2024-07-01,1300.5488717672524,15213.583185880703,1488.6,2.2609469376796402e-05,479.2,BG-1415_P,True,15,ALLWARA
2024-08-01,1310.5364882534197,16524.119666579252,1475.19,7.55486926443593e-06,434.23,BG-1415_P,True,16,ALLWARA
2024-09-01,1316.3679009527136,17840.487565007534,1525.3,2.524431186399039e-06,466.23,BG-1415_P,True,17,ALLWARA
2024-10-01,1332.2997549360143,19172.787319100018,1595.88,8.435291984288058e-07,487.65,BG-1415_P,True,18,ALLWARA
2024-11-01,1243.3332282488263,20416.12054706698,1545.45,2.8186211311107884e-07,482.83,BG-1415_P,True,19,ALLWARA
2024-12-01,1036.9345109790188,21453.055057951817,1452.18,9.418316633902291e-08,482.21,BG-1415_P,True,20,ALLWARA
2025-01-01,978.7624054628199,22431.817463383166,1611.22,3.147095125249512e-08,500.71,BG-1415_P,True,21,ALLWARA
2025-02-01,1070.8625369070355,23502.680000279684,1753.82,1.0515900146866974e-08,504.34,BG-1415_P,True,22,ALLWARA
2025-03-01,1147.7115881496932,24650.391588425864,1621.27,3.5138485332599842e-09,510.57,BG-1415_P,True,23,ALLWARA
2025-04-01,1213.7908530362897,25864.18244146098,1613.45,1.174139288339667e-09,569.5,BG-1415_P,True,24,ALLWARA
2025-05-01,1259.9882204506591,27124.17066191125,1567.07,3.9233423278600205e-10,557.85,BG-1415_P,True,25,ALLWARA
2025-06-01,1308.9541556708832,28433.124817582,1608.0,1.3109701016260694e-10,590.53,BG-1415_P,True,26,ALLWARA
2025-07-01,1340.4641983933204,29773.589015975278,1633.07,4.380557350688532e-11,567.83,BG-1415_P,True,27,ALLWARA
2025-08-01,1286.314138905925,31059.903154881187,1565.86,1.463746784070035e-11,553.52,BG-1415_P,True,28,ALLWARA
2025-09-01,1244.8005532878724,32304.703708169054,1469.57,4.891054896333236e-12,498.54,BG-1415_P,True,29,ALLWARA
2025-10-01,1213.418548172001,33518.122256341056,1410.72,1.6343276213682118e-12,492.67,BG-1415_P,True,30,ALLWARA
2025-11-01,1186.1609565928745,34704.28321293393,1418.42,5.461044356646854e-13,502.97,BG-1415_P,True,31,ALLWARA
2025-12-01,1163.7779446223246,35868.06115755625,1636.11,1.8247874584838432e-13,577.56,BG-1415_P,True,32,ALLWARA
2026-01-01,1137.4584973759672,37005.51965493222,1774.47,6.097458748136761e-14,622.63,BG-1415_P,True,33,ALLWARA
2026-02-01,1123.2501274858605,38128.76978241808,1733.71,2.0374429368404698e-14,621.85,BG-1415_P,True,34,ALLWARA
2026-03-01,1025.0805664861464,39153.85034890423,1711.88,6.80803904109985e-15,611.37,BG-1415_P,True,35,ALLWARA
2023-04-01,0.0,0.0,0.0,0.0,0.0,BG-2082_P,True,0,ALLWARA
2023-05-01,0.0,0.0,0.0,0.0,0.0,BG-2082_P,True,1,ALLWARA
2023-06-01,0.0,0.0,0.0,0.0,0.0,BG-2082_P,True,2,ALLWARA
2023-07-01,0.0,0.0,0.0,0.0,0.0,BG-2082_P,True,3,ALLWARA
2023-08-01,0.0,0.0,0.0,0.0,0.0,BG-2082_P,True,4,ALLWARA
2023-09-01,0.0,0.0,0.0,0.0,0.0,BG-2082_P,True,5,ALLWARA
2023-10-01,0.0,0.0,0.0,0.0,0.0,BG-2082_P,True,6,ALLWARA
2023-11-01,0.0,0.0,0.0,0.0,0.0,BG-2082_P,True,7,ALLWARA
2023-12-01,0.0,0.0,0.0,0.0,0.0,BG-2082_P,True,8,ALLWARA
2024-01-01,0.0,0.0,0.0,0.0,0.0,BG-2082_P,True,9,ALLWARA
2024-02-01,0.0,0.0,0.0,0.0,0.0,BG-2082_P,True,10,ALLWARA
2024-03-01,0.0,0.0,0.0,0.0,0.0,BG-2082_P,True,11,ALLWARA
2024-04-01,0.0,0.0,0.0,0.0,0.0,BG-2082_P,True,12,ALLWARA
2024-05-01,0.0,0.0,0.0,0.0,0.0,BG-2082_P,True,13,ALLWARA
2024-06-01,0.0,0.0,0.0,0.0,0.0,BG-2082_P,True,14,ALLWARA
2024-07-01,0.0,0.0,0.0,0.0,0.0,BG-2082_P,True,15,ALLWARA
2024-08-01,0.0,0.0,0.0,0.0,0.0,BG-2082_P,True,16,ALLWARA
2024-09-01,0.0,0.0,0.0,0.0,0.0,BG-2082_P,True,17,ALLWARA
2024-10-01,0.0,0.0,0.0,0.0,0.0,BG-2082_P,True,18,ALLWARA
2024-11-01,0.0,0.0,0.0,0.0,0.0,BG-2082_P,True,19,ALLWARA
2024-12-01,0.0,0.0,0.0,0.0,0.0,BG-2082_P,True,20,ALLWARA
2025-01-01,237.4737165123944,237.4737165123944,1114.24,0.0,516.92,BG-2082_P,True,21,ALLWARA
2025-02-01,0.0,237.4737165123944,0.0,0.0,0.0,BG-2082_P,True,22,ALLWARA
2025-03-01,389.8783138178561,627.3520303302505,1236.9,0.0,1091.79,BG-2082_P,True,23,ALLWARA
2025-04-01,464.03317498772117,1091.3852053179717,1073.52,0.0,921.23,BG-2082_P,True,24,ALLWARA
2025-05-01,536.4024728651256,1627.7876781830973,962.0,0.0,772.76,BG-2082_P,True,25,ALLWARA
2025-06-01,607.1976785310345,2234.9853567141317,665.5,0.0,487.61,BG-2082_P,True,26,ALLWARA
2025-07-01,675.8626404195253,2910.847997133657,1098.02,0.0,834.17,BG-2082_P,True,27,ALLWARA
2025-08-01,742.8263093629863,3653.674306496643,1126.88,0.0,859.35,BG-2082_P,True,28,ALLWARA
2025-09-01,813.7923662439599,4467.466672740603,1126.07,0.0,865.4,BG-2082_P,True,29,ALLWARA
2025-10-01,884.3513552864997,5351.818028027103,1384.42,0.0,1051.05,BG-2082_P,True,30,ALLWARA
2025-11-01,952.7140575436016,6304.532085570704,2449.46,0.0,1871.68,BG-2082_P,True,31,ALLWARA
2025-12-01,1019.8075682930345,7324.339653863739,2464.77,0.0,1967.78,BG-2082_P,True,32,ALLWARA
2026-01-01,1084.8057942297949,8409.145448093534,2437.65,0.0,1945.76,BG-2082_P,True,33,ALLWARA
2026-02-01,1146.2834736978946,9555.428921791428,1908.68,0.0,1564.66,BG-2082_P,True,34,ALLWARA
2026-03-01,1143.617734118548,10699.046655909977,1724.33,0.0,1515.71,BG-2082_P,True,35,ALLWARA
2023-04-01,0.0,0.0,0.0,0.0,0.0,BG-2038_P,True,0,ALLWARA
2023-05-01,1721.3308041669175,1721.3308041669175,2135.75,0.0,570.01,BG-2038_P,True,1,ALLWARA
2023-06-01,0.0,1721.3308041669175,0.0,0.0,0.0,BG-2038_P,True,2,ALLWARA
2023-07-01,0.0,1721.3308041669175,0.0,0.0,0.0,BG-2038_P,True,3,ALLWARA
2023-08-01,0.0,1721.3308041669175,0.0,0.0,0.0,BG-2038_P,True,4,ALLWARA
2023-09-01,0.0,1721.3308041669175,0.0,0.0,0.0,BG-2038_P,True,5,ALLWARA
2023-10-01,0.0,1721.3308041669175,0.0,0.0,0.0,BG-2038_P,True,6,ALLWARA
2023-11-01,1650.4906395486184,3371.8214437155357,1893.07,0.0,468.22,BG-2038_P,True,7,ALLWARA
2023-12-01,1735.9563411880508,5107.7777849035865,1964.89,0.0,480.14,BG-2038_P,True,8,ALLWARA
2024-01-01,1781.9891705582995,6889.766955461886,1908.24,0.0,472.72,BG-2038_P,True,9,ALLWARA
2024-02-01,1791.3406794053255,8681.107634867212,1918.95,0.0,486.39,BG-2038_P,True,10,ALLWARA
2024-03-01,1795.1628063135504,10476.270441180763,2068.69,0.0,566.79,BG-2038_P,True,11,ALLWARA
2024-04-01,1700.7177942472745,12176.988235428038,2054.61,0.0,558.06,BG-2038_P,True,12,ALLWARA
2024-05-01,1757.0534420877214,13934.04167751576,1994.45,0.0,405.46,BG-2038_P,True,13,ALLWARA
2024-06-01,1906.8123304343403,15840.8540079501,2595.35,0.0,540.72,BG-2038_P,True,14,ALLWARA
2024-07-01,1847.124782173416,17687.978790123518,2633.53,0.0,545.66,BG-2038_P,True,15,ALLWARA
2024-08-01,1827.8950255041352,19515.873815627652,2605.42,0.0,539.11,BG-2038_P,True,16,ALLWARA
2024-09-01,1611.4472679926619,21127.321083620314,2647.13,0.0,506.36,BG-2038_P,True,17,ALLWARA
2024-10-01,1859.810306498979,22987.13139011929,2666.83,0.0,483.64,BG-2038_P,True,18,ALLWARA
2024-11-01,2111.622938325741,25098.754328445033,2535.51,0.0,472.03,BG-2038_P,True,19,ALLWARA
2024-12-01,2222.5499632980627,27321.304291743094,2126.45,0.0,420.43,BG-2038_P,True,20,ALLWARA
2025-01-01,2274.5974892788818,29595.901781021974,2118.24,0.0,417.66,BG-2038_P,True,21,ALLWARA
2025-02-01,2324.189778702853,31920.091559724828,2195.27,0.0,421.76,BG-2038_P,True,22,ALLWARA
2025-03-01,2354.008162475231,34274.09972220006,2408.43,0.0,465.64,BG-2038_P,True,23,ALLWARA
2025-04-01,2341.450860599182,36615.55058279924,1599.93,0.0,304.24,BG-2038_P,True,24,ALLWARA
2025-05-01,2359.2506190853915,38974.80120188463,1467.98,0.0,293.73,BG-2038_P,True,25,ALLWARA
2025-06-01,2370.7389311385914,41345.54013302322,1436.15,0.0,276.07,BG-2038_P,True,26,ALLWARA
2025-07-01,2289.6780353420877,43635.21816836531,1539.88,0.0,310.43,BG-2038_P,True,27,ALLWARA
2025-08-01,2215.396273681825,45850.61444204714,2379.57,0.0,487.7,BG-2038_P,True,28,ALLWARA
2025-09-01,2319.488536696231,48170.10297874337,2334.29,0.0,491.07,BG-2038_P,True,29,ALLWARA
2025-10-01,2407.6169521849793,50577.71993092835,2104.0,0.0,1440.86,BG-2038_P,True,30,ALLWARA
2025-11-01,2422.4086331469316,53000.12856407528,2153.71,0.0,1558.06,BG-2038_P,True,31,ALLWARA
2025-12-01,2397.6533642124164,55397.7819282877,1983.15,0.0,996.5,BG-2038_P,True,32,ALLWARA
2026-01-01,2355.7715604771793,57753.55348876488,1911.72,0.0,826.21,BG-2038_P,True,33,ALLWARA
2026-02-01,2158.6731346396236,59912.22662340451,2033.12,0.0,845.57,BG-2038_P,True,34,ALLWARA
2026-03-01,1567.7182166670555,61479.94484007156,2086.77,0.0,864.72,BG-2038_P,True,35,ALLWARA
2023-04-01,1451.7815028911664,0.3318249836544373,1248.58,1451.4496779075118,716.41,BG-1419_P,True,0,ALLWARA
2023-05-01,1421.941490373052,0.896993647265085,1276.39,1421.3763217094413,755.66,BG-1419_P,True,1,ALLWARA
2023-06-01,1392.6693725005734,1.640294808699398,1255.69,1391.926071339139,734.33,BG-1419_P,True,2,ALLWARA
2023-07-01,1363.9583535139845,2.5126319864235103,1222.23,1363.0860163362604,746.32,BG-1419_P,True,3,ALLWARA
2023-08-01,1335.8266305733878,3.4957488206685983,1219.31,1334.8435137391427,707.66,BG-1419_P,True,4,ALLWARA
2023-09-01,1308.2385583878895,4.548124666204724,1197.28,1307.1861825423534,601.7,BG-1419_P,True,5,ALLWARA
2023-10-01,1281.1868560496157,5.633082446736534,1206.14,1280.101898269084,612.79,BG-1419_P,True,6,ALLWARA
2023-11-01,1254.6675151413615,6.7218099321019995,1233.19,1253.578787655996,615.67,BG-1419_P,True,7,ALLWARA
2023-12-01,1228.7355580172982,7.8521445012060145,1154.22,1227.6052234481942,579.06,BG-1419_P,True,8,ALLWARA
2024-01-01,1203.3359800561082,9.018305255264936,1083.16,1202.1698193020493,550.27,BG-1419_P,True,9,ALLWARA
2024-02-01,1178.4532648041281,10.210145265764215,1097.94,1177.2614247936287,566.16,BG-1419_P,True,10,ALLWARA
2024-03-01,1154.0813879850132,11.42241272022675,1217.43,1152.8691205305506,659.84,BG-1419_P,True,11,ALLWARA
2024-04-01,1130.185613623903,12.625812979009954,1225.75,1128.9822133651198,678.19,BG-1419_P,True,12,ALLWARA
2024-05-01,1613.6641156630894,520.6996969354569,1249.6,1105.5902317066425,742.41,BG-1419_P,True,13,ALLWARA
2024-06-01,1638.9183688542446,1076.9351448588309,1177.11,1082.6829209308708,678.14,BG-1419_P,True,14,ALLWARA
2024-07-01,2014.4733824237692,2031.1582883980413,1164.45,1060.2502388845587,678.46,BG-1419_P,True,15,ALLWARA
2024-08-01,2300.6114201696655,3293.487357084544,1150.09,1038.2823514831628,672.07,BG-1419_P,True,16,ALLWARA
2024-09-01,2528.9836734463292,4805.701402131116,2967.05,1016.7696283997568,1012.6,BG-1419_P,True,17,ALLWARA
2024-10-01,2744.3758694877565,6554.3746327756035,3809.06,995.7026388432687,1299.57,BG-1419_P,True,18,ALLWARA
2024-11-01,2927.2140183027714,8506.516503654182,3695.05,975.072147424192,1287.47,BG-1419_P,True,19,ALLWARA
2024-12-01,3073.954338646491,10625.601732194715,3480.44,954.8691101059575,1284.68,BG-1419_P,True,20,ALLWARA
2025-01-01,3194.541341111618,12885.058403066145,3627.45,935.0846702401886,1616.6,BG-1419_P,True,21,ALLWARA
2025-02-01,3283.493249739135,15252.841498121172,3707.12,915.7101546841072,1860.83,BG-1419_P,True,22,ALLWARA
2025-03-01,3353.255639962923,17709.360068085713,3709.98,896.7370699983838,1881.53,BG-1419_P,True,23,ALLWARA
2025-04-01,3409.2436959874503,20240.4466653494,3405.27,878.1570987237657,1793.38,BG-1419_P,True,24,ALLWARA
2025-05-01,3452.168328674362,22832.652898288907,3447.31,859.9620957348527,2251.37,BG-1419_P,True,25,ALLWARA
2025-06-01,3494.369172900712,25484.877986520198,3193.28,842.1440846694209,2376.95,BG-1419_P,True,26,ALLWARA
2025-07-01,3517.4288287621744,28177.611560850644,3229.83,824.6952544317287,2626.17,BG-1419_P,True,27,ALLWARA
2025-08-01,3283.005451231951,30653.009056314324,3315.11,807.607955768272,2698.37,BG-1419_P,True,28,ALLWARA
2025-09-01,3100.370301272422,32962.50465967225,3326.15,790.8746979144903,2659.46,BG-1419_P,True,29,ALLWARA
2025-10-01,2957.5141001935267,35145.53061455483,2993.21,774.4881453109496,2112.17,BG-1419_P,True,30,ALLWARA
2025-11-01,2839.4105913672333,37226.5000915345,3079.21,758.4411143875645,2146.93,BG-1419_P,True,31,ALLWARA
2025-12-01,2743.6619868748294,39227.43550799488,2941.79,742.7265704144513,2044.94,BG-1419_P,True,32,ALLWARA
2026-01-01,2663.0246225034493,41163.122506080304,2655.56,727.3376244180278,1761.88,BG-1419_P,True,33,ALLWARA
2026-02-01,2596.557751495229,43047.41272741452,2652.95,712.2675301610118,1774.76,BG-1419_P,True,34,ALLWARA
2026-03-01,2377.7864524929237,44727.68949872245,2745.41,697.5096811849918,1827.36,BG-1419_P,True,35,ALLWARA
2023-04-01,0.0,0.0,0.0,0.0,0.0,BG-1938_P,True,0,ALLWARA
2023-05-01,0.0,0.0,0.0,0.0,0.0,BG-1938_P,True,1,ALLWARA
2023-06-01,0.0,0.0,0.0,0.0,0.0,BG-1938_P,True,2,ALLWARA
2023-07-01,0.0,0.0,0.0,0.0,0.0,BG-1938_P,True,3,ALLWARA
2023-08-01,0.0,0.0,0.0,0.0,0.0,BG-1938_P,True,4,ALLWARA
2023-09-01,0.0,0.0,0.0,0.0,0.0,BG-1938_P,True,5,ALLWARA
2023-10-01,0.0,0.0,0.0,0.0,0.0,BG-1938_P,True,6,ALLWARA
2023-11-01,0.0,0.0,0.0,0.0,0.0,BG-1938_P,True,7,ALLWARA
2023-12-01,0.0,0.0,0.0,0.0,0.0,BG-1938_P,True,8,ALLWARA
2024-01-01,0.0,0.0,0.0,0.0,0.0,BG-1938_P,True,9,ALLWARA
2024-02-01,0.0,0.0,0.0,0.0,0.0,BG-1938_P,True,10,ALLWARA
2024-03-01,0.0,0.0,0.0,0.0,0.0,BG-1938_P,True,11,ALLWARA
2024-04-01,0.0,0.0,0.0,0.0,0.0,BG-1938_P,True,12,ALLWARA
2024-05-01,0.0,0.0,0.0,0.0,0.0,BG-1938_P,True,13,ALLWARA
2024-06-01,0.0,0.0,0.0,0.0,0.0,BG-1938_P,True,14,ALLWARA
2024-07-01,0.0,0.0,0.0,0.0,0.0,BG-1938_P,True,15,ALLWARA
2024-08-01,0.0,0.0,0.0,0.0,0.0,BG-1938_P,True,16,ALLWARA
2024-09-01,0.0,0.0,0.0,0.0,0.0,BG-1938_P,True,17,ALLWARA
2024-10-01,0.0,0.0,0.0,0.0,0.0,BG-1938_P,True,18,ALLWARA
2024-11-01,0.0,0.0,0.0,0.0,0.0,BG-1938_P,True,19,ALLWARA
2024-12-01,0.0,0.0,0.0,0.0,0.0,BG-1938_P,True,20,ALLWARA
2025-01-01,0.0,0.0,0.0,0.0,0.0,BG-1938_P,True,21,ALLWARA
2025-02-01,0.0,0.0,0.0,0.0,0.0,BG-1938_P,True,22,ALLWARA
2025-03-01,0.0,0.0,0.0,0.0,0.0,BG-1938_P,True,23,ALLWARA
2025-04-01,0.0,0.0,0.0,0.0,0.0,BG-1938_P,True,24,ALLWARA
2025-05-01,0.0,0.0,0.0,0.0,0.0,BG-1938_P,True,25,ALLWARA
2025-06-01,860.6950063890022,860.6950063890022,2029.89,0.0,714.39,BG-1938_P,True,26,ALLWARA
2025-07-01,887.890843034185,1748.585849423187,1990.47,0.0,740.09,BG-1938_P,True,27,ALLWARA
2025-08-01,897.8431818741145,2646.4290312973017,2030.5,0.0,762.54,BG-1938_P,True,28,ALLWARA
2025-09-01,908.2676507808093,3554.696682078111,2000.55,0.0,781.44,BG-1938_P,True,29,ALLWARA
2025-10-01,919.067578140961,4473.764260219072,1969.94,0.0,881.89,BG-1938_P,True,30,ALLWARA
2025-11-01,929.344876367942,5403.109136587013,2235.13,0.0,1144.39,BG-1938_P,True,31,ALLWARA
2025-12-01,939.5910119268344,6342.700148513848,2228.47,0.0,1169.27,BG-1938_P,True,32,ALLWARA
2026-01-01,947.9733202216313,7290.673468735479,2171.62,0.0,1166.58,BG-1938_P,True,33,ALLWARA
2026-02-01,957.7038498925657,8248.377318628045,2202.01,0.0,1220.13,BG-1938_P,True,34,ALLWARA
2026-03-01,949.4652496844027,9197.842568312448,2259.82,0.0,1248.67,BG-1938_P,True,35,ALLWARA
2023-04-01,0.0,0.0,0.0,0.0,0.0,BG-2085_P,True,0,ALLWARA
2023-05-01,0.0,0.0,0.0,0.0,0.0,BG-2085_P,True,1,ALLWARA
2023-06-01,0.0,0.0,0.0,0.0,0.0,BG-2085_P,True,2,ALLWARA
2023-07-01,0.0,0.0,0.0,0.0,0.0,BG-2085_P,True,3,ALLWARA
2023-08-01,0.0,0.0,0.0,0.0,0.0,BG-2085_P,True,4,ALLWARA
2023-09-01,0.0,0.0,0.0,0.0,0.0,BG-2085_P,True,5,ALLWARA
2023-10-01,0.0,0.0,0.0,0.0,0.0,BG-2085_P,True,6,ALLWARA
2023-11-01,0.0,0.0,0.0,0.0,0.0,BG-2085_P,True,7,ALLWARA
2023-12-01,0.0,0.0,0.0,0.0,0.0,BG-2085_P,True,8,ALLWARA
2024-01-01,0.0,0.0,0.0,0.0,0.0,BG-2085_P,True,9,ALLWARA
2024-02-01,0.0,0.0,0.0,0.0,0.0,BG-2085_P,True,10,ALLWARA
2024-03-01,0.0,0.0,0.0,0.0,0.0,BG-2085_P,True,11,ALLWARA
2024-04-01,0.0,0.0,0.0,0.0,0.0,BG-2085_P,True,12,ALLWARA
2024-05-01,0.0,0.0,0.0,0.0,0.0,BG-2085_P,True,13,ALLWARA
2024-06-01,0.0,0.0,0.0,0.0,0.0,BG-2085_P,True,14,ALLWARA
2024-07-01,0.0,0.0,0.0,0.0,0.0,BG-2085_P,True,15,ALLWARA
2024-08-01,0.0,0.0,0.0,0.0,0.0,BG-2085_P,True,16,ALLWARA
2024-09-01,0.0,0.0,0.0,0.0,0.0,BG-2085_P,True,17,ALLWARA
2024-10-01,0.0,0.0,0.0,0.0,0.0,BG-2085_P,True,18,ALLWARA
2024-11-01,0.0,0.0,0.0,0.0,0.0,BG-2085_P,True,19,ALLWARA
2024-12-01,0.0,0.0,0.0,0.0,0.0,BG-2085_P,True,20,ALLWARA
2025-01-01,0.0,0.0,0.0,0.0,0.0,BG-2085_P,True,21,ALLWARA
2025-02-01,0.0,0.0,0.0,0.0,0.0,BG-2085_P,True,22,ALLWARA
2025-03-01,0.0,0.0,0.0,0.0,0.0,BG-2085_P,True,23,ALLWARA
2025-04-01,691.9387365031105,691.9387365031105,1106.2,0.0,0.0,BG-2085_P,True,24,ALLWARA
2025-05-01,721.2353747711458,1413.1741112742561,1697.01,0.0,1.58,BG-2085_P,True,25,ALLWARA
2025-06-01,744.4787860408859,2157.652897315142,1693.03,0.0,0.0,BG-2085_P,True,26,ALLWARA
2025-07-01,736.0831984246427,2893.736095739785,1617.51,0.0,3.12,BG-2085_P,True,27,ALLWARA
2025-08-01,691.3690002048188,3585.105095944604,1640.13,0.0,3.96,BG-2085_P,True,28,ALLWARA
2025-09-01,647.1360520583041,4232.241148002908,1598.32,0.0,3.98,BG-2085_P,True,29,ALLWARA
2025-10-01,609.6611683944546,4841.9023163973625,1469.77,0.0,3.18,BG-2085_P,True,30,ALLWARA
2025-11-01,602.0330064061092,5443.9353228034715,1043.1,0.0,1.16,BG-2085_P,True,31,ALLWARA
2025-12-01,596.9384169002743,6040.873739703746,1012.59,0.0,2.64,BG-2085_P,True,32,ALLWARA
2026-01-01,592.2614098932983,6633.135149597044,1002.18,0.0,2.61,BG-2085_P,True,33,ALLWARA
2026-02-01,589.3965471783123,7222.531696775356,1067.7,0.0,0.68,BG-2085_P,True,34,ALLWARA
2026-03-01,485.95569714107984,7708.487393916436,1090.62,0.0,0.0,BG-2085_P,True,35,ALLWARA
2023-04-01,2422.3589408457296,0.01356347621219477,1761.88,2422.345377369518,547.53,BG-0244_P,True,0,ALLWARA
2023-05-01,2374.4063825008466,0.04022078870615204,1765.69,2374.379725188353,577.77,BG-0244_P,True,1,ALLWARA
2023-06-01,2327.403055989517,0.07942022214030378,1747.68,2327.3638565560823,569.78,BG-0244_P,True,2,ALLWARA
2023-07-01,2281.3299583433136,0.1304140670888434,1752.49,2281.278964498365,561.22,BG-0244_P,True,3,ALLWARA
2023-08-01,2236.169470160069,0.19326978325201252,1665.66,2236.106614443906,597.79,BG-0244_P,True,4,ALLWARA
2023-09-01,2191.9022296980743,0.26676263094909247,1660.46,2191.828736850377,594.8,BG-0244_P,True,5,ALLWARA
2023-10-01,2148.5091136480396,0.34825630262784635,1667.21,2148.427619976361,605.68,BG-0244_P,True,6,ALLWARA
2023-11-01,2105.975076107154,0.4374296133636419,1763.4,2105.8859027964186,675.64,BG-0244_P,True,7,ALLWARA
2023-12-01,2064.283149641489,0.5340111984050796,1827.56,2064.186568056448,712.95,BG-0244_P,True,8,ALLWARA
2024-01-01,2023.4181399784914,0.6392157103415673,1779.26,2023.3129354665548,701.81,BG-0244_P,True,9,ALLWARA
2024-02-01,1983.3619116508603,0.7524723324879996,1797.19,1983.2486550287138,722.04,BG-0244_P,True,10,ALLWARA
2024-03-01,1944.0984407864048,0.8732126223407236,1968.91,1943.977700496552,841.54,BG-0244_P,True,11,ALLWARA
2024-04-01,1905.6111363285493,0.9999859862526878,1980.24,1905.4843629646373,863.86,BG-0244_P,True,12,ALLWARA
2024-05-01,1867.8842313715481,1.1309727730954977,2167.3,1867.7532445847053,914.16,BG-0244_P,True,13,ALLWARA
2024-06-01,1830.905237093905,1.266957460684797,2081.74,1830.7692524063157,881.54,BG-0244_P,True,14,ALLWARA
2024-07-01,1794.659080761854,1.4084458830680924,2066.61,1794.5175923394709,871.07,BG-0244_P,True,15,ALLWARA
2024-08-01,1759.1339163615116,1.558599007797555,2038.49,1758.9837632367821,877.23,BG-0244_P,True,16,ALLWARA
2024-09-01,1724.3121110685793,1.7171589835591996,1973.36,1724.1535510928175,770.24,BG-0244_P,True,17,ALLWARA
2024-10-01,1690.1803393198247,1.8844749450732747,1933.9,1690.0130233583106,679.47,BG-0244_P,True,18,ALLWARA
2024-11-01,1656.7215806809531,2.0575322590717744,1875.79,1656.5485233669547,672.84,BG-0244_P,True,19,ALLWARA
2024-12-01,1623.9213020463399,2.232169432858255,1815.05,1623.7466648725533,677.31,BG-0244_P,True,20,ALLWARA
2025-01-01,1591.7739102444668,2.4117529829799147,1953.27,1591.5943266943452,703.94,BG-0244_P,True,21,ALLWARA
2025-02-01,1560.2672895168791,2.60039503150314,1972.34,1560.078647468356,698.36,BG-0244_P,True,22,ALLWARA
2025-03-01,1529.3843898560804,2.7977643849039264,1971.24,1529.1870205026796,707.36,BG-0244_P,True,23,ALLWARA
2025-04-01,1499.1129523699467,3.0036280202138057,1724.86,1498.9070887346368,1262.29,BG-0244_P,True,24,ALLWARA
2025-05-01,1469.4401018420124,3.216990074444363,1760.79,1469.2267397877818,1549.02,BG-0244_P,True,25,ALLWARA
2025-06-01,1440.3546869132301,3.4375758608815854,1679.09,1440.134101126793,1468.11,BG-0244_P,True,26,ALLWARA
2025-07-01,1411.8447883584445,3.664828911027221,1733.88,1411.617535308299,1526.84,BG-0244_P,True,27,ALLWARA
2025-08-01,1383.8964454750944,3.895639060374762,2046.28,1383.6656353257467,1050.31,BG-0244_P,True,28,ALLWARA
2025-09-01,1356.501055620813,4.129474634742361,2035.08,1356.2672200464456,1041.29,BG-0244_P,True,29,ALLWARA
2025-10-01,1329.6484892366875,4.3666341324625515,1975.5,1329.4113297389672,1006.77,BG-0244_P,True,30,ALLWARA
2025-11-01,1303.3279565861544,4.607369029511778,1850.24,1303.087221689105,922.45,BG-0244_P,True,31,ALLWARA
2025-12-01,1277.528702886157,4.851706013022268,1843.18,1277.2843659026464,942.36,BG-0244_P,True,32,ALLWARA
2026-01-01,1252.2399425917333,5.099207711521402,1823.38,1251.992440893234,931.81,BG-0244_P,True,33,ALLWARA
2026-02-01,1227.4521747745857,5.3500529324727495,1994.22,1227.2013295536344,1048.35,BG-0244_P,True,34,ALLWARA
2026-03-01,1203.146066188662,5.595004012375791,2090.55,1202.9011151087589,1136.79,BG-0244_P,True,35,ALLWARA
2023-04-01,0.0,0.0,0.0,0.0,0.0,BG-2080_P,True,0,ALLWARA
2023-05-01,0.0,0.0,0.0,0.0,0.0,BG-2080_P,True,1,ALLWARA
2023-06-01,0.0,0.0,0.0,0.0,0.0,BG-2080_P,True,2,ALLWARA
2023-07-01,0.0,0.0,0.0,0.0,0.0,BG-2080_P,True,3,ALLWARA
2023-08-01,0.0,0.0,0.0,0.0,0.0,BG-2080_P,True,4,ALLWARA
2023-09-01,0.0,0.0,0.0,0.0,0.0,BG-2080_P,True,5,ALLWARA
2023-10-01,0.0,0.0,0.0,0.0,0.0,BG-2080_P,True,6,ALLWARA
2023-11-01,0.0,0.0,0.0,0.0,0.0,BG-2080_P,True,7,ALLWARA
2023-12-01,0.0,0.0,0.0,0.0,0.0,BG-2080_P,True,8,ALLWARA
2024-01-01,0.0,0.0,0.0,0.0,0.0,BG-2080_P,True,9,ALLWARA
2024-02-01,0.0,0.0,0.0,0.0,0.0,BG-2080_P,True,10,ALLWARA
2024-03-01,0.0,0.0,0.0,0.0,0.0,BG-2080_P,True,11,ALLWARA
2024-04-01,0.0,0.0,0.0,0.0,0.0,BG-2080_P,True,12,ALLWARA
2024-05-01,0.0,0.0,0.0,0.0,0.0,BG-2080_P,True,13,ALLWARA
2024-06-01,0.0,0.0,0.0,0.0,0.0,BG-2080_P,True,14,ALLWARA
2024-07-01,0.0,0.0,0.0,0.0,0.0,BG-2080_P,True,15,ALLWARA
2024-08-01,0.0,0.0,0.0,0.0,0.0,BG-2080_P,True,16,ALLWARA
2024-09-01,0.0,0.0,0.0,0.0,0.0,BG-2080_P,True,17,ALLWARA
2024-10-01,0.0,0.0,0.0,0.0,0.0,BG-2080_P,True,18,ALLWARA
2024-11-01,0.0,0.0,0.0,0.0,0.0,BG-2080_P,True,19,ALLWARA
2024-12-01,0.0,0.0,0.0,0.0,0.0,BG-2080_P,True,20,ALLWARA
2025-01-01,0.0,0.0,0.0,0.0,0.0,BG-2080_P,True,21,ALLWARA
2025-02-01,0.0,0.0,0.0,0.0,0.0,BG-2080_P,True,22,ALLWARA
2025-03-01,0.0,0.0,0.0,0.0,0.0,BG-2080_P,True,23,ALLWARA
2025-04-01,0.0,0.0,0.0,0.0,0.0,BG-2080_P,True,24,ALLWARA
2025-05-01,0.0,0.0,0.0,0.0,0.0,BG-2080_P,True,25,ALLWARA
2025-06-01,0.0,0.0,0.0,0.0,0.0,BG-2080_P,True,26,ALLWARA
2025-07-01,0.0,0.0,0.0,0.0,0.0,BG-2080_P,True,27,ALLWARA
2025-08-01,0.0,0.0,0.0,0.0,0.0,BG-2080_P,True,28,ALLWARA
2025-09-01,0.0,0.0,0.0,0.0,0.0,BG-2080_P,True,29,ALLWARA
2025-10-01,0.0,0.0,0.0,0.0,0.0,BG-2080_P,True,30,ALLWARA
2025-11-01,392.51616351304017,392.51616351304017,536.53,0.0,262.72,BG-2080_P,True,31,ALLWARA
2025-12-01,409.4008247095664,801.9169882226065,534.04,0.0,269.7,BG-2080_P,True,32,ALLWARA
2026-01-01,425.7729826774253,1227.6899709000318,528.31,0.0,266.69,BG-2080_P,True,33,ALLWARA
2026-02-01,442.0192354974772,1669.709206397509,526.28,0.0,197.22,BG-2080_P,True,34,ALLWARA
2026-03-01,446.17880400053855,2115.8880103980473,696.5,0.0,274.56,BG-2080_P,True,35,ALLWARA
2023-04-01,994.3485274927923,0.01787471942647087,734.35,994.3306527733658,118.21,BG-1416_P,True,0,ALLWARA
2023-05-01,953.7008899559163,0.05160506866877656,795.64,953.667159606674,128.24,BG-1416_P,True,1,ALLWARA
2023-06-01,914.715532634941,0.1005237602941002,801.03,914.6666139433157,125.03,BG-1416_P,True,2,ALLWARA
2023-07-01,877.3241071917956,0.16362197744895024,797.04,877.2610089746407,121.66,BG-1416_P,True,3,ALLWARA
2023-08-01,841.4625389330788,0.24104185675829132,783.36,841.3851190537695,119.98,BG-1416_P,True,4,ALLWARA
2023-09-01,807.0668171561775,0.3314730539083195,669.56,806.9763859590275,119.6,BG-1416_P,True,5,ALLWARA
2023-10-01,774.0767562151435,0.43341946037347445,679.99,773.9748098086784,132.66,BG-1416_P,True,6,ALLWARA
2023-11-01,742.4350448598127,0.5456198834536359,702.98,742.3228444367326,133.29,BG-1416_P,True,7,ALLWARA
2023-12-01,712.0895799969353,0.6699028329878606,687.42,711.9652970474011,139.15,BG-1416_P,True,8,ALLWARA
2024-01-01,682.9854519005387,0.8061227603129163,581.12,682.8492319732136,143.76,BG-1416_P,True,9,ALLWARA
2024-02-01,655.0716476534262,0.9538920447581296,584.36,654.923878368981,147.91,BG-1416_P,True,10,ALLWARA
2024-03-01,628.2996270007566,1.112977364867955,630.02,628.1405416806467,172.38,BG-1416_P,True,11,ALLWARA
2024-04-01,602.6213554660142,1.2818140962351907,628.74,602.4525187346469,170.9,BG-1416_P,True,12,ALLWARA
2024-05-01,577.9948064172754,1.4616042137868663,807.98,577.8150162997238,214.27,BG-1416_P,True,13,ALLWARA
2024-06-01,554.3771071279319,1.653638362540686,834.9,554.1850729791781,220.89,BG-1416_P,True,14,ALLWARA
2024-07-01,531.7238095580441,1.8559636232169097,828.51,531.5214842973678,222.61,BG-1416_P,True,15,ALLWARA
2024-08-01,509.99726501091243,2.0684977843112877,816.55,509.78473084981806,229.1,BG-1416_P,True,16,ALLWARA
2024-09-01,489.1565851872186,2.2881735798724163,847.93,488.9369093916575,236.21,BG-1416_P,True,17,ALLWARA
2024-10-01,469.1732223843131,2.519729219968397,396.91,468.9416667442171,124.05,BG-1416_P,True,18,ALLWARA
2024-11-01,450.0093980809597,2.7649908963864576,312.4,449.76413640454166,104.32,BG-1416_P,True,19,ALLWARA
2024-12-01,431.62946112520564,3.0235742743168528,294.05,431.37087774727524,104.16,BG-1416_P,True,20,ALLWARA
2025-01-01,414.00135083295396,3.2951073943624327,594.84,413.72981771290836,174.96,BG-1416_P,True,21,ALLWARA
2025-02-01,397.09496365545914,3.579876169118286,882.93,396.8101948807033,237.65,BG-1416_P,True,22,ALLWARA
2025-03-01,380.8803941037549,3.877764444096216,880.79,380.58250582877696,240.69,BG-1416_P,True,23,ALLWARA
2025-04-01,365.32884239118147,4.1881531474722085,370.31,365.01845368780545,85.08,BG-1416_P,True,24,ALLWARA
2025-05-01,350.41383382731146,4.511088176140056,255.79,350.0908987986436,55.04,BG-1416_P,True,25,ALLWARA
2025-06-01,336.10912472733787,4.846401515660035,252.3,335.7738113878179,52.19,BG-1416_P,True,26,ALLWARA
2025-07-01,0.0,4.846401515660035,0.0,0.0,0.0,BG-1416_P,True,27,ALLWARA
2025-08-01,309.2285649475718,5.2027676063210535,653.5,308.87219885691076,186.73,BG-1416_P,True,28,ALLWARA
2025-09-01,296.608957729216,5.570961014580156,642.79,296.2407643209569,188.02,BG-1416_P,True,29,ALLWARA
2025-10-01,284.50629249463185,5.951356875439335,633.88,284.1258966337727,185.16,BG-1416_P,True,30,ALLWARA
2025-11-01,272.89845625146637,6.343342510044761,727.66,272.50647061686095,247.78,BG-1416_P,True,31,ALLWARA
2025-12-01,261.76514179433366,6.746259291231829,773.13,261.3622250131466,283.63,BG-1416_P,True,32,ALLWARA
2026-01-01,251.08691617929395,7.159448313912423,764.93,250.67372715661335,280.46,BG-1416_P,True,33,ALLWARA
2026-02-01,240.84313162239988,7.580240849523883,846.16,240.4223390867884,280.81,BG-1416_P,True,34,ALLWARA
2026-03-01,231.01123912891984,8.00129492945707,876.36,230.59018504898665,285.96,BG-1416_P,True,35,ALLWARA
2023-04-01,0.0,0.0,0.0,0.0,0.0,BG-2039_P,True,0,ALLWARA
2023-05-01,408.83034775237843,408.83034775237843,1266.61,0.0,3.6,BG-2039_P,True,1,ALLWARA
2023-06-01,489.6160418361295,898.4463895885079,1153.04,0.0,2.12,BG-2039_P,True,2,ALLWARA
2023-07-01,531.1168275227988,1429.5632171113066,1108.19,0.0,0.79,BG-2039_P,True,3,ALLWARA
2023-08-01,565.898070593764,1995.4612877050706,1117.78,0.0,0.8,BG-2039_P,True,4,ALLWARA
2023-09-01,551.7950122035498,2547.2562999086203,1082.91,0.0,2.1,BG-2039_P,True,5,ALLWARA
2023-10-01,560.9865636571698,3108.2428635657902,667.24,0.0,19.78,BG-2039_P,True,6,ALLWARA
2023-11-01,613.1728970352566,3721.4157606010467,693.74,0.0,19.88,BG-2039_P,True,7,ALLWARA
2023-12-01,644.6162994643684,4366.032060065415,714.2,0.0,20.34,BG-2039_P,True,8,ALLWARA
2024-01-01,716.4802606763393,5082.512320741755,642.16,0.0,18.14,BG-2039_P,True,9,ALLWARA
2024-02-01,776.6911322413183,5859.203452983073,486.58,0.0,12.51,BG-2039_P,True,10,ALLWARA
2024-03-01,812.1103149893235,6671.313767972396,511.65,0.0,14.58,BG-2039_P,True,11,ALLWARA
2024-04-01,812.2089223035707,7483.522690275967,503.11,0.0,14.99,BG-2039_P,True,12,ALLWARA
2024-05-01,828.0987331749527,8311.621423450919,556.95,0.0,16.99,BG-2039_P,True,13,ALLWARA
2024-06-01,849.2843915829233,9160.905815033842,536.67,0.0,16.57,BG-2039_P,True,14,ALLWARA
2024-07-01,817.3834029627873,9978.28921799663,529.84,0.0,15.55,BG-2039_P,True,15,ALLWARA
2024-08-01,826.9692698757443,10805.258487872374,523.4,0.0,16.01,BG-2039_P,True,16,ALLWARA
2024-09-01,831.3240467716898,11636.582534644063,545.14,0.0,16.51,BG-2039_P,True,17,ALLWARA
2024-10-01,922.1667927033233,12558.749327347386,574.48,0.0,17.38,BG-2039_P,True,18,ALLWARA
2024-11-01,0.0,12558.749327347386,0.0,0.0,0.0,BG-2039_P,True,19,ALLWARA
2024-12-01,0.0,12558.749327347386,0.0,0.0,0.0,BG-2039_P,True,20,ALLWARA
2025-01-01,1247.5158098547638,13806.26513720215,511.56,0.0,17.44,BG-2039_P,True,21,ALLWARA
2025-02-01,1293.3817254084393,15099.646862610589,2154.77,0.0,243.91,BG-2039_P,True,22,ALLWARA
2025-03-01,1326.9809064331248,16426.627769043713,2124.94,0.0,209.59,BG-2039_P,True,23,ALLWARA
2025-04-01,1347.0071171836637,17773.634886227377,2517.15,0.0,1151.12,BG-2039_P,True,24,ALLWARA
2025-05-01,1358.958215457585,19132.59310168496,2728.88,0.0,1514.42,BG-2039_P,True,25,ALLWARA
2025-06-01,1367.626404187779,20500.21950587274,2645.53,0.0,1435.48,BG-2039_P,True,26,ALLWARA
2025-07-01,1367.2358586055102,21867.45536447825,2679.94,0.0,1492.68,BG-2039_P,True,27,ALLWARA
2025-08-01,1303.6964289988111,23171.15179347706,2373.83,0.0,1284.13,BG-2039_P,True,28,ALLWARA
2025-09-01,1247.2481475451648,24418.399941022224,2151.9,0.0,1076.19,BG-2039_P,True,29,ALLWARA
2025-10-01,1243.8744169002623,25662.274357922488,2123.89,0.0,1047.11,BG-2039_P,True,30,ALLWARA
2025-11-01,1207.5800228930798,26869.854380815566,2190.96,0.0,1078.62,BG-2039_P,True,31,ALLWARA
2025-12-01,1198.2950740975646,28068.14945491313,1929.51,0.0,1138.53,BG-2039_P,True,32,ALLWARA
2026-01-01,1156.1833905658928,29224.332845479024,1841.47,0.0,1135.68,BG-2039_P,True,33,ALLWARA
2026-02-01,1114.9963927944316,30339.329238273454,1933.91,0.0,1161.98,BG-2039_P,True,34,ALLWARA
2026-03-01,888.6408664168663,31227.97010469032,1983.73,0.0,1188.94,BG-2039_P,True,35,ALLWARA
2023-04-01,0.0,0.0,0.0,0.0,0.0,BG-2052_P,True,0,ALLWARA
2023-05-01,0.0,0.0,0.0,0.0,0.0,BG-2052_P,True,1,ALLWARA
2023-06-01,0.0,0.0,0.0,0.0,0.0,BG-2052_P,True,2,ALLWARA
2023-07-01,0.0,0.0,0.0,0.0,0.0,BG-2052_P,True,3,ALLWARA
2023-08-01,0.0,0.0,0.0,0.0,0.0,BG-2052_P,True,4,ALLWARA
2023-09-01,0.0,0.0,0.0,0.0,0.0,BG-2052_P,True,5,ALLWARA
2023-10-01,0.0,0.0,0.0,0.0,0.0,BG-2052_P,True,6,ALLWARA
2023-11-01,0.0,0.0,0.0,0.0,0.0,BG-2052_P,True,7,ALLWARA
2023-12-01,0.0,0.0,0.0,0.0,0.0,BG-2052_P,True,8,ALLWARA
2024-01-01,0.0,0.0,0.0,0.0,0.0,BG-2052_P,True,9,ALLWARA
2024-02-01,0.025421358663066784,0.025421358663066784,589.53,0.0,246.33,BG-2052_P,True,10,ALLWARA
2024-03-01,0.02758123402580088,0.05300259268886766,668.13,0.0,287.85,BG-2052_P,True,11,ALLWARA
2024-04-01,0.02906322298363878,0.08206581567250644,716.19,0.0,291.79,BG-2052_P,True,12,ALLWARA
2024-05-01,2.443788192416473,2.5258540080889795,768.8,0.0,310.24,BG-2052_P,True,13,ALLWARA
2024-06-01,3.099271019134322,5.6251250272233015,739.36,0.0,298.72,BG-2052_P,True,14,ALLWARA
2024-07-01,0.0,5.6251250272233015,0.0,0.0,0.0,BG-2052_P,True,15,ALLWARA
2024-08-01,0.0,5.6251250272233015,0.0,0.0,0.0,BG-2052_P,True,16,ALLWARA
2024-09-01,0.0,5.6251250272233015,0.0,0.0,0.0,BG-2052_P,True,17,ALLWARA
2024-10-01,0.0,5.6251250272233015,0.0,0.0,0.0,BG-2052_P,True,18,ALLWARA
2024-11-01,0.0,5.6251250272233015,0.0,0.0,0.0,BG-2052_P,True,19,ALLWARA
2024-12-01,0.0,5.6251250272233015,0.0,0.0,0.0,BG-2052_P,True,20,ALLWARA
2025-01-01,0.0,5.6251250272233015,0.0,0.0,0.0,BG-2052_P,True,21,ALLWARA
2025-02-01,0.0,5.6251250272233015,0.0,0.0,0.0,BG-2052_P,True,22,ALLWARA
2025-03-01,0.0,5.6251250272233015,0.0,0.0,0.0,BG-2052_P,True,23,ALLWARA
2025-04-01,0.0,5.6251250272233015,0.0,0.0,0.0,BG-2052_P,True,24,ALLWARA
2025-05-01,0.0,5.6251250272233015,0.0,0.0,0.0,BG-2052_P,True,25,ALLWARA
2025-06-01,0.0,5.6251250272233015,0.0,0.0,0.0,BG-2052_P,True,26,ALLWARA
2025-07-01,0.0,5.6251250272233015,0.0,0.0,0.0,BG-2052_P,True,27,ALLWARA
2025-08-01,0.0,5.6251250272233015,0.0,0.0,0.0,BG-2052_P,True,28,ALLWARA
2025-09-01,0.0,5.6251250272233015,0.0,0.0,0.0,BG-2052_P,True,29,ALLWARA
2025-10-01,0.0,5.6251250272233015,0.0,0.0,0.0,BG-2052_P,True,30,ALLWARA
2025-11-01,0.0,5.6251250272233015,0.0,0.0,0.0,BG-2052_P,True,31,ALLWARA
2025-12-01,0.0,5.6251250272233015,0.0,0.0,0.0,BG-2052_P,True,32,ALLWARA
2026-01-01,0.0,5.6251250272233015,0.0,0.0,0.0,BG-2052_P,True,33,ALLWARA
2026-02-01,0.0,5.6251250272233015,0.0,0.0,0.0,BG-2052_P,True,34,ALLWARA
2026-03-01,0.0,5.6251250272233015,0.0,0.0,0.0,BG-2052_P,True,35,ALLWARA
2023-04-01,1102.6701171157972,133.88132660642833,1000.66,968.7887905093688,336.72,BG-1923_P,True,0,ALLWARA
2023-05-01,1136.5361029468097,335.0692026275167,1004.84,935.3482269257214,355.17,BG-1923_P,True,1,ALLWARA
2023-06-01,1146.175891568406,578.1831325137491,996.0,903.0619616821737,344.09,BG-1923_P,True,2,ALLWARA
2023-07-01,1142.5160785544103,848.8090602548214,993.1,871.8901508133381,318.03,BG-1923_P,True,3,ALLWARA
2023-08-01,1133.0595891530818,1140.074323723693,1003.07,841.7943256842101,322.11,BG-1923_P,True,4,ALLWARA
2023-09-01,1117.5753819701827,1444.912360177237,1003.36,812.7373455166386,320.07,BG-1923_P,True,5,ALLWARA
2023-10-01,1093.7647612053438,1753.9937698280978,1084.08,784.6833515544829,349.57,BG-1923_P,True,6,ALLWARA
2023-11-01,1071.327758468451,2067.723805485655,1259.52,757.5977228108941,393.98,BG-1923_P,True,7,ALLWARA
2023-12-01,1052.3413082359793,2388.618080378528,1294.38,731.4470333431063,403.14,BG-1923_P,True,8,ALLWARA
2024-01-01,1106.3212824836505,2788.740351860164,1258.46,706.1990110020141,396.88,BG-1923_P,True,9,ALLWARA
2024-02-01,1133.1445201331353,3240.062374387673,1268.13,681.8224976056265,408.34,BG-1923_P,True,10,ALLWARA
2024-03-01,1145.1861297851012,3726.961093685522,1302.67,658.2874104872525,476.03,BG-1923_P,True,11,ALLWARA
2024-04-01,1144.362242266426,4235.758630580987,1279.09,635.5647053709606,489.31,BG-1923_P,True,12,ALLWARA
2024-05-01,1146.0563130354083,4768.188603087895,1369.29,613.6263405285009,513.75,BG-1923_P,True,13,ALLWARA
2024-06-01,1158.9608066288374,5334.7041675432765,1315.24,592.4452421734559,493.56,BG-1923_P,True,14,ALLWARA
2024-07-01,1133.4283654057967,5896.137261899163,1273.18,571.9952710499107,492.33,BG-1923_P,True,15,ALLWARA
2024-08-01,1096.7148184645325,6440.60089018928,1251.0,552.2511901744156,523.21,BG-1923_P,True,16,ALLWARA
2024-09-01,1070.721013306004,6978.133269803859,1317.54,533.1886336914254,564.48,BG-1923_P,True,17,ALLWARA
2024-10-01,1041.8986558225479,7505.24784882262,927.02,514.7840768037869,376.81,BG-1923_P,True,18,ALLWARA
2024-11-01,1027.7305149300298,8035.963557011489,833.72,497.0148067411605,340.87,BG-1923_P,True,19,ALLWARA
2024-12-01,1012.391605687469,8568.496267968405,790.23,479.8588947305526,340.4,BG-1923_P,True,20,ALLWARA
2025-01-01,998.0272965231686,9103.228395557207,807.26,463.29516893436664,347.84,BG-1923_P,True,21,ALLWARA
2025-02-01,987.3497026616476,9643.27490989628,813.57,447.3031883225757,345.08,BG-1923_P,True,22,ALLWARA
2025-03-01,975.6385729579574,10187.050265407464,814.31,431.86321744677247,349.53,BG-1923_P,True,23,ALLWARA
2025-04-01,963.4060756917945,10733.500139014292,765.97,416.95620208496774,309.39,BG-1923_P,True,24,ALLWARA
2025-05-01,950.673621761297,11281.61001504851,842.94,402.56374572707847,366.26,BG-1923_P,True,25,ALLWARA
2025-06-01,939.475066259407,11832.416994435831,904.06,388.6680868720874,410.11,BG-1923_P,True,26,ALLWARA
2025-07-01,924.1419461550656,12381.306863482037,911.1,375.25207710885826,426.45,BG-1923_P,True,27,ALLWARA
2025-08-01,893.8530063058646,12912.860709834347,924.38,362.29915995355486,438.26,BG-1923_P,True,28,ALLWARA
2025-09-01,872.3329469476371,13435.400306364436,900.87,349.7933504175477,407.15,BG-1923_P,True,29,ALLWARA
2025-10-01,857.2566723262175,13954.937763410058,888.07,337.71921528059505,401.5,BG-1923_P,True,30,ALLWARA
2025-11-01,842.214666078362,14471.09057544347,916.52,326.06185404495113,411.6,BG-1923_P,True,31,ALLWARA
2025-12-01,830.0744134575698,14986.35810835414,865.55,314.8068805468999,391.43,BG-1923_P,True,32,ALLWARA
2026-01-01,817.0902232007809,15499.507926351902,822.25,303.9404052030189,388.38,BG-1923_P,True,33,ALLWARA
2026-02-01,806.9511321066709,16013.010040589306,872.13,293.44901786926675,397.47,BG-1923_P,True,34,ALLWARA
2026-03-01,718.636287007914,16448.326556305485,895.46,283.3197712917371,406.72,BG-1923_P,True,35,ALLWARA
2023-04-01,0.0,0.0,0.0,0.0,0.0,BG-1813_P,True,0,ALLWARA
2023-05-01,0.0,0.0,0.0,0.0,0.0,BG-1813_P,True,1,ALLWARA
2023-06-01,0.0,0.0,0.0,0.0,0.0,BG-1813_P,True,2,ALLWARA
2023-07-01,0.0,0.0,0.0,0.0,0.0,BG-1813_P,True,3,ALLWARA
2023-08-01,0.0,0.0,0.0,0.0,0.0,BG-1813_P,True,4,ALLWARA
2023-09-01,0.0,0.0,0.0,0.0,0.0,BG-1813_P,True,5,ALLWARA
2023-10-01,0.0,0.0,0.0,0.0,0.0,BG-1813_P,True,6,ALLWARA
2023-11-01,0.0,0.0,0.0,0.0,0.0,BG-1813_P,True,7,ALLWARA
2023-12-01,0.0,0.0,0.0,0.0,0.0,BG-1813_P,True,8,ALLWARA
2024-01-01,0.0,0.0,0.0,0.0,0.0,BG-1813_P,True,9,ALLWARA
2024-02-01,0.0,0.0,0.0,0.0,0.0,BG-1813_P,True,10,ALLWARA
2024-03-01,0.0,0.0,0.0,0.0,0.0,BG-1813_P,True,11,ALLWARA
2024-04-01,0.0,0.0,0.0,0.0,0.0,BG-1813_P,True,12,ALLWARA
2024-05-01,0.0,0.0,0.0,0.0,0.0,BG-1813_P,True,13,ALLWARA
2024-06-01,0.0,0.0,0.0,0.0,0.0,BG-1813_P,True,14,ALLWARA
2024-07-01,0.0,0.0,0.0,0.0,0.0,BG-1813_P,True,15,ALLWARA
2024-08-01,0.0,0.0,0.0,0.0,0.0,BG-1813_P,True,16,ALLWARA
2024-09-01,0.0,0.0,0.0,0.0,0.0,BG-1813_P,True,17,ALLWARA
2024-10-01,0.0,0.0,0.0,0.0,0.0,BG-1813_P,True,18,ALLWARA
2024-11-01,0.0,0.0,0.0,0.0,0.0,BG-1813_P,True,19,ALLWARA
2024-12-01,0.0,0.0,0.0,0.0,0.0,BG-1813_P,True,20,ALLWARA
2025-01-01,0.0,0.0,0.0,0.0,0.0,BG-1813_P,True,21,ALLWARA
2025-02-01,0.0,0.0,0.0,0.0,0.0,BG-1813_P,True,22,ALLWARA
2025-03-01,0.0,0.0,0.0,0.0,0.0,BG-1813_P,True,23,ALLWARA
2025-04-01,0.0,0.0,0.0,0.0,0.0,BG-1813_P,True,24,ALLWARA
2025-05-01,0.0,0.0,0.0,0.0,0.0,BG-1813_P,True,25,ALLWARA
2025-06-01,0.0,0.0,0.0,0.0,0.0,BG-1813_P,True,26,ALLWARA
2025-07-01,2976.390719464319,2976.390719464319,3533.41,0.0,2388.44,BG-1813_P,True,27,ALLWARA
2025-08-01,2930.3271567457286,5906.7178762100475,3852.73,0.0,2586.92,BG-1813_P,True,28,ALLWARA
2025-09-01,2931.255765137252,8837.9736413473,3838.51,0.0,2605.11,BG-1813_P,True,29,ALLWARA
2025-10-01,2939.3080278882544,11777.281669235555,3782.7,0.0,2565.65,BG-1813_P,True,30,ALLWARA
2025-11-01,2940.9876075949423,14718.269276830499,3405.42,0.0,2205.0,BG-1813_P,True,31,ALLWARA
2025-12-01,2935.4658779420247,17653.735154772523,3005.27,0.0,2076.26,BG-1813_P,True,32,ALLWARA
2026-01-01,2922.1525276402413,20575.887682412766,2972.49,0.0,2053.03,BG-1813_P,True,33,ALLWARA
2026-02-01,2910.8544101607404,23486.742092573506,3083.22,0.0,1884.16,BG-1813_P,True,34,ALLWARA
2026-03-01,2750.9914599726394,26237.733552546146,3160.73,0.0,1896.71,BG-1813_P,True,35,ALLWARA
2023-04-01,0.0,0.0,0.0,0.0,0.0,BG-2037ST1_P,True,0,ALLWARA
2023-05-01,1055.4092668559942,1055.4092668559942,1886.12,0.0,169.38,BG-2037ST1_P,True,1,ALLWARA
2023-06-01,1006.3833467182174,2061.792613574212,1849.53,0.0,41.58,BG-2037ST1_P,True,2,ALLWARA
2023-07-01,1464.0277236467664,3525.820337220978,1843.09,0.0,26.86,BG-2037ST1_P,True,3,ALLWARA
2023-08-01,1543.5692211943388,5069.389558415317,1859.09,0.0,27.2,BG-2037ST1_P,True,4,ALLWARA
2023-09-01,1590.5769793689228,6659.966537784239,1815.85,0.0,29.41,BG-2037ST1_P,True,5,ALLWARA
2023-10-01,1401.94279217925,8061.90932996349,1596.94,0.0,40.43,BG-2037ST1_P,True,6,ALLWARA
2023-11-01,1431.542278074398,9493.451608037887,1660.52,0.0,40.62,BG-2037ST1_P,True,7,ALLWARA
2023-12-01,1427.5603265746845,10921.011934612572,1709.56,0.0,41.56,BG-2037ST1_P,True,8,ALLWARA
2024-01-01,1436.611082209085,12357.623016821657,1653.17,0.0,40.91,BG-2037ST1_P,True,9,ALLWARA
2024-02-01,1330.337458879329,13687.960475700986,1633.04,0.0,90.11,BG-2037ST1_P,True,10,ALLWARA
2024-03-01,1049.256025236149,14737.216500937135,2290.36,0.0,80.82,BG-2037ST1_P,True,11,ALLWARA
2024-04-01,1334.4494417972664,16071.665942734402,2365.64,0.0,53.39,BG-2037ST1_P,True,12,ALLWARA
2024-05-01,1431.68928244171,17503.355225176114,2636.39,0.0,54.62,BG-2037ST1_P,True,13,ALLWARA
2024-06-01,1590.7440249939464,19094.09925017006,2544.12,0.0,52.26,BG-2037ST1_P,True,14,ALLWARA
2024-07-01,1474.2286486731705,20568.327898843232,2253.51,0.0,129.93,BG-2037ST1_P,True,15,ALLWARA
2024-08-01,1437.7442340826406,22006.072132925874,2149.63,0.0,166.79,BG-2037ST1_P,True,16,ALLWARA
2024-09-01,1409.3554776087399,23415.427610534614,2236.63,0.0,171.96,BG-2037ST1_P,True,17,ALLWARA
2024-10-01,973.7671755242286,24389.194786058844,2014.48,0.0,185.96,BG-2037ST1_P,True,18,ALLWARA
2024-11-01,1257.1515513779377,25646.346337436782,1466.23,0.0,193.33,BG-2037ST1_P,True,19,ALLWARA
2024-12-01,1371.4759934864878,27017.82233092327,1354.87,0.0,193.06,BG-2037ST1_P,True,20,ALLWARA
2025-01-01,1404.1008242851208,28421.92315520839,1383.85,0.0,197.28,BG-2037ST1_P,True,21,ALLWARA
2025-02-01,1426.932839597967,29848.85599480636,1405.7,0.0,195.72,BG-2037ST1_P,True,22,ALLWARA
2025-03-01,1432.6297563969945,31281.485751203356,1399.01,0.0,198.3,BG-2037ST1_P,True,23,ALLWARA
2025-04-01,1436.9609897939272,32718.446740997282,1633.61,0.0,322.64,BG-2037ST1_P,True,24,ALLWARA
2025-05-01,1214.079410419526,33932.52615141681,1676.71,0.0,340.63,BG-2037ST1_P,True,25,ALLWARA
2025-06-01,922.009618901554,34854.53577031836,1654.11,0.0,322.87,BG-2037ST1_P,True,26,ALLWARA
2025-07-01,1310.0009236812957,36164.53669399966,1641.91,0.0,335.74,BG-2037ST1_P,True,27,ALLWARA
2025-08-01,1437.3548326125278,37601.89152661219,1349.97,0.0,305.03,BG-2037ST1_P,True,28,ALLWARA
2025-09-01,1507.247565959487,39109.13909257168,1082.64,0.0,275.29,BG-2037ST1_P,True,29,ALLWARA
2025-10-01,1584.1054556140698,40693.24454818574,1067.73,0.0,271.11,BG-2037ST1_P,True,30,ALLWARA
2025-11-01,1310.976505302561,42004.221053488305,1022.17,0.0,361.38,BG-2037ST1_P,True,31,ALLWARA
2025-12-01,1242.3750549010833,43246.596108389385,414.55,0.0,104.84,BG-2037ST1_P,True,32,ALLWARA
2026-01-01,1333.022421234057,44579.61852962344,442.36,0.0,121.68,BG-2037ST1_P,True,33,ALLWARA
2026-02-01,1361.8467305944866,45941.46526021793,475.35,0.0,124.53,BG-2037ST1_P,True,34,ALLWARA
2026-03-01,947.4753269013968,46888.94058711932,488.64,0.0,127.42,BG-2037ST1_P,True,35,ALLWARA
2023-04-01,0.0,0.0,0.0,0.0,0.0,BG-0965_P,True,0,ALLWARA
2023-05-01,0.0,0.0,0.0,0.0,0.0,BG-0965_P,True,1,ALLWARA
2023-06-01,0.0,0.0,0.0,0.0,0.0,BG-0965_P,True,2,ALLWARA
2023-07-01,0.0,0.0,0.0,0.0,0.0,BG-0965_P,True,3,ALLWARA
2023-08-01,0.0,0.0,0.0,0.0,0.0,BG-0965_P,True,4,ALLWARA
2023-09-01,0.0,0.0,0.0,0.0,0.0,BG-0965_P,True,5,ALLWARA
2023-10-01,0.0,0.0,0.0,0.0,0.0,BG-0965_P,True,6,ALLWARA
2023-11-01,0.0,0.0,0.0,0.0,0.0,BG-0965_P,True,7,ALLWARA
2023-12-01,0.0,0.0,0.0,0.0,0.0,BG-0965_P,True,8,ALLWARA
2024-01-01,0.0,0.0,0.0,0.0,0.0,BG-0965_P,True,9,ALLWARA
2024-02-01,0.0,0.0,0.0,0.0,0.0,BG-0965_P,True,10,ALLWARA
2024-03-01,0.0,0.0,0.0,0.0,0.0,BG-0965_P,True,11,ALLWARA
2024-04-01,0.0,0.0,0.0,0.0,0.0,BG-0965_P,True,12,ALLWARA
2024-05-01,0.0,0.0,0.0,0.0,0.0,BG-0965_P,True,13,ALLWARA
2024-06-01,4121.972359071821,4121.972359071821,3834.93,0.0,208.66,BG-0965_P,True,14,ALLWARA
2024-07-01,4123.081238747872,8245.053597819693,5755.52,0.0,826.94,BG-0965_P,True,15,ALLWARA
2024-08-01,4009.140483186062,12254.194081005755,6220.56,0.0,989.97,BG-0965_P,True,16,ALLWARA
2024-09-01,3924.2476317645173,16178.441712770273,6062.41,0.0,1128.22,BG-0965_P,True,17,ALLWARA
2024-10-01,3695.7457089450236,19874.187421715294,5202.68,0.0,1361.73,BG-0965_P,True,18,ALLWARA
2024-11-01,3683.643209613537,23557.83063132883,5031.77,0.0,1348.44,BG-0965_P,True,19,ALLWARA
2024-12-01,3690.930995607875,27248.761626936706,4434.42,0.0,1363.0,BG-0965_P,True,20,ALLWARA
2025-01-01,3694.962754018428,30943.724380955133,4248.02,0.0,1409.89,BG-0965_P,True,21,ALLWARA
2025-02-01,3715.5574733014346,34659.281854256566,4114.17,0.0,1314.1,BG-0965_P,True,22,ALLWARA
2025-03-01,3734.6285237305206,38393.910377987086,3809.31,0.0,1187.59,BG-0965_P,True,23,ALLWARA
2025-04-01,3750.65669792397,42144.56707591106,3627.3,0.0,1051.38,BG-0965_P,True,24,ALLWARA
2025-05-01,3684.1553842181634,45828.72246012922,3804.02,0.0,1279.93,BG-0965_P,True,25,ALLWARA
2025-06-01,3554.1477518097954,49382.870211939015,3602.02,0.0,1233.24,BG-0965_P,True,26,ALLWARA
2025-07-01,3595.851501303208,52978.72171324222,3606.55,0.0,1282.38,BG-0965_P,True,27,ALLWARA
2025-08-01,3758.5484486218097,56737.270161864035,3831.2,0.0,1371.21,BG-0965_P,True,28,ALLWARA
2025-09-01,3972.6908430559747,60709.96100492001,4027.29,0.0,1490.23,BG-0965_P,True,29,ALLWARA
2025-10-01,4175.778358223702,64885.739363143715,3941.38,0.0,1610.17,BG-0965_P,True,30,ALLWARA
2025-11-01,4189.9583670522015,69075.69773019591,4062.72,0.0,1678.02,BG-0965_P,True,31,ALLWARA
2025-12-01,4188.7872163071925,73264.4849465031,4029.75,0.0,1714.3,BG-0965_P,True,32,ALLWARA
2026-01-01,4179.826899124389,77444.31184562748,3475.87,0.0,1570.22,BG-0965_P,True,33,ALLWARA
2026-02-01,4155.188975637027,81599.5008212645,3229.57,0.0,1499.5,BG-0965_P,True,34,ALLWARA
2026-03-01,3849.688529612453,85449.18935087696,3316.37,0.0,1534.65,BG-0965_P,True,35,ALLWARA
2023-04-01,0.0,0.0,0.0,0.0,0.0,BG-1807_P,True,0,ALLWARA
2023-05-01,0.0,0.0,0.0,0.0,0.0,BG-1807_P,True,1,ALLWARA
2023-06-01,0.0,0.0,0.0,0.0,0.0,BG-1807_P,True,2,ALLWARA
2023-07-01,0.0,0.0,0.0,0.0,0.0,BG-1807_P,True,3,ALLWARA
2023-08-01,0.0,0.0,0.0,0.0,0.0,BG-1807_P,True,4,ALLWARA
2023-09-01,0.0,0.0,0.0,0.0,0.0,BG-1807_P,True,5,ALLWARA
2023-10-01,0.0,0.0,0.0,0.0,0.0,BG-1807_P,True,6,ALLWARA
2023-11-01,0.0,0.0,0.0,0.0,0.0,BG-1807_P,True,7,ALLWARA
2023-12-01,0.0,0.0,0.0,0.0,0.0,BG-1807_P,True,8,ALLWARA
2024-01-01,0.0,0.0,0.0,0.0,0.0,BG-1807_P,True,9,ALLWARA
2024-02-01,0.0,0.0,0.0,0.0,0.0,BG-1807_P,True,10,ALLWARA
2024-03-01,0.0,0.0,0.0,0.0,0.0,BG-1807_P,True,11,ALLWARA
2024-04-01,0.0,0.0,0.0,0.0,0.0,BG-1807_P,True,12,ALLWARA
2024-05-01,0.0,0.0,0.0,0.0,0.0,BG-1807_P,True,13,ALLWARA
2024-06-01,0.0,0.0,0.0,0.0,0.0,BG-1807_P,True,14,ALLWARA
2024-07-01,0.0,0.0,0.0,0.0,0.0,BG-1807_P,True,15,ALLWARA
2024-08-01,689.0192895163277,689.0192895163277,1246.38,0.0,261.03,BG-1807_P,True,16,ALLWARA
2024-09-01,709.2962095393547,1398.3154990556823,1271.48,0.0,258.79,BG-1807_P,True,17,ALLWARA
2024-10-01,731.0049149122301,2129.3204139679124,1297.11,0.0,235.41,BG-1807_P,True,18,ALLWARA
2024-11-01,751.305574722029,2880.6259886899416,1207.6,0.0,175.42,BG-1807_P,True,19,ALLWARA
2024-12-01,764.5616578263136,3645.187646516255,1117.35,0.0,175.19,BG-1807_P,True,20,ALLWARA
2025-01-01,773.773873473939,4418.961519990194,1141.18,0.0,179.0,BG-1807_P,True,21,ALLWARA
2025-02-01,782.1888950603657,5201.150415050559,1020.51,0.0,221.1,BG-1807_P,True,22,ALLWARA
2025-03-01,791.5832897274513,5992.73370477801,939.25,0.0,248.9,BG-1807_P,True,23,ALLWARA
2025-04-01,799.4679965080636,6792.201701286074,952.12,0.0,236.58,BG-1807_P,True,24,ALLWARA
2025-05-01,804.9348534758869,7597.136554761961,1002.11,0.0,256.7,BG-1807_P,True,25,ALLWARA
2025-06-01,810.2638666597443,8407.400421421706,986.05,0.0,243.32,BG-1807_P,True,26,ALLWARA
2025-07-01,760.8072323242105,9168.207653745916,981.76,0.0,253.02,BG-1807_P,True,27,ALLWARA
2025-08-01,692.2093864469928,9860.41704019291,1097.77,0.0,394.24,BG-1807_P,True,28,ALLWARA
2025-09-01,651.8180397803781,10512.235079973289,1091.29,0.0,408.92,BG-1807_P,True,29,ALLWARA
2025-10-01,629.1577676470497,11141.392847620338,1076.01,0.0,402.71,BG-1807_P,True,30,ALLWARA
2025-11-01,613.5768122502568,11754.969659870596,1110.29,0.0,415.14,BG-1807_P,True,31,ALLWARA
2025-12-01,604.4032448921627,12359.372904762758,976.02,0.0,410.34,BG-1807_P,True,32,ALLWARA
2026-01-01,597.5137394603274,12956.886644223086,869.75,0.0,369.46,BG-1807_P,True,33,ALLWARA
2026-02-01,593.4088006286331,13550.29544485172,925.24,0.0,378.04,BG-1807_P,True,34,ALLWARA
2026-03-01,492.60130652330855,14042.896751375029,950.55,0.0,386.94,BG-1807_P,True,35,ALLWARA
2023-04-01,2043.2801545975276,0.011250801044866759,1545.97,2043.2689037964826,1108.08,BG-0879_P,True,0,ALLWARA
2023-05-01,1990.9979835766221,0.031183229337515578,1551.03,1990.9780511483295,1161.12,BG-0879_P,True,1,ALLWARA
2023-06-01,1940.053043659944,0.058813303664846495,1556.23,1940.0254135856167,1162.46,BG-0879_P,True,2,ALLWARA
2023-07-01,1890.4114096967926,0.09347917484514322,1482.31,1890.3767438256123,1095.37,BG-0879_P,True,3,ALLWARA
2023-08-01,1842.0400535013216,0.13486164225298047,1644.76,1841.9986710339138,1142.61,BG-0879_P,True,4,ALLWARA
2023-09-01,1794.9060694713285,0.1822527189925971,2271.59,1794.8586783945889,1797.62,BG-0879_P,True,5,ALLWARA
2023-10-01,1748.9772690409088,0.23444050556330992,2279.7,1748.925081254338,1771.48,BG-0879_P,True,6,ALLWARA
2023-11-01,1704.2237411399894,0.29117581956695154,2019.19,1704.1670058259858,1506.54,BG-0879_P,True,7,ALLWARA
2023-12-01,1660.6156006444246,0.3524080270033064,1789.92,1660.5543684369882,1277.01,BG-0879_P,True,8,ALLWARA
2024-01-01,1618.128593424245,0.4231461422423787,1777.45,1618.057855309006,1239.93,BG-0879_P,True,9,ALLWARA
2024-02-01,1576.7282055282135,0.5024488155011445,1772.34,1576.6489028549547,1223.0,BG-0879_P,True,10,ALLWARA
2024-03-01,1536.3869462435466,0.5897165787579903,1772.35,1536.2996784802897,1265.66,BG-0879_P,True,11,ALLWARA
2024-04-01,1497.0775372163714,0.6841919195131834,1560.59,1496.9830618756162,529.2,BG-0879_P,True,12,ALLWARA
2024-05-01,1482.686908232748,24.698473364202048,1736.89,1458.6726267880592,657.23,BG-0879_P,True,13,ALLWARA
2024-06-01,1469.771480352539,73.1273304576081,1659.72,1421.3426232591328,635.19,BG-0879_P,True,14,ALLWARA
2024-07-01,1462.8769651542025,151.03633529463633,1645.67,1384.9679603171742,616.86,BG-0879_P,True,15,ALLWARA
2024-08-01,1469.2781154241811,270.79026160610715,1169.01,1349.5241891127102,675.92,BG-0879_P,True,16,ALLWARA
2024-09-01,1496.7313106308218,452.53408575151,1155.52,1314.987486485419,693.04,BG-0879_P,True,17,ALLWARA
2024-10-01,1559.1192585612505,730.31870536112,1126.09,1281.3346389516405,680.3,BG-0879_P,True,18,ALLWARA
2024-11-01,1616.1375563075017,1097.9132345669448,1730.84,1248.543027101677,1153.4,BG-0879_P,True,19,ALLWARA
2024-12-01,1656.1599488547688,1537.4825730253199,1746.73,1216.5906103963937,1209.79,BG-0879_P,True,20,ALLWARA
2025-01-01,1651.4721133618812,2003.498774034301,1757.56,1185.4559123529,1204.41,BG-0879_P,True,21,ALLWARA
2025-02-01,1682.3609250204977,2530.741692945443,1765.06,1155.1180061093555,1235.75,BG-0879_P,True,22,ALLWARA
2025-03-01,1724.941939095827,3130.1271316820694,1793.56,1125.5565003592005,1271.63,BG-0879_P,True,23,ALLWARA
2025-04-01,1762.8505110098533,3796.2261170465717,1776.25,1096.7515256453507,1302.16,BG-0879_P,True,24,ALLWARA
2025-05-01,1796.3209561061085,4523.863352147531,1760.91,1068.6837210051494,1308.71,BG-0879_P,True,25,ALLWARA
2025-06-01,1825.5969708740995,5308.126102064531,1721.5,1041.3342209570997,1307.69,BG-0879_P,True,26,ALLWARA
2025-07-01,1776.8922807732529,6070.333740017155,1770.71,1014.6846428206284,1372.55,BG-0879_P,True,27,ALLWARA
2025-08-01,1691.7898176817525,6773.406483338549,1818.23,988.7170743603577,1411.18,BG-0879_P,True,28,ALLWARA
2025-09-01,1611.940640005871,7421.933061597834,1440.55,963.4140617465858,920.0,BG-0879_P,True,29,ALLWARA
2025-10-01,1555.8791920351484,8039.053655809106,1488.64,938.758597823876,878.72,BG-0879_P,True,30,ALLWARA
2025-11-01,1598.9823828699527,8723.301927999184,1538.9,914.7341106798754,893.37,BG-0879_P,True,31,ALLWARA
2025-12-01,1644.7951976672412,9476.772673159749,1552.28,891.3244525066773,921.74,BG-0879_P,True,32,ALLWARA
2026-01-01,1685.2018294785692,10293.460613891077,2027.98,868.5138887472416,1349.19,BG-0879_P,True,33,ALLWARA
2026-02-01,1721.9814531370353,11169.154979508538,2018.92,846.2870875195752,1390.06,BG-0879_P,True,34,ALLWARA
2026-03-01,0.0,11169.154979508538,0.0,0.0,0.0,BG-0879_P,True,35,ALLWARA
2023-04-01,4201.969637963273,0.057196662127663944,3958.87,4201.912441301146,1147.29,BG-0069_P,True,0,ALLWARA
2023-05-01,4092.157294595107,0.1605195114341847,3920.05,4092.0539717458005,946.72,BG-0069_P,True,1,ALLWARA
2023-06-01,3985.2085398176,0.3013213407991721,3906.33,3985.067737988235,949.84,BG-0069_P,True,2,ALLWARA
2023-07-01,3881.049404339156,0.4720798933186893,3761.66,3880.8786457866363,1161.53,BG-0069_P,True,3,ALLWARA
2023-08-01,3779.6133255211616,0.6718411858323692,3801.04,3779.413564228648,1570.16,BG-0069_P,True,4,ALLWARA
2023-09-01,3680.8251584738023,0.8957252592592774,3930.86,3680.6012744003756,1440.43,BG-0069_P,True,5,ALLWARA
2023-10-01,3676.1014753787726,92.62478124061138,3952.09,3584.3724193974203,1604.01,BG-0069_P,True,6,ALLWARA
2023-11-01,3605.0682496361815,207.03357523390954,3899.69,3490.659455642883,1469.85,BG-0069_P,True,7,ALLWARA
2023-12-01,3584.706555234715,392.3435249904812,3846.07,3399.396605478143,1423.61,BG-0069_P,True,8,ALLWARA
2024-01-01,3770.0008019571883,851.8245159545219,3551.31,3310.5198109931475,1408.11,BG-0069_P,True,9,ALLWARA
2024-02-01,3916.827460205218,1544.6852870959347,3499.22,3223.966689063805,1422.92,BG-0069_P,True,10,ALLWARA
2024-03-01,4031.073070448196,2436.0818699792158,4194.33,3139.676487564915,1610.93,BG-0069_P,True,11,ALLWARA
2024-04-01,4118.311865626664,3496.8036928779684,4204.66,3057.5900427279116,1677.58,BG-0069_P,True,12,ALLWARA
2024-05-01,4183.427698941921,4702.581654206413,4688.32,2977.6497376134766,2114.37,BG-0069_P,True,13,ALLWARA
2024-06-01,4255.573455064973,6058.355647601498,4422.06,2899.799461669888,2003.23,BG-0069_P,True,14,ALLWARA
2024-07-01,4279.972624079707,7514.343700332503,4414.36,2823.9845713487025,1591.45,BG-0069_P,True,15,ALLWARA
2024-08-01,4296.013623970139,9060.205472552498,3918.8,2750.151851750145,1498.8,BG-0069_P,True,16,ALLWARA
2024-09-01,4303.318976993665,10685.274970274899,4376.23,2678.2494792712655,2078.49,BG-0069_P,True,17,ALLWARA
2024-10-01,4372.759936292454,12449.80792133669,4578.84,2608.226985230663,2175.33,BG-0069_P,True,18,ALLWARA
2024-11-01,4452.518004389124,14362.290705281583,4458.98,2540.0352204442306,2154.11,BG-0069_P,True,19,ALLWARA
2024-12-01,4401.766092253985,16290.430476808504,4222.58,2473.6263207270645,2140.77,BG-0069_P,True,20,ALLWARA
2025-01-01,4368.645402611162,18250.122206122338,4267.25,2408.9536732973265,2172.62,BG-0069_P,True,21,ALLWARA
2025-02-01,4409.7783098856835,20313.928631949555,4290.93,2345.971884058467,2155.18,BG-0069_P,True,22,ALLWARA
2025-03-01,4471.872619920714,22501.16450613342,4363.82,2284.6367457368483,2268.31,BG-0069_P,True,23,ALLWARA
2025-04-01,4521.466406607273,24797.725705888275,4399.36,2224.905206852417,2050.23,BG-0069_P,True,24,ALLWARA
2025-05-01,4555.292366677244,27186.2827310649,4534.56,2166.7353415006205,2211.05,BG-0069_P,True,25,ALLWARA
2025-06-01,4584.430783621896,29660.627194762415,4406.74,2110.086319924381,2107.95,BG-0069_P,True,26,ALLWARA
2025-07-01,4602.384935150243,32208.0937500572,4246.73,2054.9183798554577,2501.46,BG-0069_P,True,27,ALLWARA
2025-08-01,4547.119163124194,34754.020114576306,4553.38,2001.1927986050862,2478.11,BG-0069_P,True,28,ALLWARA
2025-09-01,4546.909517556886,37352.05776624889,4516.54,1948.871865884304,2494.91,BG-0069_P,True,29,ALLWARA
2025-10-01,4555.82297894716,40009.96188786116,4451.77,1897.9188573348865,2457.02,BG-0069_P,True,30,ALLWARA
2025-11-01,4547.524215668331,42709.18809477718,4591.58,1848.2980087523117,2530.97,BG-0069_P,True,31,ALLWARA
2025-12-01,4526.57747953944,45435.791083333956,4586.46,1799.974490982663,2585.7,BG-0069_P,True,32,ALLWARA
2026-01-01,4483.99147177493,48166.86816963303,4536.98,1752.914385475851,2556.77,BG-0069_P,True,33,ALLWARA
2026-02-01,4441.253156120172,50901.03666527521,4574.57,1707.084660477989,2569.79,BG-0069_P,True,34,ALLWARA
2026-03-01,4312.535945729132,53551.119463158124,4424.66,1662.4531478462202,2569.62,BG-0069_P,True,35,ALLWARA
2023-04-01,2291.6995580810185,18.67858530726633,1657.6,2273.020972773752,524.07,BG-0243_P,True,0,ALLWARA
2023-05-01,2240.2165975103912,36.19021934660702,1662.15,2222.7049634710506,552.85,BG-0243_P,True,1,ALLWARA
2023-06-01,2187.890614388616,50.578075153067346,2654.13,2173.502758582156,865.3,BG-0243_P,True,2,ALLWARA
2023-07-01,3031.7671529166296,956.9555253414928,3150.01,2125.389702728204,939.15,BG-0243_P,True,3,ALLWARA
2023-08-01,3000.1137334467044,1878.7275724818733,3796.51,2078.341686306324,545.93,BG-0243_P,True,4,ALLWARA
2023-09-01,2990.730453125663,2837.1228921993015,3745.3,2032.335133408235,534.09,BG-0243_P,True,5,ALLWARA
2023-10-01,2840.6221778591243,3690.3980800521367,3526.56,1987.3469900062894,538.62,BG-0243_P,True,6,ALLWARA
2023-11-01,2864.003249676851,4611.046617327963,3635.07,1943.3547124010247,596.08,BG-0243_P,True,7,ALLWARA
2023-12-01,2829.276984264821,5539.987345668338,3739.22,1900.336255924446,609.96,BG-0243_P,True,8,ALLWARA
2024-01-01,2795.9797170603983,6477.696998835363,3625.64,1858.2700638933738,600.47,BG-0243_P,True,9,ALLWARA
2024-02-01,2757.084333954602,7417.646275982642,3636.97,1817.1350568073233,617.86,BG-0243_P,True,10,ALLWARA
2024-03-01,2715.846682125836,8356.58233632298,2955.72,1776.910621785499,677.77,BG-0243_P,True,11,ALLWARA
2024-04-01,2673.897416823302,9292.903150908664,3022.08,1737.5766022376172,766.14,BG-0243_P,True,12,ALLWARA
2024-05-01,2639.620890558317,10233.410753703605,3293.88,1699.113287763375,813.38,BG-0243_P,True,13,ALLWARA
2024-06-01,2709.0107790645434,11280.92012849264,3171.9,1661.5014042755079,782.76,BG-0243_P,True,14,ALLWARA
2024-07-01,0.0,11280.92012849264,0.0,0.0,0.0,BG-0243_P,True,15,ALLWARA
2024-08-01,0.0,11280.92012849264,0.0,0.0,0.0,BG-0243_P,True,16,ALLWARA
2024-09-01,0.0,11280.92012849264,0.0,0.0,0.0,BG-0243_P,True,17,ALLWARA
2024-10-01,1971.9166370656656,11733.639331076032,2892.44,1519.197434482273,1220.12,BG-0243_P,True,18,ALLWARA
2024-11-01,2334.024119745647,12582.09524948844,2395.92,1485.56820133324,754.5,BG-0243_P,True,19,ALLWARA
2024-12-01,2424.049212555592,13553.461070984613,2251.62,1452.6833910594191,753.46,BG-0243_P,True,20,ALLWARA
2025-01-01,2416.810335716875,14549.744881722028,2334.77,1420.5265249794595,802.22,BG-0243_P,True,21,ALLWARA
2025-02-01,2405.5736362929006,15566.237028827805,2384.42,1389.0814891871237,819.54,BG-0243_P,True,22,ALLWARA
2025-03-01,2379.3172515611877,16587.221753912432,2381.4,1358.3325264765601,829.69,BG-0243_P,True,23,ALLWARA
2025-04-01,2353.283083080136,17612.24060854625,2459.34,1328.264228446316,726.34,BG-0243_P,True,24,ALLWARA
2025-05-01,2324.743360017456,18638.122440785566,2599.38,1298.8615277781412,762.27,BG-0243_P,True,25,ALLWARA
2025-06-01,2297.4056739043453,19665.418424003205,2552.98,1270.1096906867062,722.54,BG-0243_P,True,26,ALLWARA
2025-07-01,2267.9480571508757,20691.372171617622,2481.72,1241.9943095364574,998.64,BG-0243_P,True,27,ALLWARA
2025-08-01,2331.357243132692,21808.22811912841,2169.74,1214.5012956219052,752.85,BG-0243_P,True,28,ALLWARA
2025-09-01,2365.4012798655936,22986.012526886276,2114.78,1187.6168721077288,724.69,BG-0243_P,True,29,ALLWARA
2025-10-01,2411.46126760479,24236.1462273659,1930.66,1161.3275671251631,810.32,BG-0243_P,True,30,ALLWARA
2025-11-01,2073.7518633169984,25174.2778836617,1722.06,1135.620207021201,613.35,BG-0243_P,True,31,ALLWARA
2025-12-01,1983.5746751648203,26047.370649069286,1699.08,1110.4819097572356,652.77,BG-0243_P,True,32,ALLWARA
2026-01-01,2067.92939297074,27029.399963586195,1685.17,1085.9000784538302,617.87,BG-0243_P,True,33,ALLWARA
2026-02-01,0.0,27029.399963586195,0.0,0.0,0.0,BG-0243_P,True,34,ALLWARA
2026-03-01,0.0,27029.399963586195,0.0,0.0,0.0,BG-0243_P,True,35,ALLWARA
2023-04-01,2069.89042600107,0.20729057755129232,1733.63,2069.6831354235187,288.88,BG-0242_P,True,0,ALLWARA
2023-05-01,2016.1515226739295,0.5548581598970005,1718.4,2015.803955091584,304.71,BG-0242_P,True,1,ALLWARA
2023-06-01,1963.7767701562598,1.0042397826622285,1711.64,1963.3273885334945,296.13,BG-0242_P,True,2,ALLWARA
2023-07-01,1912.7501489032368,1.5374665841541382,1702.24,1912.2169221017448,288.13,BG-0242_P,True,3,ALLWARA
2023-08-01,1863.0374958465675,2.1379697376465363,1484.91,1862.4369926930751,577.94,BG-0242_P,True,4,ALLWARA
2023-09-01,1814.5937136182085,2.7787203524953443,1350.08,1813.9529630033599,758.75,BG-0242_P,True,5,ALLWARA
2023-10-01,1767.3971973848745,3.4448203106969126,1336.6,1766.731097426673,837.12,BG-0242_P,True,6,ALLWARA
2023-11-01,1721.4060172360132,4.112298964949593,1380.47,1720.7385385817606,797.34,BG-0242_P,True,7,ALLWARA
2023-12-01,1676.6409126038104,4.809927119166097,1548.45,1675.9432844495939,746.23,BG-0242_P,True,8,ALLWARA
2024-01-01,1633.0574194696567,5.5531804827367655,1437.19,1632.314166106086,676.41,BG-0242_P,True,9,ALLWARA
2024-02-01,1590.5973691361396,6.329723584387888,1455.24,1589.8208260344886,695.99,BG-0242_P,True,10,ALLWARA
2024-03-01,1549.235492375355,7.131518957375303,1607.25,1548.4336970023676,811.15,BG-0242_P,True,11,ALLWARA
2024-04-01,1508.9300872570748,7.9376247259810295,1630.15,1508.123981488469,827.41,BG-0242_P,True,12,ALLWARA
2024-05-01,1469.6890115224537,8.763004603278596,1269.04,1468.8636316451561,551.6,BG-0242_P,True,13,ALLWARA
2024-06-01,1431.490238141387,9.627912962192951,1428.43,1430.6253297824726,723.36,BG-0242_P,True,14,ALLWARA
2024-07-01,1394.252570606086,10.498014208018478,1826.46,1393.3824693602605,971.98,BG-0242_P,True,15,ALLWARA
2024-08-01,1357.9847158326584,11.37359356557572,1805.09,1357.1091364751012,963.12,BG-0242_P,True,16,ALLWARA
2024-09-01,1322.6272609091939,12.220762645575242,1785.73,1321.7800918291941,1026.29,BG-0242_P,True,17,ALLWARA
2024-10-01,1288.254634395514,13.104643872449639,1824.76,1287.3707531686396,1063.48,BG-0242_P,True,18,ALLWARA
2024-11-01,1254.8001391131527,14.047604806710174,1872.78,1253.8571781788921,1101.03,BG-0242_P,True,19,ALLWARA
2024-12-01,1222.1933071000467,15.02486408126428,2038.57,1221.2160478254928,1230.23,BG-0242_P,True,20,ALLWARA
2025-01-01,0.0,15.02486408126428,0.0,0.0,0.0,BG-0242_P,True,21,ALLWARA
2025-02-01,0.0,15.02486408126428,0.0,0.0,0.0,BG-0242_P,True,22,ALLWARA
2025-03-01,0.0,15.02486408126428,0.0,0.0,0.0,BG-0242_P,True,23,ALLWARA
2025-04-01,0.0,15.02486408126428,0.0,0.0,0.0,BG-0242_P,True,24,ALLWARA
2025-05-01,1071.4322873913454,16.13463180488103,1263.56,1070.3225196677286,1158.51,BG-0242_P,True,25,ALLWARA
2025-06-01,1043.5850957308778,17.26045855771021,1194.59,1042.4592689780486,1164.03,BG-0242_P,True,26,ALLWARA
2025-07-01,0.0,17.26045855771021,0.0,0.0,0.0,BG-0242_P,True,27,ALLWARA
2025-08-01,0.0,17.26045855771021,0.0,0.0,0.0,BG-0242_P,True,28,ALLWARA
2025-09-01,0.0,17.26045855771021,0.0,0.0,0.0,BG-0242_P,True,29,ALLWARA
2025-10-01,0.0,17.26045855771021,0.0,0.0,0.0,BG-0242_P,True,30,ALLWARA
2025-11-01,0.0,17.26045855771021,0.0,0.0,0.0,BG-0242_P,True,31,ALLWARA
2025-12-01,0.0,17.26045855771021,0.0,0.0,0.0,BG-0242_P,True,32,ALLWARA
2026-01-01,867.8696192958912,18.42743708186175,1315.99,866.7026407717397,1286.97,BG-0242_P,True,33,ALLWARA
2026-02-01,845.2757019394923,19.562999280357168,1348.67,844.1401397409968,1316.93,BG-0242_P,True,34,ALLWARA
2026-03-01,823.1816007707928,20.579601352805017,1380.35,822.1649986983449,1347.67,BG-0242_P,True,35,ALLWARA
2023-04-01,1050.3222623181573,69.22401237988535,1057.48,981.098249938272,605.17,BG-0083_P,True,0,ALLWARA
2023-05-01,1094.2558044295865,201.80861383639825,1081.24,961.6712029730737,640.12,BG-0083_P,True,1,ALLWARA
2023-06-01,1130.952336398336,390.13211292321614,1063.74,942.628837311518,622.08,BG-0083_P,True,2,ALLWARA
2023-07-01,1162.3185185700318,628.4870957398084,1046.57,923.9635357534394,605.31,BG-0083_P,True,3,ALLWARA
2023-08-01,1191.658181070654,914.4774448811226,1058.18,905.66783192934,613.06,BG-0083_P,True,4,ALLWARA
2023-09-01,1215.991047415899,1242.734084983277,1112.61,887.7344073137446,621.9,BG-0083_P,True,5,ALLWARA
2023-10-01,1227.8096578257607,1600.3876545113465,1131.34,870.1560882976912,635.43,BG-0083_P,True,6,ALLWARA
2023-11-01,1264.4468190595032,2011.908630251657,1156.6,852.9258433191927,633.71,BG-0083_P,True,7,ALLWARA
2023-12-01,1294.6985596046788,2470.570409805818,1194.25,836.036780050518,632.06,BG-0083_P,True,8,ALLWARA
2024-01-01,1303.46947329554,2954.557740460189,1165.72,819.4821426411694,622.23,BG-0083_P,True,9,ALLWARA
2024-02-01,1310.4626143804207,3461.7650458251583,1182.56,803.2553090154515,640.2,BG-0083_P,True,10,ALLWARA
2024-03-01,1315.8655057663732,3990.280763367978,1283.65,787.3497882235533,764.43,BG-0083_P,True,11,ALLWARA
2024-04-01,1318.4627800326805,4536.984325555577,1305.95,771.7592178450817,754.54,BG-0083_P,True,12,ALLWARA
2024-05-01,1321.4264051799955,5101.933369291564,1389.45,756.4773614440082,777.31,BG-0083_P,True,13,ALLWARA
2024-06-01,1327.7525413565081,5688.1878045740605,1354.31,741.4981060740117,791.73,BG-0083_P,True,14,ALLWARA
2024-07-01,1328.6450036754036,6290.017348416246,1340.03,726.815459833218,790.79,BG-0083_P,True,15,ALLWARA
2024-08-01,1328.7026779072235,6906.2964768561105,1325.69,712.4235494673595,766.1,BG-0083_P,True,16,ALLWARA
2024-09-01,1328.467815646101,7536.447674481817,1369.38,698.3166180203954,790.76,BG-0083_P,True,17,ALLWARA
2024-10-01,1336.2494495039418,8188.208101454107,1409.15,684.4890225316517,896.4,BG-0083_P,True,18,ALLWARA
2024-11-01,1355.889746209381,8873.162615884925,1448.13,670.9352317785629,884.18,BG-0083_P,True,19,ALLWARA
2024-12-01,1372.7510902122408,9588.263882033058,1526.16,657.6498240641076,875.91,BG-0083_P,True,20,ALLWARA
2025-01-01,1387.5629721780513,10331.199369163049,1559.0,644.6274850480593,894.96,BG-0083_P,True,21,ALLWARA
2025-02-01,1400.6833964694322,11100.019760011302,1534.64,631.863005621178,867.72,BG-0083_P,True,22,ALLWARA
2025-03-01,1413.9227073508173,11894.591187540622,1510.49,619.3512798214975,879.57,BG-0083_P,True,23,ALLWARA
2025-04-01,1425.1430767941692,12712.646961542918,1465.17,607.0873027918728,895.38,BG-0083_P,True,24,ALLWARA
2025-05-01,1427.048727138496,13544.629519903443,1523.77,595.0661687779701,943.34,BG-0083_P,True,25,ALLWARA
2025-06-01,1436.326139345008,14397.672590082551,1428.47,583.2830691659001,1023.32,BG-0083_P,True,26,ALLWARA
2025-07-01,1440.7593083850475,15266.698607908891,1433.92,571.7332905587077,1041.31,BG-0083_P,True,27,ALLWARA
2025-08-01,1434.3327940140214,16140.61918903196,1390.97,560.412212890951,802.69,BG-0083_P,True,28,ALLWARA
2025-09-01,1428.5897081841204,17019.893589635467,1381.39,549.315307580613,808.24,BG-0083_P,True,29,ALLWARA
2025-10-01,1429.486270335853,17910.94172425371,1361.49,538.4381357176092,795.96,BG-0083_P,True,30,ALLWARA
2025-11-01,1427.1025676676222,18810.267945633168,1404.12,527.776346288163,819.92,BG-0083_P,True,31,ALLWARA
2025-12-01,1423.7860445195156,19716.72831571834,1403.15,517.325674434344,849.17,BG-0083_P,True,32,ALLWARA
2026-01-01,1419.3072525505745,20628.95362852085,1399.0,507.0819397480665,872.28,BG-0083_P,True,33,ALLWARA
2026-02-01,1413.9881091053658,21545.900693027343,1539.47,497.04104459887094,909.61,BG-0083_P,True,34,ALLWARA
2026-03-01,0.0,21545.900693027343,0.0,0.0,0.0,BG-0083_P,True,35,ALLWARA
2023-04-01,567.7935362878591,567.7935362878591,582.19,0.0,238.41,BG-1420_P,True,0,ALLWARA
2023-05-01,0.0,567.7935362878591,0.0,0.0,0.0,BG-1420_P,True,1,ALLWARA
2023-06-01,0.0,567.7935362878591,0.0,0.0,0.0,BG-1420_P,True,2,ALLWARA
2023-07-01,1492.8033446568127,2060.596880944672,2137.09,0.0,964.3,BG-1420_P,True,3,ALLWARA
2023-08-01,1613.310277082232,3673.907158026904,2157.83,0.0,980.57,BG-1420_P,True,4,ALLWARA
2023-09-01,1682.375683694988,5356.2828417218925,2098.74,0.0,1115.15,BG-1420_P,True,5,ALLWARA
2023-10-01,1651.5515930007411,7007.834434722634,2109.37,0.0,1152.44,BG-1420_P,True,6,ALLWARA
2023-11-01,1630.7612464992194,8638.595681221854,2150.03,0.0,1166.25,BG-1420_P,True,7,ALLWARA
2023-12-01,1618.0816210084865,10256.67730223034,2126.57,0.0,1298.13,BG-1420_P,True,8,ALLWARA
2024-01-01,1682.1971249048122,11938.874427135153,1758.38,0.0,882.74,BG-1420_P,True,9,ALLWARA
2024-02-01,1732.254209376257,13671.12863651141,1782.05,0.0,908.23,BG-1420_P,True,10,ALLWARA
2024-03-01,1755.3504521820453,15426.479088693455,1974.74,0.0,1058.5,BG-1420_P,True,11,ALLWARA
2024-04-01,1620.1033287774671,17046.582417470923,1973.3,0.0,1137.58,BG-1420_P,True,12,ALLWARA
2024-05-01,1167.4720402772039,18214.054457748127,2070.85,0.0,1105.2,BG-1420_P,True,13,ALLWARA
2024-06-01,917.9466175257068,19132.001075273834,1987.83,0.0,1061.84,BG-1420_P,True,14,ALLWARA
2024-07-01,893.0763985007586,20025.077473774592,1968.42,0.0,1059.26,BG-1420_P,True,15,ALLWARA
2024-08-01,1328.9931796538679,21354.07065342846,1935.85,0.0,1079.17,BG-1420_P,True,16,ALLWARA
2024-09-01,1612.6900132753747,22966.760666703838,2056.67,0.0,1183.83,BG-1420_P,True,17,ALLWARA
2024-10-01,1801.814982374308,24768.575649078146,2219.99,0.0,1276.99,BG-1420_P,True,18,ALLWARA
2024-11-01,1937.1528947197373,26705.728543797883,2168.84,0.0,1264.53,BG-1420_P,True,19,ALLWARA
2024-12-01,2018.2957479653926,28724.024291763275,2088.16,0.0,1262.78,BG-1420_P,True,20,ALLWARA
2025-01-01,2071.6241675681044,30795.64845933138,1978.33,0.0,1218.16,BG-1420_P,True,21,ALLWARA
2025-02-01,2118.1932252430315,32913.841684574414,1930.64,0.0,1187.93,BG-1420_P,True,22,ALLWARA
2025-03-01,0.0,32913.841684574414,0.0,0.0,0.0,BG-1420_P,True,23,ALLWARA
2025-04-01,2166.1667247226324,35080.00840929704,1780.88,0.0,1072.98,BG-1420_P,True,24,ALLWARA
2025-05-01,2094.8078875425363,37174.81629683958,1769.52,0.0,1221.89,BG-1420_P,True,25,ALLWARA
2025-06-01,1964.3425195908055,39139.15881643038,1707.17,0.0,1148.46,BG-1420_P,True,26,ALLWARA
2025-07-01,2053.1521464857783,41192.31096291616,1866.92,0.0,1116.45,BG-1420_P,True,27,ALLWARA
2025-08-01,2094.9646097400805,43287.27557265625,2163.6,0.0,1266.47,BG-1420_P,True,28,ALLWARA
2025-09-01,2043.03042977858,45330.30600243482,2143.88,0.0,1301.57,BG-1420_P,True,29,ALLWARA
2025-10-01,2052.9451686426396,47383.25117107746,2092.73,0.0,1379.19,BG-1420_P,True,30,ALLWARA
2025-11-01,2119.0381113157027,49502.28928239317,2156.94,0.0,1420.13,BG-1420_P,True,31,ALLWARA
2025-12-01,0.0,49502.28928239317,0.0,0.0,0.0,BG-1420_P,True,32,ALLWARA
2026-01-01,2202.174398580516,51704.463680973684,1872.07,0.0,1550.62,BG-1420_P,True,33,ALLWARA
2026-02-01,2228.062852586839,53932.52653356052,1936.31,0.0,1603.67,BG-1420_P,True,34,ALLWARA
2026-03-01,0.0,53932.52653356052,0.0,0.0,0.0,BG-1420_P,True,35,ALLWARA
2023-04-01,0.0,0.0,0.0,0.0,0.0,BG-2048_P,True,0,ALLWARA
2023-05-01,0.0,0.0,0.0,0.0,0.0,BG-2048_P,True,1,ALLWARA
2023-06-01,0.0,0.0,0.0,0.0,0.0,BG-2048_P,True,2,ALLWARA
2023-07-01,0.0,0.0,0.0,0.0,0.0,BG-2048_P,True,3,ALLWARA
2023-08-01,0.0,0.0,0.0,0.0,0.0,BG-2048_P,True,4,ALLWARA
2023-09-01,0.0,0.0,0.0,0.0,0.0,BG-2048_P,True,5,ALLWARA
2023-10-01,0.0,0.0,0.0,0.0,0.0,BG-2048_P,True,6,ALLWARA
2023-11-01,1029.5632839888317,1029.5632839888317,2427.39,0.0,439.45,BG-2048_P,True,7,ALLWARA
2023-12-01,1064.8805575167287,2094.44384150556,2431.55,0.0,781.4,BG-2048_P,True,8,ALLWARA
2024-01-01,0.0,2094.44384150556,0.0,0.0,0.0,BG-2048_P,True,9,ALLWARA
2024-02-01,1764.7224216704187,3859.166263175979,2389.84,0.0,777.61,BG-2048_P,True,10,ALLWARA
2024-03-01,0.0,3859.166263175979,0.0,0.0,0.0,BG-2048_P,True,11,ALLWARA
2024-04-01,1768.6607774609595,5627.827040636938,2579.26,0.0,999.3,BG-2048_P,True,12,ALLWARA
2024-05-01,1841.641640754252,7469.46868139119,2484.64,0.0,2107.15,BG-2048_P,True,13,ALLWARA
2024-06-01,2004.8332913715667,9474.301972762758,2364.87,0.0,2064.77,BG-2048_P,True,14,ALLWARA
2024-07-01,1790.672918673039,11264.974891435797,2343.47,0.0,2027.44,BG-2048_P,True,15,ALLWARA
2024-08-01,1647.423181609262,12912.398073045058,2200.66,0.0,1997.33,BG-2048_P,True,16,ALLWARA
2024-09-01,1667.1859873421952,14579.584060387253,2268.05,0.0,2061.08,BG-2048_P,True,17,ALLWARA
2024-10-01,1621.076471268203,16200.660531655456,2372.04,0.0,2155.5,BG-2048_P,True,18,ALLWARA
2024-11-01,1704.2584323365816,17904.918963992037,2342.44,0.0,2134.75,BG-2048_P,True,19,ALLWARA
2024-12-01,1710.414603253522,19615.333567245558,2339.16,0.0,2104.64,BG-2048_P,True,20,ALLWARA
2025-01-01,1719.5528300558558,21334.886397301412,2407.15,0.0,2127.98,BG-2048_P,True,21,ALLWARA
2025-02-01,0.0,21334.886397301412,0.0,0.0,0.0,BG-2048_P,True,22,ALLWARA
2025-03-01,0.0,21334.886397301412,0.0,0.0,0.0,BG-2048_P,True,23,ALLWARA
2025-04-01,1761.0528889960985,23095.93928629751,2169.88,0.0,1892.48,BG-2048_P,True,24,ALLWARA
2025-05-01,1760.2019805143339,24856.141266811846,757.67,0.0,294.47,BG-2048_P,True,25,ALLWARA
2025-06-01,1774.140834659934,26630.28210147178,890.93,0.0,320.36,BG-2048_P,True,26,ALLWARA
2025-07-01,1744.6100181366492,28374.89211960843,885.79,0.0,329.21,BG-2048_P,True,27,ALLWARA
2025-08-01,1605.3867680418473,29980.27888765028,499.6,0.0,0.0,BG-2048_P,True,28,ALLWARA
2025-09-01,1608.8911294421575,31589.170017092434,692.74,0.0,11.42,BG-2048_P,True,29,ALLWARA
2025-10-01,1635.2880756284696,33224.4580927209,683.51,0.0,11.25,BG-2048_P,True,30,ALLWARA
2025-11-01,1627.4462555460207,34851.90434826692,706.04,0.0,11.59,BG-2048_P,True,31,ALLWARA
2025-12-01,1637.8121747029272,36489.71652296985,798.15,0.0,14.41,BG-2048_P,True,32,ALLWARA
2026-01-01,1626.2474445471719,38115.963967517026,827.11,0.0,15.27,BG-2048_P,True,33,ALLWARA
2026-02-01,1639.718355367791,39755.682322884815,904.57,0.0,15.64,BG-2048_P,True,34,ALLWARA
2026-03-01,980.3427562480023,40736.025079132814,931.2,0.0,16.0,BG-2048_P,True,35,ALLWARA
2023-04-01,0.0,0.0,0.0,0.0,0.0,BG-1441_P,True,0,ALLWARA
2023-05-01,0.0,0.0,0.0,0.0,0.0,BG-1441_P,True,1,ALLWARA
2023-06-01,0.0,0.0,0.0,0.0,0.0,BG-1441_P,True,2,ALLWARA
2023-07-01,0.0,0.0,0.0,0.0,0.0,BG-1441_P,True,3,ALLWARA
2023-08-01,2490.7228629671467,2490.7228629671467,2536.66,0.0,464.33,BG-1441_P,True,4,ALLWARA
2023-09-01,0.0,2490.7228629671467,0.0,0.0,0.0,BG-1441_P,True,5,ALLWARA
2023-10-01,0.0,2490.7228629671467,0.0,0.0,0.0,BG-1441_P,True,6,ALLWARA
2023-11-01,0.0,2490.7228629671467,0.0,0.0,0.0,BG-1441_P,True,7,ALLWARA
2023-12-01,0.0,2490.7228629671467,0.0,0.0,0.0,BG-1441_P,True,8,ALLWARA
2024-01-01,0.0,2490.7228629671467,0.0,0.0,0.0,BG-1441_P,True,9,ALLWARA
2024-02-01,0.0,2490.7228629671467,0.0,0.0,0.0,BG-1441_P,True,10,ALLWARA
2024-03-01,0.0,2490.7228629671467,0.0,0.0,0.0,BG-1441_P,True,11,ALLWARA
2024-04-01,3418.0206870463835,5908.743550013531,2740.86,0.0,575.52,BG-1441_P,True,12,ALLWARA
2024-05-01,3455.690485030455,9364.434035043985,4603.53,0.0,2238.43,BG-1441_P,True,13,ALLWARA
2024-06-01,3565.1752194171563,12929.609254461142,4424.13,0.0,2137.0,BG-1441_P,True,14,ALLWARA
2024-07-01,3582.6461240530034,16512.255378514146,4382.92,0.0,2133.47,BG-1441_P,True,15,ALLWARA
2024-08-01,3579.5583118721706,20091.813690386316,4316.67,0.0,2162.16,BG-1441_P,True,16,ALLWARA
2024-09-01,3580.001359480198,23671.815049866513,3570.69,0.0,1781.11,BG-1441_P,True,17,ALLWARA
2024-10-01,3578.309565534524,27250.124615401037,3565.38,0.0,1778.4,BG-1441_P,True,18,ALLWARA
2024-11-01,3594.217351994758,30844.341967395794,3474.35,0.0,1760.88,BG-1441_P,True,19,ALLWARA
2024-12-01,3608.214944364711,34452.556911760505,3316.53,0.0,1793.37,BG-1441_P,True,20,ALLWARA
2025-01-01,0.0,34452.556911760505,0.0,0.0,0.0,BG-1441_P,True,21,ALLWARA
2025-02-01,0.0,34452.556911760505,0.0,0.0,0.0,BG-1441_P,True,22,ALLWARA
2025-03-01,3659.211996613768,38111.76890837427,3525.52,0.0,1966.83,BG-1441_P,True,23,ALLWARA
2025-04-01,3678.967146265829,41790.7360546401,4159.24,0.0,2718.25,BG-1441_P,True,24,ALLWARA
2025-05-01,3694.4975811582276,45485.23363579833,4421.69,0.0,3289.31,BG-1441_P,True,25,ALLWARA
2025-06-01,3709.83281294134,49195.06644873967,4228.61,0.0,3166.99,BG-1441_P,True,26,ALLWARA
2025-07-01,3719.0501588315283,52914.1166075712,3970.05,0.0,2869.62,BG-1441_P,True,27,ALLWARA
2025-08-01,3561.94115701974,56476.05776459094,3132.67,0.0,1847.09,BG-1441_P,True,28,ALLWARA
2025-09-01,3434.8982182579816,59910.95598284892,3113.25,0.0,1855.62,BG-1441_P,True,29,ALLWARA
2025-10-01,3336.3625801337316,63247.318562982655,3068.34,0.0,1827.44,BG-1441_P,True,30,ALLWARA
2025-11-01,3247.6281056820603,66494.94666866472,3164.27,0.0,1882.41,BG-1441_P,True,31,ALLWARA
2025-12-01,3169.827582501728,69664.77425116645,3740.0,0.0,2532.77,BG-1441_P,True,32,ALLWARA
2026-01-01,3101.6613755303542,72766.43562669681,3709.81,0.0,2515.57,BG-1441_P,True,33,ALLWARA
2026-02-01,3034.7152960369276,75801.15092273374,3617.79,0.0,2468.81,BG-1441_P,True,34,ALLWARA
2026-03-01,2855.6541305347446,78656.80505326849,3497.62,0.0,2467.36,BG-1441_P,True,35,ALLWARA
2023-04-01,1862.6371324444876,0.5686230830839994,1593.76,1862.0685093614036,0.34,BG-2036_P,True,0,ALLWARA
2023-05-01,1799.3016289112845,1.6067633698960413,1558.7,1798.2634886244725,3.46,BG-2036_P,True,1,ALLWARA
2023-06-01,1738.095016225408,3.0569900709523274,1538.09,1736.6447895243518,7.17,BG-2036_P,True,2,ALLWARA
2023-07-01,1804.7116271119628,130.6311208925191,1560.38,1677.1374962903958,2.21,BG-2036_P,True,3,ALLWARA
2023-08-01,1825.1543867600224,336.1162474616821,1574.01,1619.6692601908592,2.23,BG-2036_P,True,4,ALLWARA
2023-09-01,1836.7034588916645,608.6494947817507,1148.98,1564.170211571596,1.67,BG-2036_P,True,5,ALLWARA
2023-10-01,1842.9295768639038,941.0061967368449,1026.32,1510.5728749088096,3.68,BG-2036_P,True,6,ALLWARA
2023-11-01,1844.210330256961,1326.4044402212267,1087.52,1458.8120867725793,0.0,BG-2036_P,True,7,ALLWARA
2023-12-01,1840.7369939068594,1758.3165175266686,1119.87,1408.8249166014175,0.0,BG-2036_P,True,8,ALLWARA
2024-01-01,1835.7919808733254,2233.55790820845,1644.07,1360.550590191544,429.49,BG-2036_P,True,9,ALLWARA
2024-02-01,1826.7729854178563,2746.4004778184567,1975.48,1313.9304158078494,689.6,BG-2036_P,True,10,ALLWARA
2024-03-01,1814.9638193051896,3292.4565842969323,2151.67,1268.9077128267138,803.57,BG-2036_P,True,11,ALLWARA
2024-04-01,1800.1148144051303,3867.1436558781315,2150.09,1225.427742823931,826.04,BG-2036_P,True,12,ALLWARA
2024-05-01,1784.2581972079952,4467.964210062179,2317.11,1183.4376430239477,867.39,BG-2036_P,True,13,ALLWARA
2024-06-01,1779.591326959349,5104.669174992017,2227.09,1142.88636202951,835.73,BG-2036_P,True,14,ALLWARA
2024-07-01,1759.975854813605,5760.920432052045,2001.92,1103.7245977535772,1479.36,BG-2036_P,True,15,ALLWARA
2024-08-01,1739.544847908547,6434.560542482553,2013.96,1065.9047374780391,1297.24,BG-2036_P,True,16,ALLWARA
2024-09-01,1720.4930342721484,7125.67277678834,2209.77,1029.3807999663609,1019.94,BG-2036_P,True,17,ALLWARA
2024-10-01,1700.4666965077595,7832.031093736321,1864.53,994.1083795597792,865.7,BG-2036_P,True,18,ALLWARA
2024-11-01,1680.353987165084,8552.340488712329,1829.52,960.0445921890763,807.59,BG-2036_P,True,19,ALLWARA
2024-12-01,1660.227839438648,9285.420304914678,1739.11,927.1480232362991,806.42,BG-2036_P,True,20,ALLWARA
2025-01-01,1639.4875951854888,10029.529222917137,1776.61,895.3786771830302,824.05,BG-2036_P,True,21,ALLWARA
2025-02-01,1621.1074332017215,10785.938727134864,1788.88,864.6979289839956,817.52,BG-2036_P,True,22,ALLWARA
2025-03-01,1602.7782600370635,11553.648510065043,1790.68,835.0684771068859,827.58,BG-2036_P,True,23,ALLWARA
2025-04-01,1584.513142816397,12331.707354700138,2347.65,806.4542981813021,1097.47,BG-2036_P,True,24,ALLWARA
2025-05-01,1565.9828433910463,13118.8695948895,2525.19,778.8206032016839,1174.78,BG-2036_P,True,25,ALLWARA
2025-06-01,1547.6176570120174,13914.353456670542,2459.05,752.1337952309747,1113.55,BG-2036_P,True,26,ALLWARA
2025-07-01,1529.3358085350462,14717.327836651992,2445.13,726.3614285535975,1164.32,BG-2036_P,True,27,ALLWARA
2025-08-01,1581.2033664744342,15597.059033898342,2192.96,701.4721692280837,1247.07,BG-2036_P,True,28,ALLWARA
2025-09-01,1629.604820313722,16549.228097220675,2178.2,677.4357569913891,1252.94,BG-2036_P,True,29,ALLWARA
2025-10-01,1675.6831027978292,17570.688231549917,2146.87,654.2229684685879,1233.91,BG-2036_P,True,30,ALLWARA
2025-11-01,1714.2867347312526,18653.169384637964,2214.15,631.8055816432069,1271.05,BG-2036_P,True,31,ALLWARA
2025-12-01,1747.2940275297262,19790.30707062268,1486.06,610.1563415450117,939.45,BG-2036_P,True,32,ALLWARA
2026-01-01,1773.2299857478968,20974.288129257056,1320.96,589.2489271135196,856.69,BG-2036_P,True,33,ALLWARA
2026-02-01,1795.2742057542998,22200.504415814397,1689.82,569.0579191969599,1029.39,BG-2036_P,True,34,ALLWARA
2026-03-01,1772.6875567549898,23423.633202921617,1785.35,549.558769647769,1127.87,BG-2036_P,True,35,ALLWARA
2023-04-01,2486.4889638849486,58.48832376760855,2079.84,2428.00064011734,1062.81,BG-1417_P,True,0,ALLWARA
2023-05-01,2506.477811203567,185.04312874020593,2115.92,2379.9230062309693,1120.82,BG-1417_P,True,1,ALLWARA
2023-06-01,2528.7355520204205,380.9813074808053,2046.93,2332.797373279821,1066.78,BG-1417_P,True,2,ALLWARA
2023-07-01,2540.4620466698425,634.8384637682838,1969.57,2286.604890382364,1132.84,BG-1417_P,True,3,ALLWARA
2023-08-01,2548.9216523882583,942.4330362270105,1888.98,2241.3270799295315,1396.82,BG-1417_P,True,4,ALLWARA
2023-09-01,2551.6174833980094,1297.1046894315887,1912.81,2196.945830193431,1311.91,BG-1417_P,True,5,ALLWARA
2023-10-01,2542.3938330679957,1686.0551344171747,2382.5,2153.4433880824095,1342.76,BG-1417_P,True,6,ALLWARA
2023-11-01,2529.7686920572382,2105.0214744348314,2624.75,2110.802352039582,1456.5,BG-1417_P,True,7,ALLWARA
2023-12-01,2514.8404383717443,2550.856247724599,2449.22,2069.0056650819765,1225.0,BG-1417_P,True,8,ALLWARA
2024-01-01,2507.585968784244,3030.4056085313287,2355.6,2028.0366079775142,816.92,BG-1417_P,True,9,ALLWARA
2024-02-01,2499.1426320212113,3541.669447995448,2379.37,1987.8787925570919,782.7,BG-1417_P,True,10,ALLWARA
2024-03-01,2487.7278697799215,4080.8811626162737,2585.98,1948.516155159096,912.06,BG-1417_P,True,11,ALLWARA
2024-04-01,2448.2907023219486,4619.238914734497,2582.04,1909.9329502037256,937.72,BG-1417_P,True,12,ALLWARA
2024-05-01,2348.3286255784246,5095.453796418372,2792.03,1872.113743894549,1272.54,BG-1417_P,True,13,ALLWARA
2024-06-01,2256.289033206603,5516.699421580195,2560.43,1835.0434080447797,1612.12,BG-1417_P,True,14,ALLWARA
2024-07-01,2196.7553626837152,5914.74767023811,2291.47,1798.7071140258,1453.0,BG-1417_P,True,15,ALLWARA
2024-08-01,2213.6038856123146,6365.261229014913,2252.16,1763.0903268355116,1478.2,BG-1417_P,True,16,ALLWARA
2024-09-01,2228.4651751251713,6865.547604855942,2314.05,1728.1787992841419,1569.36,BG-1417_P,True,17,ALLWARA
2024-10-01,2238.701311788564,7410.290350349329,2462.21,1693.9585662951774,1598.07,BG-1417_P,True,18,ALLWARA
2024-11-01,2245.017992907207,7994.89240393739,2419.75,1660.4159393191462,1561.92,BG-1417_P,True,19,ALLWARA
2024-12-01,2247.395752874278,8614.75065595365,2442.69,1627.537500858017,1613.92,BG-1417_P,True,20,ALLWARA
2025-01-01,2246.869632039564,9266.310188895193,2585.33,1595.3100990980201,1697.72,BG-1417_P,True,21,ALLWARA
2025-02-01,2244.745288705632,9947.334634952078,2589.34,1563.720842648748,1684.23,BG-1417_P,True,22,ALLWARA
2025-03-01,2239.990956084209,10654.568495649863,2604.18,1532.7570953864242,1706.15,BG-1417_P,True,23,ALLWARA
2025-04-01,2233.119211920302,11385.281236170875,2502.66,1502.4064713992889,1616.54,BG-1417_P,True,24,ALLWARA
2025-05-01,2224.5082831191207,12137.132689256929,2614.95,1472.6568300330664,1712.07,BG-1417_P,True,25,ALLWARA
2025-06-01,2214.3531375637763,12907.989555786162,2522.95,1443.4962710345435,1623.16,BG-1417_P,True,26,ALLWARA
2025-07-01,2201.4831349773485,13694.559560972202,2508.34,1414.9131297913082,1647.46,BG-1417_P,True,27,ALLWARA
2025-08-01,2191.6728518497325,14499.336440156185,2349.56,1386.8959726657492,1553.6,BG-1417_P,True,28,ALLWARA
2025-09-01,2167.4072570927738,15307.31010482751,2338.45,1359.433592421449,1573.39,BG-1417_P,True,29,ALLWARA
2025-10-01,2149.344309768288,16124.139410855656,2262.43,1332.5150037401406,1751.0,BG-1417_P,True,30,ALLWARA
2025-11-01,2140.9227081761155,16958.93268020434,2296.54,1306.129438827432,1793.58,BG-1417_P,True,31,ALLWARA
2025-12-01,2133.509216949845,17812.175554048637,2181.83,1280.2663431055455,1626.12,BG-1417_P,True,32,ALLWARA
2026-01-01,2123.287146509909,18680.547329567198,2157.66,1254.9153709913471,1607.72,BG-1417_P,True,33,ALLWARA
2026-02-01,2113.1409253390334,19563.62187314826,2345.07,1230.0663817579732,1798.92,BG-1417_P,True,34,ALLWARA
2026-03-01,1987.765867860065,20345.678305529917,2471.82,1205.709435478406,1899.68,BG-1417_P,True,35,ALLWARA
2023-04-01,1206.7929814134511,0.06012910370254369,928.58,1206.7328523097485,380.26,BG-1443_P,True,0,ALLWARA
2023-05-01,1167.322440572607,0.16135548468000144,937.69,1167.2212141916295,401.12,BG-1443_P,True,1,ALLWARA
2023-06-01,1129.13298767997,0.2910511342161105,926.96,1129.003292030434,389.77,BG-1443_P,True,2,ALLWARA
2023-07-01,1092.180460472842,0.4347854768461653,883.97,1092.036726130212,456.05,BG-1443_P,True,3,ALLWARA
2023-08-01,1056.4565065483148,0.6107482612155827,862.6,1056.2805437639454,537.78,BG-1443_P,True,4,ALLWARA
2023-09-01,1021.8973890329131,0.8130235336239772,853.1,1021.6951137605047,488.89,BG-1443_P,True,5,ALLWARA
2023-10-01,988.4612242899914,1.0321452450697808,846.31,988.2421025785455,416.32,BG-1443_P,True,6,ALLWARA
2023-11-01,956.1083232136142,1.2560366400208252,865.77,955.8844318186632,418.28,BG-1443_P,True,7,ALLWARA
2023-12-01,924.8214090234487,1.4912085367565393,901.47,924.5862371267131,475.31,BG-1443_P,True,8,ALLWARA
2024-01-01,894.5607062430539,1.7390863370657919,889.54,894.3128284427446,502.16,BG-1443_P,True,9,ALLWARA
2024-02-01,865.288538406915,1.996973192489857,903.14,865.0306515514909,516.61,BG-1443_P,True,10,ALLWARA
2024-03-01,836.9704051306711,2.260127431363361,1007.48,836.7072508917977,602.15,BG-1443_P,True,11,ALLWARA
2024-04-01,809.5741774975521,2.5230713451449023,1016.82,809.3112335837706,618.82,BG-1443_P,True,12,ALLWARA
2024-05-01,783.0598902544365,2.770726965814086,1773.47,782.8122346337673,1126.49,BG-1443_P,True,13,ALLWARA
2024-06-01,757.419624720735,3.0094684078755845,2290.77,757.1808832786735,1463.36,BG-1443_P,True,14,ALLWARA
2024-07-01,732.6230256589103,3.2437236346309892,2256.89,732.3887704321548,1487.92,BG-1443_P,True,15,ALLWARA
2024-08-01,708.6517694697916,3.487075907617943,1255.09,708.4084171968046,718.9,BG-1443_P,True,16,ALLWARA
2024-09-01,685.4647356753761,3.7385671757048273,1098.37,685.2132444072892,585.9,BG-1443_P,True,17,ALLWARA
2024-10-01,663.0351708752922,3.9961948802677165,1148.92,662.7775431707294,612.74,BG-1443_P,True,18,ALLWARA
2024-11-01,641.3395801088802,4.259328617477069,1121.09,641.0764463716708,606.84,BG-1443_P,True,19,ALLWARA
2024-12-01,620.3532508901046,4.526678397527289,1075.9,620.0859011100545,604.01,BG-1443_P,True,20,ALLWARA
2025-01-01,0.0,4.526678397527289,0.0,0.0,0.0,BG-1443_P,True,21,ALLWARA
2025-02-01,0.0,4.526678397527289,0.0,0.0,0.0,BG-1443_P,True,22,ALLWARA
2025-03-01,0.0,4.526678397527289,0.0,0.0,0.0,BG-1443_P,True,23,ALLWARA
2025-04-01,543.0550199825359,4.806492126906087,449.39,542.7752062531571,235.1,BG-1443_P,True,24,ALLWARA
2025-05-01,525.2841433994387,5.0873308899486345,465.98,525.0033046363961,247.69,BG-1443_P,True,25,ALLWARA
2025-06-01,508.09410427228397,5.368132889578599,452.42,507.81330227265397,234.38,BG-1443_P,True,26,ALLWARA
2025-07-01,491.4671950647054,5.6491817191568545,479.47,491.1861462351271,261.62,BG-1443_P,True,27,ALLWARA
2025-08-01,475.38460343717173,5.930377715897186,568.17,475.1034074404314,352.84,BG-1443_P,True,28,ALLWARA
2025-09-01,459.8299032444821,6.213020738067361,565.08,459.54726022231193,355.28,BG-1443_P,True,29,ALLWARA
2025-10-01,444.7868900680324,6.499448231935618,556.89,444.50046257416415,349.88,BG-1443_P,True,30,ALLWARA
2025-11-01,430.2369410530859,6.79005224655528,574.25,429.94633703846625,360.42,BG-1443_P,True,31,ALLWARA
2025-12-01,416.16245406169156,7.083754086303222,487.51,415.8687522219436,279.74,BG-1443_P,True,32,ALLWARA
2026-01-01,402.5451118173255,7.376760987653522,480.39,402.25210491597517,274.76,BG-1443_P,True,33,ALLWARA
2026-02-01,389.3729548082266,7.668412993455202,419.05,389.08130280242494,263.07,BG-1443_P,True,34,ALLWARA
2026-03-01,376.59368984556886,7.92035511329268,359.23,376.34174772573135,219.29,BG-1443_P,True,35,ALLWARA
2023-04-01,1651.2462520275249,0.04186840061804133,1354.04,1651.2043836269067,554.49,BG-0065_P,True,0,ALLWARA
2023-05-01,1590.863857841576,0.09077451188903972,1367.33,1590.814951730305,584.9,BG-0065_P,True,1,ALLWARA
2023-06-01,1532.6822396781129,0.13887407830236526,1370.97,1532.6341401116995,516.73,BG-0065_P,True,2,ALLWARA
2023-07-01,0.0,0.13887407830236526,0.0,0.0,0.0,BG-0065_P,True,3,ALLWARA
2023-08-01,0.0,0.13887407830236526,0.0,0.0,0.0,BG-0065_P,True,4,ALLWARA
2023-09-01,1371.0442454560362,0.6327874187227585,1425.91,1370.5503321156157,883.74,BG-0065_P,True,5,ALLWARA
2023-10-01,1320.8590677479915,1.066605544134105,1044.14,1320.4252496225802,682.23,BG-0065_P,True,6,ALLWARA
2023-11-01,1272.601340151956,1.534555928851474,982.76,1272.1333897672387,642.38,BG-0065_P,True,7,ALLWARA
2023-12-01,1226.0858240367766,2.012673794261294,1007.7,1225.6077061713668,657.25,BG-0065_P,True,8,ALLWARA
2024-01-01,1181.2662891206494,2.495358373660155,994.19,1180.7836045412505,627.66,BG-0065_P,True,9,ALLWARA
2024-02-01,1138.0852073315425,2.9817127175064657,1014.72,1137.598852987696,637.23,BG-0065_P,True,10,ALLWARA
2024-03-01,1096.480210749316,3.468427840916875,1243.62,1095.9934956259056,629.0,BG-0065_P,True,11,ALLWARA
2024-04-01,1056.396321687714,3.9549801933733915,1255.75,1055.9097693352574,618.96,BG-0065_P,True,12,ALLWARA
2024-05-01,1017.7803097215631,4.443266351504802,1295.29,1017.2920235634317,551.29,BG-0065_P,True,13,ALLWARA
2024-06-01,980.6235887966625,4.980212084634543,1102.87,980.0866430635327,456.07,BG-0065_P,True,14,ALLWARA
2024-07-01,944.745714068579,5.483952696267549,1109.8,944.241973456946,398.36,BG-0065_P,True,15,ALLWARA
2024-08-01,910.1830141030478,5.958717280735197,1090.91,909.7082495185801,414.23,BG-0065_P,True,16,ALLWARA
2024-09-01,876.8925393729502,6.413730568754001,1029.58,876.4375260849314,368.26,BG-0065_P,True,17,ALLWARA
2024-10-01,844.5624248516659,6.592543931376209,1055.64,844.3836114890437,369.62,BG-0065_P,True,18,ALLWARA
2024-11-01,813.898914808247,6.98945530967368,1023.92,813.5020034299496,366.03,BG-0065_P,True,19,ALLWARA
2024-12-01,784.2392512899141,7.478879412032491,839.61,783.7498271875553,323.09,BG-0065_P,True,20,ALLWARA
2025-01-01,755.6035913812848,7.99669469612706,667.07,755.0857760971902,266.14,BG-0065_P,True,21,ALLWARA
2025-02-01,728.0022139326525,8.528854427599693,618.48,727.4700542011798,229.81,BG-0065_P,True,22,ALLWARA
2025-03-01,701.400621173514,9.065154603295975,724.46,700.8643209978177,291.48,BG-0065_P,True,23,ALLWARA
2025-04-01,675.7706513903255,9.604167782587842,1159.64,675.2316382110337,520.01,BG-0065_P,True,24,ALLWARA
2025-05-01,651.0770474047205,10.144796680457304,1198.27,650.536418506851,552.11,BG-0065_P,True,25,ALLWARA
2025-06-01,627.2865978315704,10.687018426592312,1017.62,626.7443760854353,322.79,BG-0065_P,True,26,ALLWARA
2025-07-01,604.3623028511281,11.226842197581327,744.89,603.8224790801391,68.57,BG-0065_P,True,27,ALLWARA
2025-08-01,582.2095566093302,11.697495109459037,500.26,581.7389036974525,164.21,BG-0065_P,True,28,ALLWARA
2025-09-01,560.9344552667176,12.168960341983151,452.06,560.4629900341935,151.69,BG-0065_P,True,29,ALLWARA
2025-10-01,0.0,12.168960341983151,0.0,0.0,0.0,BG-0065_P,True,30,ALLWARA
2025-11-01,0.0,12.168960341983151,0.0,0.0,0.0,BG-0065_P,True,31,ALLWARA
2025-12-01,501.4399775599133,12.417742282378127,431.38,501.19119561951834,310.79,BG-0065_P,True,32,ALLWARA
2026-01-01,483.16986621144935,12.726458430850155,426.67,482.86115006297734,307.31,BG-0065_P,True,33,ALLWARA
2026-02-01,465.5279538151574,13.052923716385042,445.02,465.2014885296225,314.47,BG-0065_P,True,34,ALLWARA
2026-03-01,448.46046799927535,13.325698624280301,528.34,448.1876930913801,315.31,BG-0065_P,True,35,ALLWARA
2023-04-01,0.0,0.0,0.0,0.0,0.0,BG-2049_P,True,0,ALLWARA
2023-05-01,0.0,0.0,0.0,0.0,0.0,BG-2049_P,True,1,ALLWARA
2023-06-01,0.0,0.0,0.0,0.0,0.0,BG-2049_P,True,2,ALLWARA
2023-07-01,0.0,0.0,0.0,0.0,0.0,BG-2049_P,True,3,ALLWARA
2023-08-01,0.0,0.0,0.0,0.0,0.0,BG-2049_P,True,4,ALLWARA
2023-09-01,0.0,0.0,0.0,0.0,0.0,BG-2049_P,True,5,ALLWARA
2023-10-01,0.0,0.0,0.0,0.0,0.0,BG-2049_P,True,6,ALLWARA
2023-11-01,812.664071488884,812.664071488884,2427.27,0.0,0.0,BG-2049_P,True,7,ALLWARA
2023-12-01,815.9008620033928,1628.5649334922769,2499.8,0.0,0.0,BG-2049_P,True,8,ALLWARA
2024-01-01,926.1481671444678,2554.7131006367445,2291.25,0.0,294.76,BG-2049_P,True,9,ALLWARA
2024-02-01,956.5407960890834,3511.253896725828,2237.64,0.0,453.51,BG-2049_P,True,10,ALLWARA
2024-03-01,976.1427290018354,4487.396625727663,2522.03,0.0,25.03,BG-2049_P,True,11,ALLWARA
2024-04-01,984.5762436961752,5471.972869423838,2441.97,0.0,7.07,BG-2049_P,True,12,ALLWARA
2024-05-01,1430.627560810857,6902.6004302346955,2202.31,0.0,32.48,BG-2049_P,True,13,ALLWARA
2024-06-01,1418.0222450992678,8320.622675333963,2016.46,0.0,30.98,BG-2049_P,True,14,ALLWARA
2024-07-01,1222.594231832932,9543.216907166896,2005.61,0.0,39.35,BG-2049_P,True,15,ALLWARA
2024-08-01,1340.3736702412089,10883.590577408104,2016.11,0.0,95.6,BG-2049_P,True,16,ALLWARA
2024-09-01,1435.8646187897004,12319.455196197805,2134.69,0.0,77.62,BG-2049_P,True,17,ALLWARA
2024-10-01,1688.3200551294171,14007.775251327223,2255.61,0.0,15.25,BG-2049_P,True,18,ALLWARA
2024-11-01,2140.7160897590634,16148.491341086286,2163.52,0.0,15.1,BG-2049_P,True,19,ALLWARA
2024-12-01,2204.634757631346,18353.126098717632,1956.47,0.0,122.77,BG-2049_P,True,20,ALLWARA
2025-01-01,1955.4609368751842,20308.587035592816,1882.63,0.0,130.57,BG-2049_P,True,21,ALLWARA
2025-02-01,2340.8424884070223,22649.42952399984,1646.09,0.0,141.16,BG-2049_P,True,22,ALLWARA
2025-03-01,2571.544892292324,25220.974416292163,1637.04,0.0,143.07,BG-2049_P,True,23,ALLWARA
2025-04-01,0.0,25220.974416292163,0.0,0.0,0.0,BG-2049_P,True,24,ALLWARA
2025-05-01,2105.643704303081,27326.618120595245,1602.24,0.0,224.02,BG-2049_P,True,25,ALLWARA
2025-06-01,2454.6676068936517,29781.285727488896,2181.12,0.0,407.45,BG-2049_P,True,26,ALLWARA
2025-07-01,2648.6415329242004,32429.927260413097,2524.4,0.0,311.98,BG-2049_P,True,27,ALLWARA
2025-08-01,2604.1356084701356,35034.06286888323,2564.98,0.0,321.44,BG-2049_P,True,28,ALLWARA
2025-09-01,2378.396529992159,37412.45939887539,2509.62,0.0,323.68,BG-2049_P,True,29,ALLWARA
2025-10-01,1927.8664501506587,39340.32584902605,2475.8,0.0,318.78,BG-2049_P,True,30,ALLWARA
2025-11-01,1761.6311408855706,41101.95698991162,2479.34,0.0,687.7,BG-2049_P,True,31,ALLWARA
2025-12-01,2156.4402770244355,43258.39726693605,2136.79,0.0,835.57,BG-2049_P,True,32,ALLWARA
2026-01-01,2376.5294816413457,45634.926748577396,1936.13,0.0,1016.42,BG-2049_P,True,33,ALLWARA
2026-02-01,2506.0833859509626,48141.01013452836,2046.08,0.0,1040.08,BG-2049_P,True,34,ALLWARA
2026-03-01,1860.665097158071,50001.67523168643,2101.74,0.0,1065.09,BG-2049_P,True,35,ALLWARA
2023-04-01,990.8741680184048,195.69263836727364,612.31,795.1815296511312,193.59,BG-1442_P,True,0,ALLWARA
2023-05-01,1026.9524976149655,486.23898922790795,613.91,736.4061467543312,204.19,BG-1442_P,True,1,ALLWARA
2023-06-01,1011.6521679158225,815.9160448502126,608.14,681.9751122935178,199.76,BG-1442_P,True,2,ALLWARA
2023-07-01,970.7795359866388,1155.1282645703936,582.88,631.5673162664579,241.35,BG-1442_P,True,3,ALLWARA
2023-08-01,1050.3827236608718,1620.6256049002359,588.96,584.8853833310294,244.44,BG-1442_P,True,4,ALLWARA
2023-09-01,1117.500659327095,2196.4723457557848,1067.0,541.6539184715463,492.91,BG-1442_P,True,5,ALLWARA
2023-10-01,1163.793145931352,2858.647609351496,1798.08,501.6178823356408,932.54,BG-1442_P,True,6,ALLWARA
2023-11-01,1146.8110456650345,3540.917568359349,1837.95,464.5410866571819,937.04,BG-1442_P,True,7,ALLWARA
2023-12-01,1172.983011381516,4283.695778851727,1623.54,430.2048008891381,731.12,BG-1442_P,True,8,ALLWARA
2024-01-01,1197.0899666302564,5082.379283655618,1518.85,398.40646182636567,664.48,BG-1442_P,True,9,ALLWARA
2024-02-01,1212.2189238227977,5925.639728872532,1477.77,368.9584786058833,657.64,BG-1442_P,True,10,ALLWARA
2024-03-01,1211.8866420338204,6795.839244871492,1626.64,341.68712603485994,766.57,BG-1442_P,True,11,ALLWARA
2024-04-01,1211.8186527179382,7691.226377871806,1632.59,316.4315197176245,787.94,BG-1442_P,True,12,ALLWARA
2024-05-01,1210.3500522609518,8608.533763197189,1956.54,293.0426669355693,833.37,BG-1442_P,True,13,ALLWARA
2024-06-01,1212.6727050648879,9549.82388058136,1897.03,271.3825876807178,803.32,BG-1442_P,True,14,ALLWARA
2024-07-01,1195.994570582619,10494.494950506392,1880.31,251.32350065758658,803.0,BG-1442_P,True,15,ALLWARA
2024-08-01,1136.7157895574119,11398.463670612555,1852.2,232.74706945124987,816.27,BG-1442_P,True,16,ALLWARA
2024-09-01,1089.545162859161,12272.46512905726,1919.99,215.543704414455,841.45,BG-1442_P,True,17,ALLWARA
2024-10-01,1050.28958509787,13123.142797999782,2008.94,199.61191615534847,880.21,BG-1442_P,True,18,ALLWARA
2024-11-01,1018.4812631311955,13956.766344319196,1814.15,184.8577168117824,596.13,BG-1442_P,True,19,ALLWARA
2024-12-01,0.0,13956.766344319196,0.0,0.0,0.0,BG-1442_P,True,20,ALLWARA
2025-01-01,0.0,13956.766344319196,0.0,0.0,0.0,BG-1442_P,True,21,ALLWARA
2025-02-01,0.0,13956.766344319196,0.0,0.0,0.0,BG-1442_P,True,22,ALLWARA
2025-03-01,937.6204868577116,14758.417153150565,1224.38,135.9696780263417,1119.9,BG-1442_P,True,23,ALLWARA
2025-04-01,925.4051946725633,15557.902789914466,1094.15,125.91955790866363,1015.58,BG-1442_P,True,24,ALLWARA
2025-05-01,914.6863204123617,16355.976823719504,1149.69,116.6122866073238,1069.66,BG-1442_P,True,25,ALLWARA
2025-06-01,0.0,16355.976823719504,0.0,0.0,0.0,BG-1442_P,True,26,ALLWARA
2025-07-01,0.0,16355.976823719504,0.0,0.0,0.0,BG-1442_P,True,27,ALLWARA
2025-08-01,0.0,16355.976823719504,0.0,0.0,0.0,BG-1442_P,True,28,ALLWARA
2025-09-01,0.0,16355.976823719504,0.0,0.0,0.0,BG-1442_P,True,29,ALLWARA
2025-10-01,0.0,16355.976823719504,0.0,0.0,0.0,BG-1442_P,True,30,ALLWARA
2025-11-01,0.0,16355.976823719504,0.0,0.0,0.0,BG-1442_P,True,31,ALLWARA
2025-12-01,0.0,16355.976823719504,0.0,0.0,0.0,BG-1442_P,True,32,ALLWARA
2026-01-01,0.0,16355.976823719504,0.0,0.0,0.0,BG-1442_P,True,33,ALLWARA
2026-02-01,0.0,16355.976823719504,0.0,0.0,0.0,BG-1442_P,True,34,ALLWARA
2026-03-01,0.0,16355.976823719504,0.0,0.0,0.0,BG-1442_P,True,35,ALLWARA
2023-04-01,856.6730321440161,0.0025316156804123724,633.69,856.6705005283358,145.19,BG-0991_P,True,0,ALLWARA
2023-05-01,834.2327058957775,0.007255977600354628,631.15,834.2279815338576,153.14,BG-0991_P,True,1,ALLWARA
2023-06-01,812.3800966815553,0.013955016948691588,612.74,812.373397642207,145.34,BG-0991_P,True,2,ALLWARA
2023-07-01,791.1042871449214,0.02689566529024037,534.03,791.0913464965798,124.14,BG-0991_P,True,3,ALLWARA
2023-08-01,770.385572434687,0.04563885847651648,539.13,770.3668292415007,125.71,BG-0991_P,True,4,ALLWARA
2023-09-01,750.2095870451119,0.0699859514419249,539.75,750.1852399521465,124.92,BG-0991_P,True,5,ALLWARA
2023-10-01,730.5611752764765,0.0988058873230736,540.51,730.5323553405954,127.22,BG-0991_P,True,6,ALLWARA
2023-11-01,711.4276267459081,0.1321079014883998,557.94,711.3943247317428,127.82,BG-0991_P,True,7,ALLWARA
2023-12-01,692.7952958443641,0.1697434440272177,581.84,692.7576603018252,78.45,BG-0991_P,True,8,ALLWARA
2024-01-01,674.6510415377297,0.21155740909121576,559.21,674.6092275726658,51.42,BG-0991_P,True,9,ALLWARA
2024-02-01,656.9820123206274,0.2573335747712498,559.64,656.9362361549473,52.9,BG-0991_P,True,10,ALLWARA
2024-03-01,639.7756902113334,0.3067930521165526,595.31,639.7262307339881,51.88,BG-0991_P,True,11,ALLWARA
2024-04-01,623.0200555008164,0.3597662612677207,577.51,622.9670822916652,104.12,BG-0991_P,True,12,ALLWARA
2024-05-01,606.7033052779981,0.4160919809652326,642.57,606.6469795583006,93.01,BG-0991_P,True,13,ALLWARA
2024-06-01,590.8147989183071,0.47647021078622526,619.32,590.7544206884861,89.0,BG-0991_P,True,14,ALLWARA
2024-07-01,575.3415490403593,0.539814096165711,612.25,575.2782051549798,100.53,BG-0991_P,True,15,ALLWARA
2024-08-01,560.2734094840107,0.6057977252162074,593.81,560.2074258549602,89.58,BG-0991_P,True,16,ALLWARA
2024-09-01,545.5999091619174,0.6742454640570998,613.5,545.5314614230765,101.93,BG-0991_P,True,17,ALLWARA
2024-10-01,531.3086310253119,0.7429077434910488,698.88,531.239968745878,112.05,BG-0991_P,True,18,ALLWARA
2024-11-01,517.394246588639,0.8142786597879677,843.77,517.3228756723421,127.68,BG-0991_P,True,19,ALLWARA
2024-12-01,503.8445404072764,0.888445151692285,781.1,503.7703739153721,127.5,BG-0991_P,True,20,ALLWARA
2025-01-01,490.64971780365346,0.9652508160922428,713.61,490.5729121392535,116.13,BG-0991_P,True,21,ALLWARA
2025-02-01,477.80063071835514,1.044692306245113,511.05,477.72118922820226,80.09,BG-0991_P,True,22,ALLWARA
2025-03-01,465.28809932191064,1.1266438968959815,506.87,465.20614773125976,81.26,BG-0991_P,True,23,ALLWARA
2025-04-01,453.1033144869444,1.2109909049272276,457.5,453.0189674789131,66.72,BG-0991_P,True,24,ALLWARA
2025-05-01,441.2376738447172,1.2976053826998581,453.0,441.1510593669446,67.93,BG-0991_P,True,25,ALLWARA
2025-06-01,429.6828362068994,1.3863822864724444,448.06,429.5940593031268,64.39,BG-0991_P,True,26,ALLWARA
2025-07-01,418.430601454471,1.4771614284442294,443.4,418.3398223124992,66.96,BG-0991_P,True,27,ALLWARA
2025-08-01,407.4734521355877,1.5701967669609052,810.39,407.380416797071,138.0,BG-0991_P,True,28,ALLWARA
2025-09-01,396.8036064137677,1.6656842348245848,795.81,396.708118945904,139.3,BG-0991_P,True,29,ALLWARA
2025-10-01,386.4135753575272,1.7638523007142402,784.96,386.31540729163754,137.18,BG-0991_P,True,30,ALLWARA
2025-11-01,376.2940633499653,1.8629582410622547,791.37,376.1949574096173,139.12,BG-0991_P,True,31,ALLWARA
2025-12-01,366.43959114499415,1.9629126301622086,495.42,366.3396367558942,108.48,BG-0991_P,True,32,ALLWARA
2026-01-01,356.8438196200335,2.064232609743048,490.17,356.74249964045265,107.25,BG-0991_P,True,33,ALLWARA
2026-02-01,347.4993924901835,2.166842767798204,577.87,347.39678233212834,119.7,BG-0991_P,True,34,ALLWARA
2026-03-01,338.3979789911443,2.2689234671787264,632.98,338.2958982917638,130.27,BG-0991_P,True,35,ALLWARA
2023-04-01,0.0,0.0,0.0,0.0,0.0,BG-2050_P,True,0,ALLWARA
2023-05-01,0.0,0.0,0.0,0.0,0.0,BG-2050_P,True,1,ALLWARA
2023-06-01,0.0,0.0,0.0,0.0,0.0,BG-2050_P,True,2,ALLWARA
2023-07-01,0.0,0.0,0.0,0.0,0.0,BG-2050_P,True,3,ALLWARA
2023-08-01,0.0,0.0,0.0,0.0,0.0,BG-2050_P,True,4,ALLWARA
2023-09-01,0.0,0.0,0.0,0.0,0.0,BG-2050_P,True,5,ALLWARA
2023-10-01,0.0,0.0,0.0,0.0,0.0,BG-2050_P,True,6,ALLWARA
2023-11-01,15.991710812112782,15.991710812112782,973.15,0.0,113.54,BG-2050_P,True,7,ALLWARA
2023-12-01,16.0634624921908,32.05517330430358,923.5,0.0,594.99,BG-2050_P,True,8,ALLWARA
2024-01-01,19.384130702634177,51.43930400693776,791.45,0.0,536.26,BG-2050_P,True,9,ALLWARA
2024-02-01,19.488549822595612,70.92785382953338,814.85,0.0,529.76,BG-2050_P,True,10,ALLWARA
2024-03-01,19.59897799869879,90.52683182823216,920.43,0.0,600.43,BG-2050_P,True,11,ALLWARA
2024-04-01,19.55571610416313,110.0825479323953,919.56,0.0,679.9,BG-2050_P,True,12,ALLWARA
2024-05-01,744.3622553575639,854.4448032899592,1085.05,0.0,816.1,BG-2050_P,True,13,ALLWARA
2024-06-01,438.13765000537296,1292.582453295332,1044.43,0.0,787.05,BG-2050_P,True,14,ALLWARA
2024-07-01,153.15106291768825,1445.7335162130203,1033.13,0.0,783.32,BG-2050_P,True,15,ALLWARA
2024-08-01,701.8993200269604,2147.632836239981,1110.98,0.0,816.34,BG-2050_P,True,16,ALLWARA
2024-09-01,933.7700551496479,3081.4028913896286,1148.47,0.0,841.66,BG-2050_P,True,17,ALLWARA
2024-10-01,1008.6673013566563,4090.070192746285,1177.68,0.0,874.25,BG-2050_P,True,18,ALLWARA
2024-11-01,985.3451647408476,5075.4153574871325,981.52,0.0,821.1,BG-2050_P,True,19,ALLWARA
2024-12-01,810.733361071092,5886.148718558225,966.38,0.0,819.96,BG-2050_P,True,20,ALLWARA
2025-01-01,499.730247522975,6385.8789660812,987.42,0.0,837.89,BG-2050_P,True,21,ALLWARA
2025-02-01,874.4893930039127,7260.368359085112,960.69,0.0,868.04,BG-2050_P,True,22,ALLWARA
2025-03-01,998.5592266360483,8258.927585721161,936.39,0.0,936.39,BG-2050_P,True,23,ALLWARA
2025-04-01,405.926815305136,8664.854401026298,829.35,0.0,829.35,BG-2050_P,True,24,ALLWARA
2025-05-01,0.0,8664.854401026298,0.0,0.0,0.0,BG-2050_P,True,25,ALLWARA
2025-06-01,1001.8200872904571,9666.674488316754,1525.09,0.0,1365.55,BG-2050_P,True,26,ALLWARA
2025-07-01,0.0,9666.674488316754,0.0,0.0,0.0,BG-2050_P,True,27,ALLWARA
2025-08-01,0.0,9666.674488316754,0.0,0.0,0.0,BG-2050_P,True,28,ALLWARA
2025-09-01,0.0,9666.674488316754,0.0,0.0,0.0,BG-2050_P,True,29,ALLWARA
2025-10-01,0.0,9666.674488316754,0.0,0.0,0.0,BG-2050_P,True,30,ALLWARA
2025-11-01,2015.8713456418652,11682.545833958618,2277.21,0.0,465.88,BG-2050_P,True,31,ALLWARA
2025-12-01,2031.9596759159792,13714.505509874598,2589.22,0.0,1190.31,BG-2050_P,True,32,ALLWARA
2026-01-01,0.0,13714.505509874598,0.0,0.0,0.0,BG-2050_P,True,33,ALLWARA
2026-02-01,0.0,13714.505509874598,0.0,0.0,0.0,BG-2050_P,True,34,ALLWARA
2026-03-01,0.0,13714.505509874598,0.0,0.0,0.0,BG-2050_P,True,35,ALLWARA
2023-04-01,0.0,0.0,0.0,0.0,0.0,BG-1068_P,True,0,ALLWARA
2023-05-01,0.0,0.0,0.0,0.0,0.0,BG-1068_P,True,1,ALLWARA
2023-06-01,0.0,0.0,0.0,0.0,0.0,BG-1068_P,True,2,ALLWARA
2023-07-01,0.0,0.0,0.0,0.0,0.0,BG-1068_P,True,3,ALLWARA
2023-08-01,0.0,0.0,0.0,0.0,0.0,BG-1068_P,True,4,ALLWARA
2023-09-01,0.0,0.0,0.0,0.0,0.0,BG-1068_P,True,5,ALLWARA
2023-10-01,0.0,0.0,0.0,0.0,0.0,BG-1068_P,True,6,ALLWARA
2023-11-01,0.0,0.0,0.0,0.0,0.0,BG-1068_P,True,7,ALLWARA
2023-12-01,0.0,0.0,0.0,0.0,0.0,BG-1068_P,True,8,ALLWARA
2024-01-01,0.0,0.0,0.0,0.0,0.0,BG-1068_P,True,9,ALLWARA
2024-02-01,0.0,0.0,0.0,0.0,0.0,BG-1068_P,True,10,ALLWARA
2024-03-01,0.0,0.0,0.0,0.0,0.0,BG-1068_P,True,11,ALLWARA
2024-04-01,0.0,0.0,0.0,0.0,0.0,BG-1068_P,True,12,ALLWARA
2024-05-01,0.0,0.0,0.0,0.0,0.0,BG-1068_P,True,13,ALLWARA
2024-06-01,0.0,0.0,0.0,0.0,0.0,BG-1068_P,True,14,ALLWARA
2024-07-01,2882.000422119142,2882.000422119142,4391.42,0.0,738.52,BG-1068_P,True,15,ALLWARA
2024-08-01,2883.048444034616,5765.048866153758,5254.67,0.0,924.6,BG-1068_P,True,16,ALLWARA
2024-09-01,2884.105561269367,8649.154427423126,5401.76,0.0,877.4,BG-1068_P,True,17,ALLWARA
2024-10-01,2952.354042138988,11601.508469562114,5475.54,0.0,694.97,BG-1068_P,True,18,ALLWARA
2024-11-01,3128.284926169612,14729.793395731725,5272.78,0.0,688.21,BG-1068_P,True,19,ALLWARA
2024-12-01,3210.7234888886805,17940.516884620407,4871.26,0.0,687.19,BG-1068_P,True,20,ALLWARA
2025-01-01,3248.2893666320656,21188.806251252474,2009.77,0.0,391.35,BG-1068_P,True,21,ALLWARA
2025-02-01,3280.728321913892,24469.534573166366,2384.99,0.0,478.76,BG-1068_P,True,22,ALLWARA
2025-03-01,3312.892132565475,27782.42670573184,3084.65,0.0,673.02,BG-1068_P,True,23,ALLWARA
2025-04-01,3330.133022023734,31112.55972775557,2966.1,0.0,595.98,BG-1068_P,True,24,ALLWARA
2025-05-01,3343.8444376142156,34456.404165369786,3045.35,0.0,671.41,BG-1068_P,True,25,ALLWARA
2025-06-01,3355.5262803327632,37811.93044570255,3003.81,0.0,724.66,BG-1068_P,True,26,ALLWARA
2025-07-01,3352.9462149172364,41164.87666061979,2990.03,0.0,753.6,BG-1068_P,True,27,ALLWARA
2025-08-01,3313.3071981000394,44478.18385871983,3043.96,0.0,776.37,BG-1068_P,True,28,ALLWARA
2025-09-01,3122.600753887665,47600.784612607495,2990.58,0.0,781.62,BG-1068_P,True,29,ALLWARA
2025-10-01,3387.713659121133,50988.498271728626,3020.55,0.0,949.71,BG-1068_P,True,30,ALLWARA
2025-11-01,3487.9253923929477,54476.423664121576,3232.2,0.0,1336.53,BG-1068_P,True,31,ALLWARA
2025-12-01,3533.6696443442306,58010.0933084658,3197.52,0.0,1423.36,BG-1068_P,True,32,ALLWARA
2026-01-01,3528.207904683786,61538.30121314959,3163.58,0.0,1407.53,BG-1068_P,True,33,ALLWARA
2026-02-01,3545.054667781919,65083.355880931515,3305.9,0.0,1405.65,BG-1068_P,True,34,ALLWARA
2026-03-01,2579.8224488547353,67663.17832978626,3310.71,0.0,1385.78,BG-1068_P,True,35,ALLWARA
2023-04-01,1803.4606457909756,0.5547558960512502,1444.1,1802.9058898949243,1244.68,BG-1395_P,True,0,ALLWARA
2023-05-01,1753.0416068237766,1.3085951355885115,1507.82,1752.2877675842394,1312.71,BG-1395_P,True,1,ALLWARA
2023-06-01,1703.9265809766068,2.1443838333419776,1506.5,1703.0907922788533,1180.84,BG-1395_P,True,2,ALLWARA
2023-07-01,1655.9395012949901,2.808821065218524,1477.82,1655.2750640631136,1140.86,BG-1395_P,True,3,ALLWARA
2023-08-01,1609.6467461952107,3.653764014859558,1479.16,1608.8018032455695,1195.68,BG-1395_P,True,4,ALLWARA
2023-09-01,1564.5420197578892,4.56246486502834,1265.1,1563.6333189077204,1080.58,BG-1395_P,True,5,ALLWARA
2023-10-01,1520.7266505664209,5.556137095662593,1223.13,1519.7329783357866,1059.27,BG-1395_P,True,6,ALLWARA
2023-11-01,1477.969259664928,6.460219449884525,1234.71,1477.065177310706,1064.19,BG-1395_P,True,7,ALLWARA
2023-12-01,1436.5817362599855,7.446644477600281,1264.31,1435.5953112322698,1088.75,BG-1395_P,True,8,ALLWARA
2024-01-01,1396.3623802978354,8.519277721468955,1241.65,1395.2897470539667,1071.92,BG-1395_P,True,9,ALLWARA
2024-02-01,1357.233940779189,9.637422494873114,1272.25,1356.115796005785,1102.87,BG-1395_P,True,10,ALLWARA
2024-03-01,1319.1288452063989,10.724580618428584,1462.95,1318.0416870828433,1285.35,BG-1395_P,True,11,ALLWARA
2024-04-01,1282.1556490912926,11.843688431370804,1508.86,1281.0365412783503,1334.92,BG-1395_P,True,12,ALLWARA
2024-05-01,1246.2129974699799,12.986339361353139,1561.76,1245.0703465399974,1365.62,BG-1395_P,True,13,ALLWARA
2024-06-01,1211.3480647095444,14.220470641426422,1496.04,1210.113933429471,1306.2,BG-1395_P,True,14,ALLWARA
2024-07-01,1177.3261099630583,15.407629139139932,1473.06,1176.138951465345,1311.84,BG-1395_P,True,15,ALLWARA
2024-08-01,1144.2795276266336,16.56931063560668,1110.83,1143.1178461301668,1001.28,BG-1395_P,True,16,ALLWARA
2024-09-01,1112.1821765724649,17.727650684981754,1131.9,1111.0238365230898,1019.55,BG-1395_P,True,17,ALLWARA
2024-10-01,1080.9887900098583,18.88554705491403,1183.81,1079.830893639926,1066.25,BG-1395_P,True,18,ALLWARA
2024-11-01,1050.794999846835,20.166827638743882,1249.43,1049.5137192630052,1115.82,BG-1395_P,True,19,ALLWARA
2024-12-01,1021.3822974570933,21.501399652117225,1380.18,1020.04772544372,1223.49,BG-1395_P,True,20,ALLWARA
2025-01-01,992.7638579518818,22.85624304288367,1410.33,991.4090145611154,1250.3,BG-1395_P,True,21,ALLWARA
2025-02-01,964.9545600596448,24.236443162179192,1403.64,963.5743599403493,1240.44,BG-1395_P,True,22,ALLWARA
2025-03-01,937.9136081415505,25.62886428842037,1414.81,936.5211870153094,1253.31,BG-1395_P,True,23,ALLWARA
2025-04-01,911.6268143182743,27.028123586592493,1271.08,910.2275550201023,1112.04,BG-1395_P,True,24,ALLWARA
2025-05-01,0.0,27.028123586592493,0.0,0.0,0.0,BG-1395_P,True,25,ALLWARA
2025-06-01,0.0,27.028123586592493,0.0,0.0,0.0,BG-1395_P,True,26,ALLWARA
2025-07-01,0.0,27.028123586592493,0.0,0.0,0.0,BG-1395_P,True,27,ALLWARA
2025-08-01,0.0,27.028123586592493,0.0,0.0,0.0,BG-1395_P,True,28,ALLWARA
2025-09-01,0.0,27.028123586592493,0.0,0.0,0.0,BG-1395_P,True,29,ALLWARA
2025-10-01,0.0,27.028123586592493,0.0,0.0,0.0,BG-1395_P,True,30,ALLWARA
2025-11-01,0.0,27.028123586592493,0.0,0.0,0.0,BG-1395_P,True,31,ALLWARA
2025-12-01,0.0,27.028123586592493,0.0,0.0,0.0,BG-1395_P,True,32,ALLWARA
2026-01-01,0.0,27.028123586592493,0.0,0.0,0.0,BG-1395_P,True,33,ALLWARA
2026-02-01,0.0,27.028123586592493,0.0,0.0,0.0,BG-1395_P,True,34,ALLWARA
2026-03-01,0.0,27.028123586592493,0.0,0.0,0.0,BG-1395_P,True,35,ALLWARA
2023-04-01,0.0,0.0,0.0,0.0,0.0,BG-0990_P,True,0,ALLWARA
2023-05-01,0.0,0.0,0.0,0.0,0.0,BG-0990_P,True,1,ALLWARA
2023-06-01,0.0,0.0,0.0,0.0,0.0,BG-0990_P,True,2,ALLWARA
2023-07-01,0.0,0.0,0.0,0.0,0.0,BG-0990_P,True,3,ALLWARA
2023-08-01,0.0,0.0,0.0,0.0,0.0,BG-0990_P,True,4,ALLWARA
2023-09-01,0.0,0.0,0.0,0.0,0.0,BG-0990_P,True,5,ALLWARA
2023-10-01,0.0,0.0,0.0,0.0,0.0,BG-0990_P,True,6,ALLWARA
2023-11-01,0.0,0.0,0.0,0.0,0.0,BG-0990_P,True,7,ALLWARA
2023-12-01,0.0,0.0,0.0,0.0,0.0,BG-0990_P,True,8,ALLWARA
2024-01-01,0.0,0.0,0.0,0.0,0.0,BG-0990_P,True,9,ALLWARA
2024-02-01,0.0,0.0,0.0,0.0,0.0,BG-0990_P,True,10,ALLWARA
2024-03-01,0.0,0.0,0.0,0.0,0.0,BG-0990_P,True,11,ALLWARA
2024-04-01,0.0,0.0,0.0,0.0,0.0,BG-0990_P,True,12,ALLWARA
2024-05-01,0.0,0.0,0.0,0.0,0.0,BG-0990_P,True,13,ALLWARA
2024-06-01,0.0,0.0,0.0,0.0,0.0,BG-0990_P,True,14,ALLWARA
2024-07-01,0.0,0.0,0.0,0.0,0.0,BG-0990_P,True,15,ALLWARA
2024-08-01,0.0,0.0,0.0,0.0,0.0,BG-0990_P,True,16,ALLWARA
2024-09-01,0.0,0.0,0.0,0.0,0.0,BG-0990_P,True,17,ALLWARA
2024-10-01,0.0,0.0,0.0,0.0,0.0,BG-0990_P,True,18,ALLWARA
2024-11-01,0.0,0.0,0.0,0.0,0.0,BG-0990_P,True,19,ALLWARA
2024-12-01,0.0,0.0,0.0,0.0,0.0,BG-0990_P,True,20,ALLWARA
2025-01-01,0.11756644867616392,0.11756644867616392,958.99,0.0,95.84,BG-0990_P,True,21,ALLWARA
2025-02-01,0.11793872133217552,0.23550517000833943,903.39,0.0,96.11,BG-0990_P,True,22,ALLWARA
2025-03-01,0.11838694660488015,0.35389211661321957,882.88,0.0,97.61,BG-0990_P,True,23,ALLWARA
2025-04-01,0.1187998461793502,0.47269196279256975,649.57,0.0,75.21,BG-0990_P,True,24,ALLWARA
2025-05-01,0.1191408490770487,0.5918328118696184,680.5,0.0,73.28,BG-0990_P,True,25,ALLWARA
2025-06-01,0.11949011356837104,0.7113229254379895,680.64,0.0,70.82,BG-0990_P,True,26,ALLWARA
2025-07-01,0.11915311162474966,0.8304760370627391,672.21,0.0,73.37,BG-0990_P,True,27,ALLWARA
2025-08-01,0.11638312478271913,0.9468591618454583,687.1,0.0,75.37,BG-0990_P,True,28,ALLWARA
2025-09-01,0.11611684964088481,1.0629760114863431,691.28,0.0,79.22,BG-0990_P,True,29,ALLWARA
2025-10-01,0.11645212419346221,1.1794281356798053,699.77,0.0,80.05,BG-0990_P,True,30,ALLWARA
2025-11-01,0.11617251603980834,1.2956006517196137,737.18,0.0,81.38,BG-0990_P,True,31,ALLWARA
2025-12-01,0.1156215039285602,1.4112221556481739,695.83,0.0,91.54,BG-0990_P,True,32,ALLWARA
2026-01-01,0.11401724752087758,1.5252394031690515,684.58,0.0,93.62,BG-0990_P,True,33,ALLWARA
2026-02-01,0.1122146642493993,1.6374540674184508,671.78,0.0,119.16,BG-0990_P,True,34,ALLWARA
2026-03-01,0.10496876633824637,1.7424228337566972,700.03,0.0,126.01,BG-0990_P,True,35,ALLWARA
2023-04-01,0.0,0.0,0.0,0.0,0.0,BG-2045_P,True,0,ALLWARA
2023-05-01,0.0,0.0,0.0,0.0,0.0,BG-2045_P,True,1,ALLWARA
2023-06-01,0.0,0.0,0.0,0.0,0.0,BG-2045_P,True,2,ALLWARA
2023-07-01,1359.5050398286637,1359.5050398286637,2878.07,0.0,793.29,BG-2045_P,True,3,ALLWARA
2023-08-01,1390.1607503648008,2749.6657901934645,2285.46,0.0,478.59,BG-2045_P,True,4,ALLWARA
2023-09-01,1419.0195050611253,4168.68529525459,1804.53,0.0,357.29,BG-2045_P,True,5,ALLWARA
2023-10-01,1441.1644290391332,5609.849724293723,2276.69,0.0,458.78,BG-2045_P,True,6,ALLWARA
2023-11-01,1265.0865475065657,6874.9362718002885,2403.29,0.0,470.81,BG-2045_P,True,7,ALLWARA
2023-12-01,1361.5635698146043,8236.499841614892,1833.35,0.0,563.24,BG-2045_P,True,8,ALLWARA
2024-01-01,1416.9855656702887,9653.485407285181,1453.48,0.0,597.24,BG-2045_P,True,9,ALLWARA
2024-02-01,1441.7078834214788,11095.19329070666,1468.9,0.0,615.32,BG-2045_P,True,10,ALLWARA
2024-03-01,1455.3442644619827,12550.537555168643,1611.8,0.0,718.41,BG-2045_P,True,11,ALLWARA
2024-04-01,1439.1675716093946,13989.705126778037,1599.61,0.0,732.62,BG-2045_P,True,12,ALLWARA
2024-05-01,1462.7409069832597,15452.446033761296,1166.14,0.0,575.22,BG-2045_P,True,13,ALLWARA
2024-06-01,1569.8151538794666,17022.261187640765,1120.1,0.0,552.38,BG-2045_P,True,14,ALLWARA
2024-07-01,1506.055077664218,18528.316265304984,1109.86,0.0,549.76,BG-2045_P,True,15,ALLWARA
2024-08-01,1479.957654430795,20008.27391973578,957.25,0.0,482.48,BG-2045_P,True,16,ALLWARA
2024-09-01,1469.8347564991582,21478.108676234937,984.3,0.0,500.64,BG-2045_P,True,17,ALLWARA
2024-10-01,1441.006701419157,22919.115377654092,1029.02,0.0,523.27,BG-2045_P,True,18,ALLWARA
2024-11-01,1405.8551725246346,24324.97055017873,2723.29,0.0,1481.14,BG-2045_P,True,19,ALLWARA
2024-12-01,1390.8233106650057,25715.793860843733,2658.56,0.0,1539.52,BG-2045_P,True,20,ALLWARA
2025-01-01,1381.8454062982164,27097.63926714195,2488.51,0.0,1389.67,BG-2045_P,True,21,ALLWARA
2025-02-01,1393.7563095529579,28491.395576694908,1932.1,0.0,1019.02,BG-2045_P,True,22,ALLWARA
2025-03-01,1405.2107007552459,29896.606277450155,1280.49,0.0,725.84,BG-2045_P,True,23,ALLWARA
2025-04-01,1410.5803606272477,31307.186638077404,1202.6,0.0,674.44,BG-2045_P,True,24,ALLWARA
2025-05-01,1413.4291354352806,32720.615773512684,1419.96,0.0,814.48,BG-2045_P,True,25,ALLWARA
2025-06-01,1415.2337520561782,34135.84952556886,1375.27,0.0,772.01,BG-2045_P,True,26,ALLWARA
2025-07-01,1407.1791176450756,35543.02864321394,1394.71,0.0,802.79,BG-2045_P,True,27,ALLWARA
2025-08-01,1257.5658318583457,36800.594475072285,1427.39,0.0,827.14,BG-2045_P,True,28,ALLWARA
2025-09-01,1245.9379452405385,38046.532420312826,1154.74,0.0,662.08,BG-2045_P,True,29,ALLWARA
2025-10-01,1260.8308494145533,39307.36326972738,1138.29,0.0,652.11,BG-2045_P,True,30,ALLWARA
2025-11-01,1258.3277995609815,40565.69106928836,1173.97,0.0,671.74,BG-2045_P,True,31,ALLWARA
2025-12-01,1251.3966922784407,41817.0877615668,1477.91,0.0,975.87,BG-2045_P,True,32,ALLWARA
2026-01-01,1229.8320694222853,43046.919830989085,1590.01,0.0,1088.26,BG-2045_P,True,33,ALLWARA
2026-02-01,1232.1777737432392,44279.09760473233,1652.37,0.0,1157.06,BG-2045_P,True,34,ALLWARA
2026-03-01,880.6815746285813,45159.77917936091,1687.8,0.0,1213.21,BG-2045_P,True,35,ALLWARA
2023-04-01,1897.7684710225205,0.0175820173915337,1341.12,1897.750889005129,97.4,BG-0912_P,True,0,ALLWARA
2023-05-01,1860.1970854499295,0.0417637977780965,1282.6,1860.172903669543,121.34,BG-0912_P,True,1,ALLWARA
2023-06-01,1823.3652361844643,0.06798768418140169,1294.26,1823.3390122980609,121.48,BG-0912_P,True,2,ALLWARA
2023-07-01,1787.2555561009658,0.08906294213834857,1257.62,1787.234480843009,114.7,BG-0912_P,True,3,ALLWARA
2023-08-01,1751.8697883194047,0.11398425113845768,1203.34,1751.8448670104046,88.47,BG-0912_P,True,4,ALLWARA
2023-09-01,1717.182740780818,0.14071054910860575,948.1,1717.156014482848,29.81,BG-0912_P,True,5,ALLWARA
2023-10-01,1683.1779948133365,0.16465810564184555,915.35,1683.1540472568033,30.13,BG-0912_P,True,6,ALLWARA
2023-11-01,1649.8477402687206,0.18703428234803487,1207.39,1649.8253640920143,80.8,BG-0912_P,True,7,ALLWARA
2023-12-01,1617.1781242486347,0.2085254601559407,1380.17,1617.1566330708267,86.19,BG-0912_P,True,8,ALLWARA
2024-01-01,1585.1554802868707,0.22921948178291374,1439.71,1585.1347862652437,83.69,BG-0912_P,True,9,ALLWARA
2024-02-01,1553.7673179021363,0.24952287434011397,1529.34,1553.747014509579,92.78,BG-0912_P,True,10,ALLWARA
2024-03-01,1523.0009301004086,0.2696906981276282,1409.77,1522.9807622766211,108.52,BG-0912_P,True,11,ALLWARA
2024-04-01,1492.8437883436204,0.2897563864929425,1397.56,1492.823722655255,116.07,BG-0912_P,True,12,ALLWARA
2024-05-01,1463.2872824439016,0.31320640286187995,1535.32,1463.2638324275326,118.71,BG-0912_P,True,13,ALLWARA
2024-06-01,1434.315951336972,0.33989049660791637,1801.84,1434.2892672432258,248.02,BG-0912_P,True,14,ALLWARA
2024-07-01,1405.914969414546,0.36642302122565523,1790.77,1405.8884368899282,214.74,BG-0912_P,True,15,ALLWARA
2024-08-01,1378.0759377733032,0.3923801377133635,1886.12,1378.0499806568155,246.04,BG-0912_P,True,16,ALLWARA
2024-09-01,1350.7885080929889,0.41812544049176636,2207.11,1350.7627627902104,319.82,BG-0912_P,True,17,ALLWARA
2024-10-01,1324.0412966328597,0.443554034219872,2066.56,1324.0158680391316,283.36,BG-0912_P,True,18,ALLWARA
2024-11-01,1297.824180554289,0.46913729946009985,2172.82,1297.7985972890488,291.55,BG-0912_P,True,19,ALLWARA
2024-12-01,1272.126111693448,0.4947857108142913,2144.52,1272.1004632820936,288.4,BG-0912_P,True,20,ALLWARA
2025-01-01,1246.936795527197,0.5203948159944358,2124.43,1246.911186422017,278.15,BG-0912_P,True,21,ALLWARA
2025-02-01,1222.2465190554901,0.5462232092713739,1806.91,1222.2206906622132,255.11,BG-0912_P,True,22,ALLWARA
2025-03-01,1198.0451351649901,0.572258899093861,1792.91,1198.0190994751676,262.55,BG-0912_P,True,23,ALLWARA
2025-04-01,1174.322909803364,0.5984368007449022,1738.36,1174.296731901713,263.57,BG-0912_P,True,24,ALLWARA
2025-05-01,1151.0703309677535,0.624669089980952,1690.79,1151.0440986785175,253.56,BG-0912_P,True,25,ALLWARA
2025-06-01,1128.2782488179475,0.6510194656758097,1593.45,1128.2518984422527,242.73,BG-0912_P,True,26,ALLWARA
2025-07-01,1105.9373754638516,0.6773809206032588,1577.82,1105.9110140089242,251.47,BG-0912_P,True,27,ALLWARA
2025-08-01,1084.03553856169,0.7004107554169823,1612.94,1084.0125087268761,258.3,BG-0912_P,True,28,ALLWARA
2025-09-01,1062.5691948929837,0.7219827463892311,1470.66,1062.5476229020114,68.24,BG-0912_P,True,29,ALLWARA
2025-10-01,1041.5288947999363,0.7431072525275021,1418.18,1041.507770293798,40.12,BG-0912_P,True,30,ALLWARA
2025-11-01,1020.905389006115,0.7639615779847202,1381.6,1020.8845346806578,717.46,BG-0912_P,True,31,ALLWARA
2025-12-01,1000.6903973545682,0.7846924391880309,1548.31,1000.6696664933648,381.37,BG-0912_P,True,32,ALLWARA
2026-01-01,980.8757232703927,0.8053361944711049,1571.85,980.8550795151095,340.57,BG-0912_P,True,33,ALLWARA
2026-02-01,961.4532788527616,0.8257674003303633,1552.52,961.4328476469024,342.95,BG-0912_P,True,34,ALLWARA
2026-03-01,942.410934654591,0.8415003178916362,1617.87,942.3952017370297,353.18,BG-0912_P,True,35,ALLWARA
2023-04-01,1456.3623287873204,1375.63891735305,1740.93,80.72341143427045,346.8,BG-1922_P,True,0,ALLWARA
2023-05-01,1662.6256766787424,2960.962963773617,1729.97,77.30163025817507,365.8,BG-1922_P,True,1,ALLWARA
2023-06-01,1744.6419202967763,4631.579989254876,1721.29,74.02489481551744,355.47,BG-1922_P,True,2,ALLWARA
2023-07-01,1673.9943787236584,6234.687311209522,1388.2,70.88705676901185,280.72,BG-1922_P,True,3,ALLWARA
2023-08-01,1704.1515725412758,7870.9566553478235,1375.51,67.88222840297439,562.75,BG-1922_P,True,4,ALLWARA
2023-09-01,1676.147658463831,9482.09954223581,1508.85,65.00477157584513,687.58,BG-1922_P,True,5,ALLWARA
2023-10-01,1513.205728155844,10933.055983250653,1518.54,62.24928714100155,700.3,BG-1922_P,True,6,ALLWARA
2023-11-01,1502.703050623529,12376.14842905817,1555.5,59.61060481601241,703.74,BG-1922_P,True,7,ALLWARA
2023-12-01,1497.6982934888663,13816.762949065713,1592.99,57.083773481323604,718.23,BG-1922_P,True,8,ALLWARA
2024-01-01,1570.9975845418194,15333.096481717359,1556.31,54.6640518901724,708.7,BG-1922_P,True,9,ALLWARA
2024-02-01,1602.8326602465245,16883.582242191584,1574.54,52.34689977229891,728.95,BG-1922_P,True,10,ALLWARA
2024-03-01,1612.651732755379,18446.106005632202,1791.64,50.12796931476178,944.52,BG-1922_P,True,11,ALLWARA
2024-04-01,1602.597481580556,20000.700390208884,1827.47,48.003097003873314,1004.17,BG-1922_P,True,12,ALLWARA
2024-05-01,1605.6919540379452,21560.42404843388,2010.87,45.96829581294644,1076.22,BG-1922_P,True,13,ALLWARA
2024-06-01,1817.385792814822,23333.790093527507,1938.39,44.01974772119487,1035.43,BG-1922_P,True,14,ALLWARA
2024-07-01,1627.8161663434548,24919.452463321213,1541.17,42.15379654974939,743.2,BG-1922_P,True,15,ALLWARA
2024-08-01,1639.1559468109076,26518.241469030774,1411.27,40.366941101347834,677.91,BG-1922_P,True,16,ALLWARA
2024-09-01,1636.4226302436894,28116.008270683637,1426.81,38.65582859082648,740.22,BG-1922_P,True,17,ALLWARA
2024-10-01,1479.5979652432413,29558.58898757279,1492.88,37.01724835408608,791.36,BG-1922_P,True,18,ALLWARA
2024-11-01,1273.6766484829488,30796.817510232013,1685.71,35.44812582372824,1119.77,BG-1922_P,True,19,ALLWARA
2024-12-01,1245.9730072865027,32008.845000758458,1637.15,33.94551676005828,1105.35,BG-1922_P,True,20,ALLWARA
2025-01-01,1249.5948426753039,33225.933241707135,1216.53,32.50660172662989,733.34,BG-1922_P,True,21,ALLWARA
2025-02-01,1268.9410907842387,34463.74565169141,913.16,31.128680799965608,484.06,BG-1922_P,True,22,ALLWARA
2025-03-01,1270.6093963638577,35704.54587955174,915.86,29.80916850352686,490.23,BG-1922_P,True,23,ALLWARA
2025-04-01,1271.6866845752015,36947.686975170516,927.43,28.545588956427586,490.69,BG-1922_P,True,24,ALLWARA
2025-05-01,1268.2473822412692,38188.598786184,987.76,27.335571227788925,535.76,BG-1922_P,True,25,ALLWARA
2025-06-01,1271.772987262767,39434.19492855875,958.28,26.176844888017904,507.88,BG-1922_P,True,26,ALLWARA
2025-07-01,1269.5242404410344,40678.651933251116,1481.58,25.06723574866281,896.47,BG-1922_P,True,27,ALLWARA
2025-08-01,1560.7549916606747,42215.40226312894,1703.87,24.004661782851638,1025.73,BG-1922_P,True,28,ALLWARA
2025-09-01,1672.3724744509557,43864.787608361235,1693.52,22.98712921865891,1032.82,BG-1922_P,True,29,ALLWARA
2025-10-01,1696.1301699648368,45538.905049528,1669.04,22.012728798070565,1017.13,BG-1922_P,True,30,ALLWARA
2025-11-01,1708.6205445649011,47226.445961898375,1793.58,21.079632194527456,1183.97,BG-1922_P,True,31,ALLWARA
2025-12-01,1700.0029599978043,48906.26283331386,1721.74,20.186088582325436,1118.58,BG-1922_P,True,32,ALLWARA
2026-01-01,1688.0285156208622,50574.960927583285,1639.9,19.330421351434953,1026.2,BG-1922_P,True,33,ALLWARA
2026-02-01,1720.5768823703495,52277.02678499206,1721.36,18.511024961576098,1050.09,BG-1922_P,True,34,ALLWARA
2026-03-01,1366.4786623646955,53625.77908542711,1765.88,17.726361929646036,1074.62,BG-1922_P,True,35,ALLWARA
2023-04-01,0.0,0.0,0.0,0.0,0.0,BG-2046_P,True,0,ALLWARA
2023-05-01,0.0,0.0,0.0,0.0,0.0,BG-2046_P,True,1,ALLWARA
2023-06-01,0.0,0.0,0.0,0.0,0.0,BG-2046_P,True,2,ALLWARA
2023-07-01,0.0,0.0,3353.51,0.0,28.9,BG-2046_P,True,3,ALLWARA
2023-08-01,0.0,0.0,3355.5,0.0,98.79,BG-2046_P,True,4,ALLWARA
2023-09-01,0.0,0.0,3366.02,0.0,98.17,BG-2046_P,True,5,ALLWARA
2023-10-01,0.0,0.0,3355.07,0.0,99.96,BG-2046_P,True,6,ALLWARA
2023-11-01,0.0,0.0,2866.61,0.0,407.53,BG-2046_P,True,7,ALLWARA
2023-12-01,0.0,0.0,2715.03,0.0,524.11,BG-2046_P,True,8,ALLWARA
2024-01-01,0.0,0.0,2634.23,0.0,516.01,BG-2046_P,True,9,ALLWARA
2024-02-01,0.0,0.0,2644.49,0.0,530.87,BG-2046_P,True,10,ALLWARA
2024-03-01,0.0,0.0,2531.41,0.0,651.17,BG-2046_P,True,11,ALLWARA
2024-04-01,0.0,0.0,2389.58,0.0,683.29,BG-2046_P,True,12,ALLWARA
2024-05-01,924.897071245248,924.897071245248,2594.78,0.0,730.91,BG-2046_P,True,13,ALLWARA
2024-06-01,1076.7516668500148,2001.6487380952626,2408.37,0.0,667.68,BG-2046_P,True,14,ALLWARA
2024-07-01,1058.261083124766,3059.909821220029,2071.95,0.0,532.12,BG-2046_P,True,15,ALLWARA
2024-08-01,1034.5314090721029,4094.441230292132,2580.22,0.0,757.86,BG-2046_P,True,16,ALLWARA
2024-09-01,1033.138549866397,5127.579780158529,4168.78,0.0,1308.1,BG-2046_P,True,17,ALLWARA
2024-10-01,984.7165141218112,6112.29629428034,4105.03,0.0,1199.6,BG-2046_P,True,18,ALLWARA
2024-11-01,1031.9194710934635,7144.215765373803,3584.97,0.0,921.81,BG-2046_P,True,19,ALLWARA
2024-12-01,1036.9399165286552,8181.155681902458,3351.26,0.0,920.53,BG-2046_P,True,20,ALLWARA
2025-01-01,1035.380411581593,9216.536093484052,3423.18,0.0,940.66,BG-2046_P,True,21,ALLWARA
2025-02-01,1035.1138806636625,10251.649974147715,3464.16,0.0,932.8,BG-2046_P,True,22,ALLWARA
2025-03-01,1035.7276469571843,11287.377621104899,3389.53,0.0,1047.3,BG-2046_P,True,23,ALLWARA
2025-04-01,1042.2607859821478,12329.638407087046,3012.61,0.0,1275.8,BG-2046_P,True,24,ALLWARA
2025-05-01,1049.0150942162538,13378.6535013033,3108.13,0.0,1365.85,BG-2046_P,True,25,ALLWARA
2025-06-01,1062.9057880859307,14441.559289389232,3029.81,0.0,1294.31,BG-2046_P,True,26,ALLWARA
2025-07-01,1067.159180815603,15508.718470204834,3049.47,0.0,1346.22,BG-2046_P,True,27,ALLWARA
2025-08-01,1075.2197795753052,16583.938249780138,3113.94,0.0,1386.92,BG-2046_P,True,28,ALLWARA
2025-09-01,1100.8476625887133,17684.78591236885,3400.2,0.0,1515.2,BG-2046_P,True,29,ALLWARA
2025-10-01,1114.3375059208558,18799.123418289706,3352.12,0.0,1492.19,BG-2046_P,True,30,ALLWARA
2025-11-01,1114.610123497202,19913.733541786907,3437.26,0.0,1638.85,BG-2046_P,True,31,ALLWARA
2025-12-01,1119.2846471801556,21033.018188967064,3393.59,0.0,1851.21,BG-2046_P,True,32,ALLWARA
2026-01-01,1116.5532637195918,22149.571452686654,3351.85,0.0,1864.63,BG-2046_P,True,33,ALLWARA
2026-02-01,1121.0257698572648,23270.597222543918,3820.56,0.0,1949.68,BG-2046_P,True,34,ALLWARA
2026-03-01,509.9296505786218,23780.52687312254,3960.06,0.0,2087.52,BG-2046_P,True,35,ALLWARA
2023-04-01,1662.231613767629,0.30579325045771166,1814.72,1661.9258205171711,1533.42,BG-0760_P,True,0,ALLWARA
2023-05-01,1681.1991528399274,88.15075437112046,1941.29,1593.3541917192647,1456.98,BG-0760_P,True,1,ALLWARA
2023-06-01,1750.0559315401067,310.5948340902392,1698.41,1527.611851820988,1322.07,BG-0760_P,True,2,ALLWARA
2023-07-01,1791.6121988297589,637.6249695270847,1661.62,1464.5820633929134,1285.57,BG-0760_P,True,3,ALLWARA
2023-08-01,1825.01246168424,1058.4845255793748,1635.75,1404.1529056319498,1414.28,BG-0760_P,True,4,ALLWARA
2023-09-01,1837.3808299552431,1549.6482799089276,1778.97,1346.2170756256903,1061.48,BG-0760_P,True,5,ALLWARA
2023-10-01,1846.2890587960947,2105.2656408883618,1718.44,1290.6716978166605,1418.19,BG-0760_P,True,6,ALLWARA
2023-11-01,1848.6663420695645,2716.51384162979,1737.59,1237.4181413281362,1425.06,BG-0760_P,True,7,ALLWARA
2023-12-01,1849.8536447936494,3380.0056415962767,1780.01,1186.3618448271627,1458.2,BG-0760_P,True,8,ALLWARA
2024-01-01,1904.4413117459264,4147.034804728421,1733.25,1137.4121486137826,1489.66,BG-0760_P,True,9,ALLWARA
2024-02-01,1947.9865717093667,5004.539242799465,1802.53,1090.482133638323,1570.6,BG-0760_P,True,10,ALLWARA
2024-03-01,1981.088612979272,5940.139388617854,2075.37,1045.4884671608825,1823.42,BG-0760_P,True,11,ALLWARA
2024-04-01,2004.5262600189117,6942.314393857804,2121.63,1002.3512547789611,1874.2,BG-0760_P,True,12,ALLWARA
2024-05-01,0.0,6942.314393857804,0.0,0.0,0.0,BG-0760_P,True,13,ALLWARA
2024-06-01,0.0,6942.314393857804,0.0,0.0,0.0,BG-0760_P,True,14,ALLWARA
2024-07-01,0.0,6942.314393857804,0.0,0.0,0.0,BG-0760_P,True,15,ALLWARA
2024-08-01,2064.847619085483,8160.280395553333,2109.8,846.8816173899543,1889.43,BG-0760_P,True,16,ALLWARA
2024-09-01,2061.1251206713105,9409.46652454428,2200.84,811.9389916803643,1964.02,BG-0760_P,True,17,ALLWARA
2024-10-01,2054.2683712657235,10685.296785129687,2314.87,778.4381106803165,2015.91,BG-0760_P,True,18,ALLWARA
2024-11-01,2046.3982982163377,11985.37559583693,2282.66,746.3194875090949,1996.0,BG-0760_P,True,19,ALLWARA
2024-12-01,2037.7459031497228,13307.595409251588,2173.03,715.526089735064,1859.87,BG-0760_P,True,20,ALLWARA
2025-01-01,2029.0285336553811,14650.620704802708,2060.42,686.0032381042603,1639.97,BG-0760_P,True,21,ALLWARA
2025-02-01,2020.195354235787,16013.117549591023,2259.01,657.6985094474729,1823.68,BG-0760_P,True,22,ALLWARA
2025-03-01,2010.363927375999,17392.919833373606,2530.07,630.5616435934156,2120.07,BG-0760_P,True,23,ALLWARA
2025-04-01,2000.2854203304769,18788.660799581394,1726.6,604.5444541226906,1490.16,BG-0760_P,True,24,ALLWARA
2025-05-01,1989.647242803028,20198.707299580346,1807.41,579.6007428040745,1583.04,BG-0760_P,True,25,ALLWARA
2025-06-01,1978.8728199407933,21621.893901959946,1723.86,555.6862175611944,1500.33,BG-0760_P,True,26,ALLWARA
2025-07-01,1965.3615708422194,23054.49705897824,1779.66,532.7584138239246,1560.31,BG-0760_P,True,27,ALLWARA
2025-08-01,1953.2769743486717,24496.99741420206,1908.75,510.77661912485223,1682.08,BG-0760_P,True,28,ALLWARA
2025-09-01,1946.0443196124816,25953.33993300762,1838.2,489.7018008069205,1629.9,BG-0760_P,True,29,ALLWARA
2025-10-01,1942.5279644386026,27426.371360732348,1810.68,469.4965367138763,1605.15,BG-0760_P,True,30,ALLWARA
2025-11-01,1935.816368964222,28912.062780956112,1887.69,450.12494874045626,1610.07,BG-0760_P,True,31,ALLWARA
2025-12-01,1929.9670437612708,30410.47718559307,1936.2,431.5526391243133,1745.32,BG-0760_P,True,32,ALLWARA
2026-01-01,1921.7379613710455,31918.468517597554,1917.49,413.7466293665609,1707.47,BG-0760_P,True,33,ALLWARA
2026-02-01,1914.3340064009312,33436.12722232601,1907.57,396.67530167247645,1655.42,BG-0760_P,True,34,ALLWARA
2026-03-01,0.0,33436.12722232601,0.0,0.0,0.0,BG-0760_P,True,35,ALLWARA
